;;ÖÐR.;PUAN;GENEL;OK.BÝR.;ÞEHÝT VE;34 YAÞ;DEPREM-;;2024-YKS;2024-YKS;;AKREDÝ-
PROGRAM;PROGRAM ADI (2);SÜRE ;TÜRÜ;KONT. ;KONT. ;GAZÝ YAK.;ÜSTÜ KADIN;ZEDE ADAY;ÖZEL KOÞUL VE ;BAÞARI;EN KÜÇÜK;TYÇ;TASYON
KODU (1);;(3);(4);(5);(6);KONT. (7);KONT. (8);KONT. (9);AÇIKLAMALAR (10);SIRASI (11);PUAN (12);(13);(14)
;ADANA ALPARSLAN TÜRKEÞ BÝLÝM VE TEKNOLOJÝ ÜNÝVERSÝTESÝ (Devlet Üniversitesi);;;;;;;;;;;;YÖKAK
;Biliþim Teknolojileri Meslek Yüksekokulu;;;;;;;;;;;;
110410279;  Arka-Yüz Yazýlým Geliþtirme;2;TYT;30;1;;1;3;320;617404;323.77339;;
110410349;  Arka-Yüz Yazýlým Geliþtirme (KKTC Uyruklu);2;TYT;1;;;;;5, 320;...;----;;
110410286;  Bulut Biliþim Operatörlüðü;2;TYT;30;1;;1;3;320;810238;305.85560;;
110410356;  Bulut Biliþim Operatörlüðü (KKTC Uyruklu);2;TYT;1;;;;;5, 320;...;----;;
110410293;  Büyük Veri Analistliði;2;TYT;30;1;;1;3;320;718022;313.94391;;
110410363;  Büyük Veri Analistliði (KKTC Uyruklu);2;TYT;1;;;;;5, 320;...;----;;
110410370;  Kurumsal Biliþim Uzmanlýðý;2;TYT;30;1;;1;3;320;...;----;;
110410300;  Ön-Yüz Yazýlým Geliþtirme;2;TYT;30;1;;1;3;320;803069;306.45284;;
110410377;  Ön-Yüz Yazýlým Geliþtirme (KKTC Uyruklu);2;TYT;1;;;;;5, 320;...;----;;
110410384;  Yapay Zeka Operatörlüðü;2;TYT;30;1;;1;3;320;...;----;;
110410391;  Yapay Zeka Operatörlüðü (KKTC Uyruklu);2;TYT;1;;;;;5, 320;...;----;;
;ADIYAMAN ÜNÝVERSÝTESÝ (Devlet Üniversitesi);;;;;;;;;;;;
;Besni Ali Erdemoðlu Meslek Yüksekokulu;;;;;;;;;;;;
100290102;  Bankacýlýk ve Sigortacýlýk;2;TYT;25;1;;1;3;;1577232;254.39332;;
100290116;  Bilgisayar Programcýlýðý;2;TYT;40;1;;1;4;;1523034;257.56269;;
100290123;  Büro Yönetimi ve Yönetici Asistanlýðý;2;TYT;35;1;;1;4;;1686122;248.07879;;
100290130;  Ýþletme Yönetimi;2;TYT;30;1;;1;3;;1787449;242.34074;;
100290137;  Mekatronik;2;TYT;30;1;;1;3;;1570298;254.79014;;
100290144;  Muhasebe ve Vergi Uygulamalarý;2;TYT;30;1;;1;3;;1741256;244.94703;;
;Gölbaþý Meslek Yüksekokulu;;;;;;;;;;;;
100290070;  Bankacýlýk ve Sigortacýlýk;2;TYT;25;1;;1;3;315;1764957;243.60914;;
100250476;  Bilgisayar Programcýlýðý;2;TYT;40;1;;1;4;315;1587959;253.75677;;
100250591;  Büro Yönetimi ve Yönetici Asistanlýðý;2;TYT;30;1;;1;3;315;1673421;248.80729;;
100290056;  Ýþ Saðlýðý ve Güvenliði;2;TYT;30;1;;1;3;315;1473925;260.47298;;
100250422;  Ýþletme Yönetimi;2;TYT;30;1;;1;3;315;1939827;233.90365;;
100250767;  Lojistik;2;TYT;30;1;;1;3;315;1862185;238.18106;;
100250388;  Muhasebe ve Vergi Uygulamalarý;2;TYT;30;1;;1;3;315;1899719;236.09907;;
100250555;  Yerel Yönetimler;2;TYT;30;1;;1;3;315;1904905;235.81419;;
;Kahta Meslek Yüksekokulu;;;;;;;;;;;;
100250713;  Bahçe Tarýmý;2;TYT;30;1;;1;3;;1915628;235.22874;;
100250652;  Bankacýlýk ve Sigortacýlýk;2;TYT;25;1;;1;3;;1653616;249.94634;;
100250485;  Bilgisayar Programcýlýðý;2;TYT;40;1;;1;4;;1469280;260.75292;;
100250194;  Harita ve Kadastro;2;TYT;30;1;;1;3;;1448392;262.01188;;
100250625;  Laborant ve Veteriner Saðlýk;2;TYT;30;1;;1;3;;1083122;285.37779;;
100250397;  Muhasebe ve Vergi Uygulamalarý;2;TYT;30;1;;1;3;;1820266;240.51226;;
100250228;  Tarla Bitkileri;2;TYT;30;1;;1;3;;1800872;241.58512;;
100250722;  Turizm ve Seyahat Hizmetleri;2;TYT;20;1;;1;2;;1790233;242.18612;;
;Saðlýk Hizmetleri Meslek Yüksekokulu;;;;;;;;;;;;
100250246;  Çocuk Geliþimi;2;TYT;30;1;;1;3;;793579;307.25637;;
100250749;  Ýlk ve Acil Yardým;2;TYT;30;1;;1;3;;396314;352.56624;;
100250731;  Optisyenlik;2;TYT;30;1;;1;3;;807494;306.08574;;
100250616;  Patoloji Laboratuvar Teknikleri;2;TYT;30;1;;1;3;;664880;318.97433;;
100250607;  Týbbi Laboratuvar Teknikleri;2;TYT;30;1;;1;3;;545896;331.72314;;
;Sosyal Bilimler Meslek Yüksekokulu;;;;;;;;;;;;
100250291;  Aþçýlýk;2;TYT;30;1;;1;3;;1052406;287.51114;;
100250697;  Dýþ Ticaret;2;TYT;30;1;;1;3;;1711752;246.62399;;
100250404;  Ýþletme Yönetimi;2;TYT;30;1;;1;3;;1706294;246.93129;;
100250034;  Kooperatifçilik;2;TYT;30;1;;1;3;;1940384;233.87426;;
100250361;  Muhasebe ve Vergi Uygulamalarý;2;TYT;30;1;;1;3;;1498839;258.99048;;
100250758;  Özel Güvenlik ve Koruma;2;TYT;30;1;;1;3;2;1129992;282.20628;;
100250079;  Pazarlama;2;TYT;30;1;;1;3;;1857939;238.41562;;
100250104;  Turizm ve Otel Ýþletmeciliði;2;TYT;25;1;;1;3;;1641478;250.63979;;
;Teknik Bilimler Meslek Yüksekokulu;;;;;;;;;;;;
100250494;  Bilgisayar Programcýlýðý;2;TYT;40;1;;1;4;;987226;292.14449;;
100250264;  Elektrik;2;TYT;30;1;;1;3;;1102085;284.09728;;
100250273;  Gýda Teknolojisi;2;TYT;30;1;;1;3;;1674961;248.71838;;
100250634;  Giyim Üretim Teknolojisi;2;TYT;30;1;;1;3;;1894869;236.36452;;
100250431;  Ýnþaat Teknolojisi;2;TYT;30;1;;1;3;;1375300;266.47299;;
100250679;  Kimya Teknolojisi;2;TYT;20;1;;1;2;;1709177;246.77040;;
100250519;  Makine;2;TYT;30;1;;1;3;;1463454;261.10286;;
100250043;  Mimari Dekoratif Sanatlar;2;TYT;30;1;;1;3;;1866925;237.92026;;
100250052;  Mobilya ve Dekorasyon;2;TYT;25;1;;1;3;;1859158;238.34811;;
100250352;  Sondaj Teknolojisi;2;TYT;25;1;;1;3;;1655505;249.83632;;
;AFYON KOCATEPE ÜNÝVERSÝTESÝ (AFYONKARAHÝSAR) (Devlet Üniversitesi);;;;;;;;;;;;YÖKAK
;Afyon Meslek Yüksekokulu;;;;;;;;;;;;
100490312;  Alternatif Enerji Kaynaklarý Teknolojisi;2;TYT;40;1;;1;;;...;----;;
100450014;  Aþçýlýk;2;TYT;60;2;;2;;;918256;297.27588;;
100450226;  Biyomedikal Cihaz Teknolojisi;2;TYT;32;1;;1;;;1096008;284.49981;;
100451772;  Büro Yönetimi ve Yönetici Asistanlýðý;2;TYT;35;1;;1;;;1202616;277.40230;;
100490179;  Çocuk Geliþimi;2;TYT;35;1;;1;;;870629;300.94791;;
100450041;  Elektrik;2;TYT;40;1;;1;;;1003149;291.00244;;
100451506;  Elektronik Teknolojisi;2;TYT;30;1;;1;;;1172501;279.35679;;
100451296;  Et ve Ürünleri Teknolojisi;2;TYT;30;1;;1;;;1957371;232.95059;;
100450077;  Gýda Teknolojisi;2;TYT;35;1;;1;;;1307391;270.69430;;
100490235;  Hibrid ve Elektrikli Taþýtlar Teknolojisi;2;TYT;40;1;;1;;;806306;306.18321;;
100490185;  Ýç Mekan Tasarýmý;2;TYT;35;1;;1;;;1084120;285.31459;;
100451445;  Ýnþaat Teknolojisi;2;TYT;40;1;;1;;;1520302;257.72129;;
100451348;  Ýþletme Yönetimi;2;TYT;35;1;;1;;;1429201;263.16257;;
100490210;  Mermer Teknolojisi;2;TYT;20;1;;1;;;1762691;243.73777;;
100451224;  Mimari Restorasyon;2;TYT;40;1;;1;;;1570726;254.76549;;
100451233;  Muhasebe ve Vergi Uygulamalarý;2;TYT;30;1;;1;;;1280675;272.36822;;
100450138;  Pazarlama;2;TYT;30;1;;1;;;1534294;256.89667;;
100452028;  Raylý Sistemler Yol Teknolojisi;2;TYT;40;1;;1;;6;1130699;282.15821;;
100450174;  Turizm ve Otel Ýþletmeciliði;2;TYT;30;1;;1;;;1486760;259.71504;;
100450183;  Yerel Yönetimler;2;TYT;60;2;;2;;;1677893;248.55115;;
;Baþmakçý Meslek Yüksekokulu;;;;;;;;;;;;
100451145;  Bankacýlýk ve Sigortacýlýk;2;TYT;25;1;;1;;326;1777108;242.93164;;
100490208;  Dýþ Ticaret;2;TYT;20;1;;1;;326;1837361;239.55685;;
;Bayat Meslek Yüksekokulu;;;;;;;;;;;;
100451499;  Ýnsan Kaynaklarý Yönetimi;2;TYT;30;1;;1;;;1750990;244.39954;;
100451948;  Laborant ve Veteriner Saðlýk;2;TYT;55;2;;2;;;1255001;274.00856;;
;Biliþim Teknolojileri Meslek Yüksekokulu;;;;;;;;;;;;
100490319;  Büyük Veri Analistliði;2;TYT;30;1;;1;;320;...;----;;
100490326;  Oyun Geliþtirme ve Programlama;2;TYT;30;1;;1;;320;...;----;;
;Bolvadin Meslek Yüksekokulu;;;;;;;;;;;;
100450305;  Bankacýlýk ve Sigortacýlýk;2;TYT;25;1;;1;;;1681804;248.32349;;
100450465;  Bilgisayar Programcýlýðý;2;TYT;60;2;;2;;;1281224;272.33529;;
100451781;  Büro Yönetimi ve Yönetici Asistanlýðý;2;TYT;20;1;;1;;;1549418;256.01141;;
100490186;  Çaðrý Merkezi Hizmetleri;2;TYT;30;1;;1;;;1633285;251.11607;;
100450332;  Dýþ Ticaret;2;TYT;20;1;;1;;;1662307;249.44649;;
100451896;  Doðalgaz ve Tesisatý Teknolojisi;2;TYT;20;1;;1;;;1709228;246.76757;;
100450359;  Elektrik;2;TYT;40;1;;1;;;1465204;260.99969;;
100450368;  Gýda Teknolojisi;2;TYT;35;1;;1;;;1815413;240.78053;;
100451454;  Ýnþaat Teknolojisi;2;TYT;30;1;;1;;;1867697;237.87790;;
100490333;  Kaynak Teknolojisi;2;TYT;40;1;;1;;;...;----;;
100451242;  Muhasebe ve Vergi Uygulamalarý;2;TYT;25;1;;1;;;1758665;243.96713;;
100490340;  Otonom Sistemler Teknikerliði;2;TYT;40;1;;1;;320;...;----;;
100490347;  Yenilenebilir Enerji Teknikerliði;2;TYT;30;1;;1;;;...;----;;
;Çay Meslek Yüksekokulu;;;;;;;;;;;;
100451093;  Çocuk Geliþimi;2;TYT;35;1;;1;;;1276766;272.61397;;
100450474;  Elektrik;2;TYT;40;1;;1;;;1558098;255.50045;;
100451303;  Kimya Teknolojisi;2;TYT;20;1;;1;;;1675869;248.66306;;
100451251;  Muhasebe ve Vergi Uygulamalarý;2;TYT;20;1;;1;;;1806617;241.27301;;
100451339;  Otomotiv Teknolojisi;2;TYT;30;1;;1;;;1575061;254.51618;;
;Dazkýrý Meslek Yüksekokulu;;;;;;;;;;;;
100451136;  Elektrik;2;TYT;40;1;;1;;;1610087;252.46728;;
100490224;  Ýnþaat Teknolojisi;2;TYT;25;1;;1;;;1908856;235.59861;;
;Dinar Meslek Yüksekokulu;;;;;;;;;;;;
100451578;  Bilgisayar Programcýlýðý;2;TYT;50;2;;2;;;1297719;271.30191;;
100490263;  Ceza Ýnfaz ve Güvenlik Hizmetleri;2;TYT;30;1;;1;;17;867217;301.20587;;
100451903;  Moda Tasarýmý;2;TYT;20;1;;1;;;1749575;244.47634;;
100451269;  Muhasebe ve Vergi Uygulamalarý;2;TYT;25;1;;1;;;1789622;242.21793;;
;Emirdað Meslek Yüksekokulu;;;;;;;;;;;;
100490188;  Aþçýlýk;2;TYT;40;1;;1;;;1158946;280.26491;;
100451763;  Bankacýlýk ve Sigortacýlýk;2;TYT;25;1;;1;;;1704429;247.03615;;
100451587;  Bilgisayar Programcýlýðý;2;TYT;50;2;;2;;;1362650;267.27287;;
100451754;  Dýþ Ticaret;2;TYT;30;1;;1;;;1820989;240.47047;;
100450589;  Harita ve Kadastro;2;TYT;30;1;;1;;;1618618;251.96494;;
100490195;  Laborant ve Veteriner Saðlýk;2;TYT;50;2;;2;;;1189323;278.26424;;
100451815;  Yapý Denetimi;2;TYT;30;1;;1;;;1911016;235.48164;;
;Ýscehisar Meslek Yüksekokulu;;;;;;;;;;;;
100451824;  Ýþ Makineleri Operatörlüðü;2;TYT;25;1;;1;;;1300290;271.14285;;
100490225;  Kuyumculuk ve Taký Tasarýmý;2;TYT;30;1;;1;;;1936376;234.09240;;
100490198;  Makine Resim ve Konstrüksiyonu;2;TYT;30;1;;1;;;1677563;248.57060;;
100490205;  Mermer Teknolojisi;2;TYT;20;1;;1;;;1918813;235.05209;;
;Sandýklý Meslek Yüksekokulu;;;;;;;;;;;;
100490354;  Akýllý Sera Teknolojileri;2;TYT;30;1;;1;;;...;----;;
100451675;  Bilgisayar Programcýlýðý;2;TYT;50;2;;2;;;1372527;266.64185;;
100452019;  Halkla Ýliþkiler ve Tanýtým;2;TYT;40;1;;1;;;1839140;239.45991;;
100450702;  Harita ve Kadastro;2;TYT;30;1;;1;;;1671356;248.92784;;
100451409;  Ýþletme Yönetimi;2;TYT;20;1;;1;;;1776708;242.95577;;
100490226;  Saðlýk Turizmi Ýþletmeciliði;2;TYT;30;1;;1;;;1682289;248.29496;;
100490361;  Tarým Makineleri ve Teknolojileri;2;TYT;30;1;;1;;;...;----;;
;Sinanpaþa Meslek Yüksekokulu;;;;;;;;;;;;
100451806;  Bilgisayar Programcýlýðý;2;TYT;50;2;;2;;;1374398;266.52870;;
100490227;  Ýnternet ve Að Teknolojileri;2;TYT;50;2;;2;;;1713855;246.50419;;
;Sultandaðý Meslek Yüksekokulu;;;;;;;;;;;;
100450783;  Bankacýlýk ve Sigortacýlýk;2;TYT;25;1;;1;;;1847976;238.96740;;
100450792;  Gýda Teknolojisi;2;TYT;30;1;;1;;;1866169;237.96166;;
100451684;  Otobüs Kaptanlýðý;2;TYT;20;1;;1;;;1914431;235.29629;;
;Þuhut Meslek Yüksekokulu;;;;;;;;;;;;
100451172;  Gýda Teknolojisi;2;TYT;35;1;;1;;;1819489;240.55413;;
100451912;  Laborant ve Veteriner Saðlýk;2;TYT;50;2;;2;;;1125748;282.48978;;
100490189;  Reklamcýlýk;2;TYT;25;1;;1;;;1801074;241.57561;;
;AFYONKARAHÝSAR SAÐLIK BÝLÝMLERÝ ÜNÝVERSÝTESÝ (Devlet Üniversitesi);;;;;;;;;;;;
;Atatürk Saðlýk Hizmetleri Meslek Yüksekokulu;;;;;;;;;;;;
112690288;  Aðýz ve Diþ Saðlýðý;2;TYT;60;2;;2;;;541189;332.27761;;
112690304;  Dijital Saðlýk Sistemleri Teknikerliði;2;TYT;30;1;;1;;;...;----;;
112690179;  Diyaliz;2;TYT;60;2;;2;;;667668;318.70224;;
112651199;  Elektronörofizyoloji;2;TYT;30;1;;1;;;763955;309.80871;;
112651621;  Fizyoterapi;2;TYT;50;2;;2;;;660189;319.43613;;
112690290;  Hasta Bakýmý;2;TYT;40;1;;1;;31;996875;291.44787;;
112690180;  Ýlk ve Acil Yardým;2;TYT;40;1;;1;;;464609;342.20316;;
112651603;  Ortopedik Protez ve Ortez;2;TYT;60;2;;2;;;760932;310.06759;;
112650262;  Týbbi Dokümantasyon ve Sekreterlik;2;TYT;30;1;;1;;;606702;324.88066;;
112690297;  Týbbi Dokümantasyon ve Sekreterlik (KKTC Uyruklu);2;TYT;1;;;;;5;;;;
112651612;  Týbbi Görüntüleme Teknikleri;2;TYT;40;1;;1;;;502396;337.11655;;
112651596;  Týbbi Laboratuvar Teknikleri;2;TYT;40;1;;1;;;608725;324.65797;;
112690289;  Týbbi ve Aromatik Bitkiler;2;TYT;30;1;;1;;;1602248;252.92145;;
112690311;  Týbbi Veri Ýþleme Teknikerliði;2;TYT;30;1;;1;;;...;----;;
112651551;  Yaþlý Bakýmý;2;TYT;60;2;;2;;;1015701;290.10693;;
;Bolvadin Saðlýk Hizmetleri Meslek Yüksekokulu;;;;;;;;;;;;
112690222;  Týbbi Dokümantasyon ve Sekreterlik;2;TYT;30;1;;1;;;684824;317.02945;;
112690318;  Týbbi Veri Ýþleme Teknikerliði;2;TYT;30;1;;1;;;...;----;;
;Þuhut Saðlýk Hizmetleri Meslek Yüksekokulu;;;;;;;;;;;;
112690220;  Ýlk ve Acil Yardým;2;TYT;30;1;;1;;;546350;331.66534;;
112690244;  Patoloji Laboratuvar Teknikleri;2;TYT;30;1;;1;;;765388;309.68129;;
112690223;  Týbbi Laboratuvar Teknikleri;2;TYT;40;1;;1;;;669336;318.53537;;
;AÐRI ÝBRAHÝM ÇEÇEN ÜNÝVERSÝTESÝ (Devlet Üniversitesi);;;;;;;;;;;;
;Doðubayazýt Ahmed-i Hani Meslek Yüksekokulu;;;;;;;;;;;;
100550243;  Aþçýlýk;2;TYT;50;2;;2;;;1581146;254.16297;;
100590081;  Çocuk Geliþimi;2;TYT;35;1;;1;;;1405940;264.59917;;
100590099;  Evde Hasta Bakýmý;2;TYT;40;1;;1;;;793257;307.28623;;
100590060;  Halýcýlýk ve Kilimcilik;2;TYT;20;1;;1;;;2017947;229.68279;;
100590082;  Ýlk ve Acil Yardým;2;TYT;40;1;;1;;;637996;321.64165;;
100590070;  Yapý Denetimi;2;TYT;20;1;;1;;;1868464;237.83740;;
;Eleþkirt Meslek Yüksekokulu;;;;;;;;;;;;
100550234;  Bankacýlýk ve Sigortacýlýk;2;TYT;25;1;;1;;;1878195;237.28920;;
100590071;  Laborant ve Veteriner Saðlýk;2;TYT;40;1;;1;;;1487832;259.64825;;
100590076;  Saðlýk Kurumlarý Ýþletmeciliði;2;TYT;35;1;;1;;;1726130;245.80965;;
;Meslek Yüksekokulu;;;;;;;;;;;;
100550031;  Bilgisayar Programcýlýðý;2;TYT;60;2;;2;;;1266087;273.29641;;
100550049;  Elektrik;2;TYT;35;1;;1;;;1492566;259.35930;;
100550155;  Geleneksel El Sanatlarý;2;TYT;25;1;;1;;;1908453;235.62070;;
100550288;  Grafik Tasarýmý;2;TYT;40;1;;1;;;1641945;250.61280;;
100550297;  Ýþ Saðlýðý ve Güvenliði;2;TYT;30;1;;1;;;1503116;258.73351;;
100550022;  Makine;2;TYT;25;1;;1;;;1692332;247.72885;;
100550013;  Mekatronik;2;TYT;30;1;;1;;;1737455;245.16271;;
100550225;  Muhasebe ve Vergi Uygulamalarý;2;TYT;30;1;;1;;;1705433;246.98109;;
100590072;  Nükleer Teknoloji ve Radyasyon Güvenliði;2;TYT;30;1;;1;;;1728519;245.66931;;
100550128;  Organik Tarým;2;TYT;30;1;;1;;;1913674;235.33724;;
100550164;  Posta Hizmetleri;2;TYT;60;2;;2;;;1906492;235.72763;;
100590089;  Yerel Yönetimler;2;TYT;30;1;;1;;;1828061;240.07994;;
;Patnos Meslek Yüksekokulu;;;;;;;;;;;;
100590065;  Bilgisayar Programcýlýðý;2;TYT;60;2;;2;;;1708686;246.79781;;
100590079;  Biyomedikal Cihaz Teknolojisi;2;TYT;30;1;;1;;;1678653;248.50987;;
100590080;  Eczane Hizmetleri;2;TYT;35;1;;1;;;978902;292.75279;;
100590066;  Ýnþaat Teknolojisi;2;TYT;30;1;;1;;;1934317;234.20362;;
100590068;  Mimari Restorasyon;2;TYT;25;1;;1;;;1925325;234.69561;;
100590062;  Optisyenlik;2;TYT;40;1;;1;;;1328198;269.40349;;
100590063;  Sivil Savunma ve Ýtfaiyecilik;2;TYT;50;2;;;;9;1364779;267.13661;;
;Saðlýk Hizmetleri Meslek Yüksekokulu;;;;;;;;;;;;
100550085;  Çocuk Geliþimi;2;TYT;35;1;;1;;;982061;292.51841;;
100550191;  Engelli Bakýmý ve Rehabilitasyon;2;TYT;50;2;;2;;;1206623;277.14388;;
100550067;  Ýlk ve Acil Yardým;2;TYT;40;1;;1;;;514686;335.53853;;
100550207;  Týbbi Laboratuvar Teknikleri;2;TYT;40;1;;1;;;670534;318.41800;;
100550137;  Yaþlý Bakýmý;2;TYT;40;1;;1;;;902200;298.49221;;
;Sivil Havacýlýk Meslek Yüksekokulu;;;;;;;;;;;;
100590069;  Sivil Hava Ulaþtýrma Ýþletmeciliði;2;TYT;35;1;;1;;10;1533606;256.93986;;
100590059;  Sivil Havacýlýk Kabin Hizmetleri;2;TYT;50;2;;2;;10;1187514;278.38115;;
;AKDENÝZ ÜNÝVERSÝTESÝ (ANTALYA) (Devlet Üniversitesi);;;;;;;;;;;;YÖKAK
;Demre Dr. Hasan Ünal Meslek Yüksekokulu;;;;;;;;;;;;
100790324;  Turist Rehberliði;2;TYT;60;2;;2;;;875747;300.53556;;
;Elmalý Meslek Yüksekokulu;;;;;;;;;;;;
100790415;  Bahçe Tarýmý;2;TYT;30;1;;1;;;1773632;243.12961;;
100790470;  Bilgisayar Programcýlýðý;2;TYT;55;2;;2;;;764663;309.74679;;
100790528;  Bilgisayar Programcýlýðý (KKTC Uyruklu);2;TYT;1;;;;;5;1038887;288.45565;;
100790651;  Elektrikli Cihaz Teknolojisi;2;TYT;40;1;;1;;;...;----;;
100751036;  Elektronik Teknolojisi;2;TYT;40;1;;1;;;1340460;268.64542;;
100750938;  Ýþletme Yönetimi;2;TYT;35;1;;1;;;1495611;259.17977;;
100750877;  Muhasebe ve Vergi Uygulamalarý;2;TYT;30;1;;1;;;1484860;259.82602;;
100751248;  Seracýlýk;2;TYT;30;1;;1;;;1827216;240.12800;;
100790325;  Sivil Savunma ve Ýtfaiyecilik;2;TYT;30;1;;;;9;788443;307.69336;;
100790658;  Tarým Makineleri ve Teknolojileri;2;TYT;35;1;;1;;;...;----;;
;Finike Meslek Yüksekokulu;;;;;;;;;;;;
100751284;  Bahçe Tarýmý;2;TYT;35;1;;1;;;1683125;248.24900;;
100750726;  Deniz ve Liman Ýþletmeciliði;2;TYT;35;1;;1;;;1031211;288.99661;;
100751275;  Dýþ Ticaret;2;TYT;40;1;;1;;;1055013;287.32783;;
100790318;  Meyve ve Sebze Ýþleme Teknolojisi;2;TYT;25;1;;1;;;1781472;242.67948;;
100750717;  Turizm ve Otel Ýþletmeciliði;2;TYT;30;1;;1;;;1124255;282.58942;;
;Göynük Mutfak Sanatlarý Meslek Yüksekokulu;;;;;;;;;;;;
100751654;  Aþçýlýk;2;TYT;70;2;;2;;;698449;315.74980;;
100751733;  Ýkram Hizmetleri;2;TYT;45;2;;2;;;1589473;253.66715;;
100790467;  Pastacýlýk ve Ekmekçilik;2;TYT;30;1;;1;;;818310;305.17527;;
;Korkuteli Meslek Yüksekokulu;;;;;;;;;;;;
100751212;  Bahçe Tarýmý;2;TYT;30;1;;1;;;1731709;245.48687;;
100790331;  Elektronik Haberleþme Teknolojisi;2;TYT;35;1;;1;;;1414906;264.03910;;
100751257;  Maliye;2;TYT;50;2;;2;;;1390760;265.53046;;
100750656;  Mantarcýlýk;2;TYT;20;1;;1;;;1751990;244.34413;;
100750886;  Muhasebe ve Vergi Uygulamalarý;2;TYT;30;1;;1;;;1511764;258.22227;;
100750814;  Pazarlama;2;TYT;25;1;;1;;;1531589;257.05762;;
100790595;  Týbbi ve Aromatik Bitkiler;2;TYT;30;1;;1;;;1555421;255.66044;;
;Kumluca Meslek Yüksekokulu;;;;;;;;;;;;
100751318;  Bahçe Tarýmý;2;TYT;40;1;;1;;;1542464;256.41876;;
100750947;  Ýþletme Yönetimi;2;TYT;35;1;;1;;;1446011;262.15750;;
100750895;  Muhasebe ve Vergi Uygulamalarý;2;TYT;30;1;;1;;;1380870;266.13444;;
100750505;  Seracýlýk;2;TYT;40;1;;1;;;1693965;247.63639;;
;Manavgat Meslek Yüksekokulu;;;;;;;;;;;;
100750674;  Aþçýlýk;2;TYT;60;2;;2;;;618956;323.61635;;
100751178;  Bilgisayar Programcýlýðý;2;TYT;60;2;;2;;;561608;329.88976;;
100790317;  Çocuk Geliþimi;2;TYT;40;1;;1;;;847775;302.76794;;
100790420;  Gýda Teknolojisi;2;TYT;35;1;;1;;;1035258;288.70783;;
100750956;  Ýþletme Yönetimi;2;TYT;35;1;;1;;;1315880;270.16225;;
100750902;  Muhasebe ve Vergi Uygulamalarý;2;TYT;30;1;;1;;;1243002;274.78179;;
100790416;  Organik Tarým;2;TYT;40;1;;1;;;1532629;256.99642;;
100750708;  Pazarlama;2;TYT;40;1;;1;;;1386981;265.76472;;
100750541;  Turizm ve Otel Ýþletmeciliði;2;TYT;30;1;;1;;;979860;292.67771;;
100751081;  Turizm ve Seyahat Hizmetleri;2;TYT;25;1;;1;;;1267326;273.22060;;
;Saðlýk Hizmetleri Meslek Yüksekokulu;;;;;;;;;;;;
100751566;  Çocuk Geliþimi;2;TYT;30;1;;1;;;585801;327.14566;;
100750029;  Diyaliz;2;TYT;70;2;;2;;;533357;333.21445;;
100751354;  Fizyoterapi;2;TYT;30;1;;1;;;423621;348.22346;;
100751309;  Ýlk ve Acil Yardým;2;TYT;40;1;;1;;;339578;362.71658;;
100751663;  Ýlk ve Acil Yardým (KKTC Uyruklu);2;TYT;1;;;;;5;1031425;288.98147;;
100790560;  Radyoterapi;2;TYT;20;1;;1;;;467764;341.75399;;
100751575;  Týbbi Dokümantasyon ve Sekreterlik;2;TYT;30;1;;1;;;445667;344.91012;;
100751196;  Týbbi Görüntüleme Teknikleri;2;TYT;40;1;;1;;;388485;353.86421;;
100751187;  Týbbi Laboratuvar Teknikleri;2;TYT;50;2;;2;;;450262;344.25499;;
100751099;  Yaþlý Bakýmý;2;TYT;65;2;;2;;;735411;312.33924;;
;Serik Gülsün-Süleyman Süral Meslek Yüksekokulu;;;;;;;;;;;;
100790477;  Çim Alan Tesisi ve Yönetimi;2;TYT;30;1;;1;;;1727822;245.71027;;
100790421;  Çocuk Geliþimi;2;TYT;35;1;;1;;;919016;297.21797;;
100750762;  Geleneksel El Sanatlarý;2;TYT;20;1;;1;;;1510052;258.32593;;
100750577;  Grafik Tasarýmý;2;TYT;60;2;;2;;;753150;310.75124;;
100751266;  Halkla Ýliþkiler ve Tanýtým;2;TYT;60;2;;2;;;1357645;267.58199;;
100750805;  Mimari Restorasyon;2;TYT;40;1;;1;;;1179004;278.93489;;
100750744;  Moda Tasarýmý;2;TYT;40;1;;1;;;1014042;290.22591;;
100751636;  Optisyenlik;2;TYT;50;2;;2;;;657021;319.74299;;
100790468;  Peyzaj ve Süs Bitkileri Yetiþtiriciliði;2;TYT;30;1;;1;;;1462142;261.18062;;
100751699;  Saðlýk Kurumlarý Ýþletmeciliði;2;TYT;35;1;;1;;;1104283;283.95189;;
100751478;  Sahne ve Dekor Tasarýmý;2;TYT;25;1;;1;;;1349511;268.08519;;
100750789;  Tekstil Teknolojisi;2;TYT;30;1;;1;;;1554331;255.72528;;
100750611;  Turizm ve Otel Ýþletmeciliði;2;TYT;30;1;;1;;;1226860;275.82641;;
;Sosyal Bilimler Meslek Yüksekokulu;;;;;;;;;;;;
100750823;  Bankacýlýk ve Sigortacýlýk;2;TYT;30;1;;1;;;777270;308.66226;;
100751521;  Çaðrý Merkezi Hizmetleri;2;TYT;80;2;;2;;;1115107;283.20628;;
100750798;  Halkla Ýliþkiler ve Tanýtým;2;TYT;80;2;;2;;;993006;291.73250;;
100750929;  Ýþletme Yönetimi;2;TYT;35;1;;1;;;920714;297.09303;;
100751645;  Medya ve Ýletiþim;2;TYT;80;2;;2;;;850342;302.56719;;
100750841;  Muhasebe ve Vergi Uygulamalarý;2;TYT;30;1;;1;;;1043152;288.15816;;
100790616;  Ofis Teknolojileri ve Veri Yönetimi;2;TYT;35;1;;1;;;...;----;;
100751681;  Özel Güvenlik ve Koruma;2;TYT;55;2;;2;;2;1064373;286.67091;;
100750108;  Pazarlama;2;TYT;30;1;;1;;;1090596;284.86786;;
100751239;  Sivil Hava Ulaþtýrma Ýþletmeciliði;2;TYT;35;1;;1;;10;561920;329.85576;;
100751557;  Sosyal Hizmetler;2;TYT;40;1;;1;;;850762;302.53107;;
100750126;  Turizm ve Otel Ýþletmeciliði;2;TYT;30;1;;1;;;723845;313.40231;;
100751381;  Turizm ve Otel Ýþletmeciliði (Uzaktan Öðretim);2;TYT;80;2;;2;;7;1259093;273.74391;;
100751063;  Turizm ve Seyahat Hizmetleri;2;TYT;30;1;;1;;;967987;293.55958;;
;Teknik Bilimler Meslek Yüksekokulu;;;;;;;;;;;;
100751142;  Bilgisayar Programcýlýðý;2;TYT;70;2;;2;;;346753;361.36201;;
100750162;  Biyomedikal Cihaz Teknolojisi;2;TYT;35;1;;1;;;742385;311.70966;;
100751584;  Coðrafi Bilgi Sistemleri;2;TYT;65;2;;2;;;1191084;278.14675;;
100750753;  Çevre Koruma ve Kontrol;2;TYT;55;2;;2;;;1161019;280.12908;;
100790466;  Doðalgaz ve Tesisatý Teknolojisi;2;TYT;45;2;;2;;;1223744;276.03108;;
100750198;  Elektrik;2;TYT;65;2;;2;;;627803;322.67670;;
100750992;  Elektronik Haberleþme Teknolojisi;2;TYT;60;2;;2;;;906911;298.12884;;
100751009;  Elektronik Teknolojisi;2;TYT;60;2;;2;;;816333;305.33739;;
100750232;  Harita ve Kadastro;2;TYT;30;1;;1;;;834848;303.81769;;
100750974;  Ýklimlendirme ve Soðutma Teknolojisi;2;TYT;45;2;;2;;;1073952;286.00454;;
100790333;  Ýklimlendirme ve Soðutma Teknolojisi (KKTC Uyruklu);2;TYT;1;;;;;5;;;;
100750965;  Ýnþaat Teknolojisi;2;TYT;40;1;;1;;;734329;312.43577;;
100751018;  Kontrol ve Otomasyon Teknolojisi;2;TYT;55;2;;2;;;834321;303.86074;;
100750277;  Makine;2;TYT;70;2;;2;;;694273;316.14410;;
100751548;  Nükleer Teknoloji ve Radyasyon Güvenliði;2;TYT;60;2;;2;;;982137;292.51307;;
100751487;  Organik Tarým;2;TYT;70;2;;2;;;1058085;287.10994;;
100750911;  Otomotiv Teknolojisi;2;TYT;30;1;;1;;;702372;315.38206;;
100790623;  Robotik ve Yapay Zeka;2;TYT;70;2;;2;;320;...;----;;
100790630;  Robotik ve Yapay Zeka (KKTC Uyruklu);2;TYT;1;;;;;5, 320;...;----;;
100750771;  Sivil Savunma ve Ýtfaiyecilik;2;TYT;70;2;;;;9;598234;325.79805;;
100790546;  Sivil Savunma ve Ýtfaiyecilik (KKTC Uyruklu);2;TYT;1;;;;;5, 9;1467173;260.87910;;
100751221;  Yapý Denetimi;2;TYT;70;2;;2;;;1044557;288.05921;;
;AKSARAY ÜNÝVERSÝTESÝ (Devlet Üniversitesi);;;;;;;;;;;;YÖKAK
;Aksaray Sosyal Bilimler Meslek Yüksekokulu;;;;;;;;;;;;
100890069;  Dýþ Ticaret;2;TYT;40;1;;1;;;1580576;254.19678;;
100850497;  Halkla Ýliþkiler ve Tanýtým;2;TYT;55;2;;2;;;1663625;249.37111;;
100850655;  Ýþ Saðlýðý ve Güvenliði;2;TYT;30;1;;1;;;1167734;279.67294;;
100850319;  Muhasebe ve Vergi Uygulamalarý;2;TYT;30;1;;1;;;1487608;259.66257;;
100890125;  Ofis Teknolojileri ve Veri Yönetimi;2;TYT;35;1;;1;;;...;----;;
100850576;  Özel Güvenlik ve Koruma;2;TYT;30;1;;1;;2;1261156;273.61813;;
100850107;  Turizm ve Otel Ýþletmeciliði;2;TYT;25;1;;1;;;1521422;257.65615;;
;Aksaray Teknik Bilimler Meslek Yüksekokulu;;;;;;;;;;;;
100890065;  Alternatif Enerji Kaynaklarý Teknolojisi;2;TYT;30;1;;1;;;1623775;251.66311;;
100850382;  Bahçe Tarýmý;2;TYT;20;1;;1;;;1831941;239.86475;;
100850452;  Bilgisayar Programcýlýðý;2;TYT;50;2;;2;;;869053;301.06722;;
100890076;  Biyomedikal Cihaz Teknolojisi;2;TYT;30;1;;1;;;1210741;276.88251;;
100850488;  Çevre Koruma ve Kontrol;2;TYT;25;1;;1;;;1693612;247.65532;;
100890068;  Doðalgaz ve Tesisatý Teknolojisi;2;TYT;30;1;;1;;;1849927;238.85959;;
100850046;  Elektrik;2;TYT;40;1;;1;;;1198429;277.66961;;
100890097;  Geleneksel Tekstillerin Korunmasý ve Restorasyonu (Sultanhaný);2;TYT;20;1;;1;;;1950077;233.34821;;
100850664;  Ýnþaat Teknolojisi (Sultanhaný);2;TYT;30;1;;1;;;1903507;235.89313;;
100850628;  Kimya Teknolojisi;2;TYT;20;1;;1;;;1540556;256.53070;;
100850055;  Makine;2;TYT;30;1;;1;;;1207911;277.06187;;
100850355;  Otomotiv Teknolojisi;2;TYT;30;1;;1;;;1272130;272.91272;;
100890111;  Peyzaj ve Süs Bitkileri Yetiþtiriciliði;2;TYT;20;1;;1;;;1958768;232.87306;;
100850301;  Süt ve Ürünleri Teknolojisi;2;TYT;20;1;;1;;;1782265;242.63405;;
100850646;  Týbbi ve Aromatik Bitkiler;2;TYT;20;1;;1;;;1819583;240.54927;;
;Eskil Meslek Yüksekokulu;;;;;;;;;;;;
100850673;  Laborant ve Veteriner Saðlýk;2;TYT;60;2;;2;;;1291839;271.67198;;
100890066;  Lojistik;2;TYT;40;1;;1;;;1691440;247.77710;;
;Güzelyurt Meslek Yüksekokulu;;;;;;;;;;;;
100850531;  Aþçýlýk;2;TYT;60;2;;2;;;1335551;268.94552;;
100850594;  Bitki Koruma;2;TYT;25;1;;1;;;1637451;250.87680;;
100850346;  Gýda Teknolojisi;2;TYT;25;1;;1;;;1748856;244.51649;;
100850601;  Mimari Dekoratif Sanatlar;2;TYT;20;1;;1;;;1913684;235.33682;;
100850337;  Mimari Restorasyon;2;TYT;40;1;;1;;;1949803;233.36291;;
100850222;  Turizm ve Otel Ýþletmeciliði;2;TYT;20;1;;1;;;1766725;243.51381;;
;Ortaköy Meslek Yüksekokulu;;;;;;;;;;;;
100850197;  Bankacýlýk ve Sigortacýlýk;2;TYT;25;1;;1;;;1732297;245.45364;;
100850513;  Büro Yönetimi ve Yönetici Asistanlýðý;2;TYT;35;1;;1;;;1736146;245.23694;;
100890132;  Cnc Programlama ve Operatörlüðü;2;TYT;20;1;;1;;;...;----;;
100850407;  Elektronik Teknolojisi;2;TYT;30;1;;1;;;1660511;249.55138;;
100850152;  Makine;2;TYT;35;1;;1;;;1690175;247.84808;;
100850558;  Maliye;2;TYT;40;1;;1;;;1887278;236.78863;;
100850567;  Mekatronik;2;TYT;35;1;;1;;;1611117;252.40480;;
100850328;  Muhasebe ve Vergi Uygulamalarý;2;TYT;30;1;;1;;;1861005;238.24556;;
100890055;  Sosyal Güvenlik;2;TYT;90;3;;3;;;1784689;242.49553;;
;Saðlýk Hizmetleri Meslek Yüksekokulu;;;;;;;;;;;;
100890067;  Optisyenlik;2;TYT;50;2;;2;;;810183;305.85918;;
100850116;  Týbbi Dokümantasyon ve Sekreterlik;2;TYT;30;1;;1;;;581711;327.60247;;
100850443;  Týbbi Laboratuvar Teknikleri;2;TYT;50;2;;2;;;598293;325.79261;;
100850522;  Yaþlý Bakýmý;2;TYT;60;2;;2;;;1029792;289.09496;;
;ALANYA ALAADDÝN KEYKUBAT ÜNÝVERSÝTESÝ (ANTALYA) (Devlet Üniversitesi);;;;;;;;;;;;
;Akseki Meslek Yüksekokulu;;;;;;;;;;;;
110550017;  Bilgisayar Programcýlýðý;2;TYT;50;2;;2;;;793197;307.29207;;
110550026;  Büro Yönetimi ve Yönetici Asistanlýðý;2;TYT;30;1;;1;;;1253168;274.12313;;
110550035;  Elektrik;2;TYT;30;1;;1;;;1218760;276.36417;;
110590024;  Mimari Restorasyon;2;TYT;40;1;;1;;;1510600;258.29294;;
110550062;  Muhasebe ve Vergi Uygulamalarý;2;TYT;30;1;;1;;;1535418;256.83019;;
110550168;  Ormancýlýk ve Orman Ürünleri;2;TYT;30;1;;1;;;887724;299.59846;;
110590069;  Sivil Savunma ve Ýtfaiyecilik;2;TYT;30;1;;;;9;812716;305.64245;;
110590044;  Tapu ve Kadastro;2;TYT;40;1;;1;;;1123765;282.62210;;
;Alanya Ticaret ve Sanayi Odasý Meslek Yüksekokulu;;;;;;;;;;;;
110550071;  Bankacýlýk ve Sigortacýlýk;2;TYT;30;1;;1;;;1095120;284.56126;;
110590070;  Bilgisayar Programcýlýðý;2;TYT;50;2;;2;;;590470;326.63981;;
110590042;  Elektrik;2;TYT;45;2;;2;;;1000146;291.21452;;
110590048;  Emlak Yönetimi;2;TYT;70;2;;2;;;1377786;266.32247;;
110590025;  Ýç Mekan Tasarýmý;2;TYT;50;2;;2;;;918406;297.26452;;
110550186;  Ýklimlendirme ve Soðutma Teknolojisi;2;TYT;35;1;;1;;;1383710;265.96726;;
110550098;  Muhasebe ve Vergi Uygulamalarý;2;TYT;30;1;;1;;;1277168;272.58822;;
110590045;  Sosyal Hizmetler;2;TYT;30;1;;1;;;1085746;285.19919;;
;Alanya Ticaret ve Sanayi Odasý Turizm Meslek Yüksekokulu;;;;;;;;;;;;
110590043;  Aþçýlýk;2;TYT;55;2;;2;;;722040;313.56870;;
110550195;  Turizm Animasyonu;2;TYT;55;2;;2;;;1492863;259.34306;;
110550105;  Turizm ve Otel Ýþletmeciliði;2;TYT;30;1;;1;;;1161723;280.08124;;
;Gazipaþa Mustafa Rahmi Büyükballý Meslek Yüksekokulu;;;;;;;;;;;;
110590078;  Aþçýlýk;2;TYT;25;1;;1;;;800822;306.64013;;
110550159;  Ýþletme Yönetimi;2;TYT;35;1;;1;;;1411574;264.24988;;
110550238;  Sivil Hava Ulaþtýrma Ýþletmeciliði;2;TYT;35;1;;1;;10;761203;310.04532;;
110590028;  Sivil Havacýlýk Kabin Hizmetleri;2;TYT;50;2;;2;;10;534307;333.09845;;
110550229;  Týbbi ve Aromatik Bitkiler;2;TYT;30;1;;1;;;1580310;254.21012;;
110550141;  Turizm ve Otel Ýþletmeciliði;2;TYT;30;1;;1;;;1298838;271.23479;;
;Saðlýk Hizmetleri Meslek Yüksekokulu;;;;;;;;;;;;
110590027;  Çocuk Geliþimi;2;TYT;30;1;;1;;;834163;303.87494;;
110590029;  Fizyoterapi;2;TYT;30;1;;1;;;587781;326.93642;;
110550202;  Ýlk ve Acil Yardým;2;TYT;40;1;;1;;;443050;345.29151;;
110590030;  Týbbi Laboratuvar Teknikleri;2;TYT;40;1;;1;;;555461;330.60163;;
;AMASYA ÜNÝVERSÝTESÝ (Devlet Üniversitesi);;;;;;;;;;;;YÖKAK
;Amasya Sosyal Bilimler Meslek Yüksekokulu;;;;;;;;;;;;
100950151;  Aþçýlýk;2;TYT;50;2;;2;;;1062638;286.79379;;
100950248;  Büro Yönetimi ve Yönetici Asistanlýðý;2;TYT;35;1;;1;;;1348364;268.15738;;
100950266;  Dýþ Ticaret;2;TYT;35;1;;1;;;1700927;247.23812;;
100950433;  Halkla Ýliþkiler ve Tanýtým;2;TYT;50;2;;2;;;1682413;248.28788;;
100950169;  Muhasebe ve Vergi Uygulamalarý;2;TYT;30;1;;1;;;1523330;257.54323;;
100950099;  Pazarlama;2;TYT;25;1;;1;;;1819798;240.53778;;
100950521;  Reklamcýlýk;2;TYT;50;2;;2;;;1815583;240.77137;;
100950106;  Turizm ve Otel Ýþletmeciliði;2;TYT;25;1;;1;;;1529122;257.20507;;
;Amasya Teknik Bilimler Meslek Yüksekokulu;;;;;;;;;;;;
100950212;  Bilgisayar Programcýlýðý;2;TYT;50;2;;2;;;866395;301.26827;;
100990130;  Büyük Veri Analistliði;2;TYT;30;1;;1;;320;...;----;;
100950027;  Elektrik;2;TYT;35;1;;1;;;1222606;276.10744;;
100950196;  Elektronik Teknolojisi;2;TYT;40;1;;1;;;1492932;259.33993;;
100950063;  Harita ve Kadastro;2;TYT;30;1;;1;;;1431745;263.00745;;
100990137;  Ýnsansýz Araç Teknikerliði;2;TYT;30;1;;1;;320;...;----;;
100950178;  Ýnþaat Teknolojisi;2;TYT;35;1;;1;;;1770414;243.30764;;
100990051;  Kimya Teknolojisi;2;TYT;20;1;;1;;;1574327;254.55732;;
100950327;  Makine;2;TYT;40;1;;1;;;1380044;266.18412;;
100990028;  Moda Tasarýmý;2;TYT;30;1;;1;;;1534484;256.88691;;
100950406;  Otomotiv Teknolojisi;2;TYT;30;1;;1;;;1264053;273.43061;;
100990031;  Saðlýk Bilgi Sistemleri Teknikerliði;2;TYT;40;1;;1;;;1056277;287.23734;;
;Gümüþhacýköy Hasan Duman Meslek Yüksekokulu;;;;;;;;;;;;
100950284;  Bankacýlýk ve Sigortacýlýk;2;TYT;25;1;;1;;;1737429;245.16411;;
100990021;  Çaðrý Merkezi Hizmetleri;2;TYT;40;1;;1;;;1764238;243.64873;;
100950293;  Maliye;2;TYT;40;1;;1;;;1922565;234.84443;;
100950424;  Yerel Yönetimler;2;TYT;30;1;;1;;;1980843;231.68216;;
;Merzifon Meslek Yüksekokulu;;;;;;;;;;;;
100990033;  Basým ve Yayým Teknolojileri;2;TYT;35;1;;1;;;1923729;234.78330;;
100950221;  Bilgisayar Programcýlýðý;2;TYT;50;2;;2;;;1115985;283.14998;;
100950257;  Büro Yönetimi ve Yönetici Asistanlýðý;2;TYT;40;1;;1;;;1617859;252.01342;;
100950442;  Ýnþaat Teknolojisi;2;TYT;35;1;;1;;;1912678;235.39137;;
100950663;  Ýþ Saðlýðý ve Güvenliði;2;TYT;30;1;;1;;;1447887;262.04295;;
100950354;  Makine;2;TYT;30;1;;1;;;1602173;252.92544;;
100950275;  Mekatronik;2;TYT;30;1;;1;;;1372842;266.62390;;
100950769;  Sivil Hava Ulaþtýrma Ýþletmeciliði;2;TYT;35;1;;1;;10;1093708;284.66028;;
100990102;  Sivil Havacýlýk Kabin Hizmetleri;2;TYT;30;1;;1;;10;768567;309.41300;;
;Sabuncuoðlu Þerefeddin Saðlýk Hizmetleri Meslek Yüksekokulu;;;;;;;;;;;;
100950503;  Çocuk Geliþimi;2;TYT;30;1;;1;;;1022727;289.59995;;
100990060;  Eczane Hizmetleri;2;TYT;30;1;;1;;;702832;315.33897;;
100990025;  Engelli Bakýmý ve Rehabilitasyon;2;TYT;65;2;;2;;;1255312;273.98958;;
100990024;  Fizyoterapi;2;TYT;40;1;;1;;;695073;316.06756;;
100950681;  Ýlk ve Acil Yardým;2;TYT;40;1;;1;;;478583;340.26581;;
100950627;  Optisyenlik;2;TYT;40;1;;1;;;866359;301.27152;;
100950557;  Týbbi Dokümantasyon ve Sekreterlik;2;TYT;30;1;;1;;;621822;323.30329;;
100950699;  Týbbi Dokümantasyon ve Sekreterlik (Uzaktan Öðretim);2;TYT;100;3;;3;;7;967902;293.56638;;
100950496;  Týbbi Laboratuvar Teknikleri;2;TYT;40;1;;1;;;636513;321.79041;;
100950512;  Yaþlý Bakýmý;2;TYT;55;2;;2;;;1012109;290.36401;;
;Suluova Meslek Yüksekokulu;;;;;;;;;;;;
100990026;  Acil Durum ve Afet Yönetimi;2;TYT;40;1;;1;;;901330;298.55722;;
100990032;  Bitki Koruma;2;TYT;30;1;;1;;;1609236;252.51496;;
100990074;  Çevre Koruma ve Kontrol;2;TYT;30;1;;1;;;1879493;237.21588;;
100950487;  Gýda Kalite Kontrolü ve Analizi;2;TYT;50;2;;2;;;1896855;236.25470;;
100950309;  Gýda Teknolojisi;2;TYT;35;1;;1;;;1834460;239.72106;;
100950478;  Laborant ve Veteriner Saðlýk;2;TYT;60;2;;2;;;1134530;281.90653;;
100950548;  Sivil Savunma ve Ýtfaiyecilik;2;TYT;60;2;;;;9;1062455;286.80689;;
100950451;  Týbbi ve Aromatik Bitkiler;2;TYT;30;1;;1;;;1989453;231.21048;;
;Tasarým Meslek Yüksekokulu;;;;;;;;;;;;
100950751;  Bilgisayar Destekli Tasarým ve Animasyon;2;TYT;50;2;;2;;;1348784;268.13041;;
100950654;  Grafik Tasarýmý;2;TYT;60;2;;2;;;1334140;269.03399;;
100950742;  Mimari Restorasyon;2;TYT;30;1;;1;;;1835660;239.65180;;
;Taþova Yüksel Akýn Meslek Yüksekokulu;;;;;;;;;;;;
100950645;  Posta Hizmetleri;2;TYT;60;2;;2;;;1964210;232.57511;;
100990052;  Raylý Sistemler Elektrik ve Elektronik;2;TYT;40;1;;1;;6;1296339;271.38788;;
100950706;  Raylý Sistemler Ýþletmeciliði;2;TYT;35;1;;1;;6;1795735;241.87349;;
100990035;  Raylý Sistemler Makine Teknolojisi;2;TYT;45;2;;2;;6;1561936;255.27896;;
100990036;  Raylý Sistemler Yol Teknolojisi;2;TYT;35;1;;1;;6;1699395;247.32672;;
100990027;  Ulaþtýrma ve Trafik Hizmetleri;2;TYT;30;1;;1;;;1922238;234.86293;;
;ANADOLU ÜNÝVERSÝTESÝ (ESKÝÞEHÝR) (Devlet Üniversitesi);;;;;;;;;;;;
;Açýköðretim Fakültesi;;;;;;;;;;;;
101051376;  Acil Durum ve Afet Yönetimi (Açýköðretim);2;TYT;1000;25;;25;;13;1065736;286.57759;;
101051304;  Aþçýlýk (Açýköðretim);2;TYT;1600;40;;40;;13;1340829;268.62117;;
101050209;  Bankacýlýk ve Sigortacýlýk (Açýköðretim);2;TYT;250;7;;7;;13;1456151;261.54340;;
101090556;  Bilgisayar Programcýlýðý (Açýköðretim);2;TYT;2400;60;;60;;13;1020708;289.74315;;
101050933;  Büro Yönetimi ve Yönetici Asistanlýðý (Açýköðretim);2;TYT;250;7;;7;;13;1175953;279.12676;;
101050757;  Coðrafi Bilgi Sistemleri (Açýköðretim);2;TYT;1000;25;;25;;13;1776960;242.94036;;
101050236;  Dýþ Ticaret (Açýköðretim);2;TYT;250;7;;7;;13;1574039;254.57487;;
101090533;  Emlak Yönetimi (Açýköðretim);2;TYT;1000;25;;25;;13;1544635;256.28993;;
101051385;  Engelli Bakýmý ve Rehabilitasyon (Açýköðretim);2;TYT;1700;43;;43;;13;1571037;254.74762;;
101050809;  Fotoðrafçýlýk ve Kameramanlýk (Açýköðretim);2;TYT;1000;25;;25;;13;1686272;248.07020;;
101050881;  Halkla Ýliþkiler ve Tanýtým (Açýköðretim);2;TYT;3000;75;;75;;13;1695370;247.55752;;
101050263;  Ýlahiyat (Önlisans) (Açýköðretim);2;TYT;14500;363;;363;;13;1764307;243.64507;;
101050651;  Ýnsan Kaynaklarý Yönetimi (Açýköðretim);2;TYT;250;7;;7;;13;1299223;271.20773;;
101090530;  Ýþ Saðlýðý ve Güvenliði (Açýköðretim);2;TYT;250;7;;7;;13;1066853;286.49943;;
101050818;  Ýþletme Yönetimi (Açýköðretim);2;TYT;300;8;;8;;13;1505622;258.58595;;
101050863;  Kültürel Miras ve Turizm (Açýköðretim);2;TYT;300;8;;8;;13;1476766;260.29875;;
101050827;  Lojistik (Açýköðretim);2;TYT;900;23;;23;;13;1335754;268.93391;;
101050606;  Marka Ýletiþimi (Açýköðretim);2;TYT;2000;50;;50;;13;1871814;237.64775;;
101050872;  Medya ve Ýletiþim (Açýköðretim);2;TYT;150;4;;4;;13;1746050;244.67521;;
101050624;  Muhasebe ve Vergi Uygulamalarý (Açýköðretim);2;TYT;300;8;;8;;13;1410453;264.32108;;
101050306;  Saðlýk Kurumlarý Ýþletmeciliði (Açýköðretim);2;TYT;150;4;;4;;13;1619188;251.93222;;
101050572;  Sosyal Hizmetler (Açýköðretim);2;TYT;500;13;;13;;13;1640177;250.71767;;
101090531;  Sosyal Medya Yöneticiliði (Açýköðretim);2;TYT;1300;33;;33;;13;1748551;244.53368;;
101090532;  Tarým Teknolojisi (Açýköðretim);2;TYT;600;15;;15;;13;1192140;278.07998;;
101051261;  Týbbi Dokümantasyon ve Sekreterlik (Açýköðretim);2;TYT;200;5;;5;;13;580789;327.70011;;
101050324;  Turizm ve Otel Ýþletmeciliði (Açýköðretim);2;TYT;250;7;;7;;13;1198767;277.64698;;
101051349;  Web Tasarýmý ve Kodlama (Açýköðretim);2;TYT;3000;75;;75;;13;1697274;247.44876;;
101051279;  Yaþlý Bakýmý (Açýköðretim);2;TYT;150;4;;4;;13;1261463;273.59795;;
;Biliþim Teknolojileri Meslek Yüksekokulu;;;;;;;;;;;;
101090615;  Arka-Yüz Yazýlým Geliþtirme;2;TYT;30;1;;1;;320;...;----;;
101090622;  Arka-Yüz Yazýlým Geliþtirme (KKTC Uyruklu);2;TYT;1;;;;;5, 320;...;----;;
101090629;  Büyük Veri Analistliði;2;TYT;30;1;;1;;320;...;----;;
101090636;  Büyük Veri Analistliði (KKTC Uyruklu);2;TYT;2;;;;;5, 320;...;----;;
101090643;  Oyun Geliþtirme ve Programlama;2;TYT;30;1;;1;;320;...;----;;
101090650;  Ön-Yüz Yazýlým Geliþtirme;2;TYT;30;1;;1;;320;...;----;;
101090657;  Ön-Yüz Yazýlým Geliþtirme (KKTC Uyruklu);2;TYT;1;;;;;5, 320;...;----;;
;Engelliler Entegre Yüksekokulu;;;;;;;;;;;;
101051288;  Bilgisayar Operatörlüðü;2;TYT;11;1;;1;;16;1575831;254.47231;;
101051297;  Yapý Ressamlýðý;2;TYT;11;1;;1;;16;1962633;232.66014;;
;Eskiþehir Meslek Yüksekokulu;;;;;;;;;;;;
101050369;  Aþçýlýk;2;TYT;70;2;;2;;;521534;334.66059;*;TUADER
101050942;  Büro Yönetimi ve Yönetici Asistanlýðý;2;TYT;35;1;;1;;;794626;307.17136;;
101050387;  Dýþ Ticaret;2;TYT;40;1;;1;;;677671;317.72562;;
101090534;  Emlak Yönetimi;2;TYT;65;2;;2;;;1009713;290.53537;;
101050403;  Pazarlama;2;TYT;30;1;;1;;;835063;303.80038;;
101050412;  Turizm ve Otel Ýþletmeciliði;2;TYT;30;1;;1;;;763765;309.82394;*;TUADER
;Yunus Emre Saðlýk Hizmetleri Meslek Yüksekokulu;;;;;;;;;;;;
101050554;  Çocuk Geliþimi;2;TYT;40;1;;1;;;629521;322.50207;;
101050678;  Eczane Hizmetleri;2;TYT;35;1;;1;;;570924;328.81148;;
101050899;  Saç Bakýmý ve Güzellik Hizmetleri;2;TYT;65;2;;2;;;707564;314.90465;;
101050906;  Týbbi Laboratuvar Teknikleri;2;TYT;50;2;;2;;;470657;341.36011;;
101050915;  Yaþlý Bakýmý;2;TYT;80;2;;2;;;859230;301.83228;;
;ANKARA HACI BAYRAM VELÝ ÜNÝVERSÝTESÝ (Devlet Üniversitesi);;;;;;;;;;;;
;Mutfak Sanatlarý Meslek Yüksekokulu;;;;;;;;;;;;
111790388;  Aþçýlýk;2;TYT;30;1;;1;;;508873;336.27847;;
;Polatlý Sosyal Bilimler Meslek Yüksekokulu;;;;;;;;;;;;
111790324;  Basým ve Yayým Teknolojileri;2;TYT;60;2;;2;;;1258970;273.75376;;
111790395;  Ceza Ýnfaz ve Güvenlik Hizmetleri;2;TYT;50;2;;2;;17, 313;762058;309.97003;;
111750995;  Çocuk Geliþimi;2;TYT;40;1;;1;;;720523;313.71103;;
111750986;  Giyim Üretim Teknolojisi;2;TYT;50;2;;2;;;1462529;261.15694;;
111750923;  Maliye;2;TYT;40;1;;1;;;992676;291.75741;;
111750932;  Muhasebe ve Vergi Uygulamalarý;2;TYT;30;1;;1;;;1093147;284.69677;;
111751066;  Saç Bakýmý ve Güzellik Hizmetleri;2;TYT;60;2;;2;;;990029;291.94350;;
111790465;  Saç Bakýmý ve Güzellik Hizmetleri (KKTC Uyruklu);2;TYT;1;;;;;5;...;----;;
111750977;  Tapu ve Kadastro;2;TYT;60;2;;2;;;773707;308.97096;;
;ANKARA MÜZÝK VE GÜZEL SANATLAR ÜNÝVERSÝTESÝ (Devlet Üniversitesi);;;;;;;;;;;;
;Müzik ve Güzel Sanatlar Meslek Yüksekokulu;;;;;;;;;;;;
112810032;  Geleneksel El Sanatlarý;2;TYT;30;1;;1;;;663756;319.08012;;
;ANKARA SOSYAL BÝLÝMLER ÜNÝVERSÝTESÝ (Devlet Üniversitesi);;;;;;;;;;;;
;ASBÜ-Kuzey Kýbrýs Yerleþkesi (KKTC-Lefkoþa);;;;;;;;;;;;
110910399;  Büyük Veri Analistliði (Ücretli);2;TYT;5;;;;;18, 19, 20, 64, 320;...;----;;
110910392;  Büyük Veri Analistliði (Burslu);2;TYT;5;;;;;18, 19, 20, 21, 64, 320;...;----;;
110910406;  Büyük Veri Analistliði (%50 Ýndirimli);2;TYT;20;;;;;18, 19, 20, 21, 64, 320;...;----;;
110910420;  Yapay Zeka Operatörlüðü (Ücretli);2;TYT;5;;;;;18, 19, 20, 64, 320;...;----;;
110910413;  Yapay Zeka Operatörlüðü (Burslu);2;TYT;5;;;;;18, 19, 20, 21, 64, 320;...;----;;
110910427;  Yapay Zeka Operatörlüðü (%50 Ýndirimli);2;TYT;20;;;;;18, 19, 20, 21, 64, 320;...;----;;
;ANKARA ÜNÝVERSÝTESÝ (Devlet Üniversitesi);;;;;;;;;;;;YÖKAK
;1. Organize Sanayi Bölgesi Meslek Yüksekokulu;;;;;;;;;;;;
101190411;  Dijital Fabrika Teknolojileri;2;TYT;40;1;;;;321;761862;309.98677;;
101190563;  Mekatronik;2;TYT;40;1;;;;321;509324;336.21913;;
;Açýk ve Uzaktan Eðitim Fakültesi;;;;;;;;;;;;
101190341;  Acil Durum ve Afet Yönetimi (Uzaktan Öðretim);2;TYT;100;3;;;;7;850524;302.54952;;
101150659;  Bankacýlýk ve Sigortacýlýk (Uzaktan Öðretim);2;TYT;100;3;;;;7;1059147;287.03715;;
101150677;  Bilgisayar Programcýlýðý (Uzaktan Öðretim);2;TYT;125;4;;;;7, 8;378283;355.61554;;
101190412;  Bilgisayar Teknolojisi (Uzaktan Öðretim);2;TYT;100;3;;;;7, 8;790460;307.52875;;
101190439;  Büro Yönetimi ve Yönetici Asistanlýðý (Uzaktan Öðretim);2;TYT;100;3;;;;7;1134012;281.93906;;
101190426;  Ýnternet ve Að Teknolojileri (Uzaktan Öðretim);2;TYT;105;3;;;;7, 8;985945;292.23969;;
101190440;  Muhasebe ve Vergi Uygulamalarý (Uzaktan Öðretim);2;TYT;100;3;;;;7;1334436;269.01464;;
101190425;  Sosyal Güvenlik (Uzaktan Öðretim);2;TYT;105;3;;;;7;909204;297.95271;;
101150641;  Týbbi Dokümantasyon ve Sekreterlik (Uzaktan Öðretim);2;TYT;100;3;;;;7;669368;318.53125;;
101150711;  Turizm ve Otel Ýþletmeciliði (Uzaktan Öðretim);2;TYT;100;3;;;;7;1191995;278.08913;;
101190612;  Web Tasarýmý ve Kodlama (Açýköðretim);2;TYT;3000;75;;;;13;1837234;239.56373;;
;Akyurt Meslek Yüksekokulu;;;;;;;;;;;;
101190794;  Havacýlýk Elektroniði Teknolojileri;2;TYT;20;1;;1;;;...;----;;
101190801;  Optoelektronik ve Elektro Optik Teknolojileri;2;TYT;20;1;;;;;...;----;;
;Ayaþ Meslek Yüksekokulu;;;;;;;;;;;;
101190518;  Coðrafi Bilgi Sistemleri;2;TYT;40;1;;;;;1254060;274.06613;;
101190409;  Özel Güvenlik ve Koruma;2;TYT;45;2;;;;2;1090537;284.87152;;
101150986;  Sosyal Güvenlik;2;TYT;60;2;;;;;1064823;286.64056;;
101190640;  Sosyal Güvenlik (KKTC Uyruklu);2;TYT;1;;;;;5;;;;
;Bala Meslek Yüksekokulu;;;;;;;;;;;;
101190878; Ýþ Makineleri Operatörlüðü;2;TYT;20;1;;;;;...;----;;
101190647;  Süt ve Besi Hayvancýlýðý;2;TYT;30;1;;;;;1709681;246.74293;;
;Beypazarý Meslek Yüksekokulu;;;;;;;;;;;;
101150977;  Acil Durum ve Afet Yönetimi;2;TYT;70;2;;;;;765428;309.67773;;
101190202;  Aþçýlýk;2;TYT;55;2;;;;;717163;314.01993;;
101151003;  Ayakkabý Tasarým ve Üretimi;2;TYT;20;1;;;;;1398296;265.06636;;
101150517;  Bankacýlýk ve Sigortacýlýk;2;TYT;30;1;;;;;957452;294.34619;;
101150835;  Kuyumculuk ve Taký Tasarýmý;2;TYT;40;1;;;;;1328936;269.35780;;
101150844;  Moda Tasarýmý;2;TYT;40;1;;;;;983116;292.43834;;
101190410;  Sivil Savunma ve Ýtfaiyecilik;2;TYT;30;1;;;;9;671137;318.35985;;
101150059;  Turist Rehberliði;2;TYT;65;2;;;;;994611;291.61066;;
101150492;  Turizm ve Otel Ýþletmeciliði;2;TYT;30;1;;;;;1138147;281.66402;;
101150598;  Turizm ve Seyahat Hizmetleri;2;TYT;25;1;;;;;1321081;269.84601;;
;Biliþim Teknolojileri Meslek Yüksekokulu;;;;;;;;;;;;
101190808;  Büyük Veri Analistliði;2;TYT;30;1;;;;320;...;----;;
;Elmadað Meslek Yüksekokulu;;;;;;;;;;;;
101150571;  Bilgisayar Programcýlýðý;2;TYT;65;2;;;;;457290;343.22997;;
101150702;  Büro Yönetimi ve Yönetici Asistanlýðý;2;TYT;45;2;;;;;858408;301.89588;;
101150914;  Büro Yönetimi ve Yönetici Asistanlýðý (KKTC Uyruklu);2;TYT;2;;;;;5;...;----;;
101190682;  Ceza Ýnfaz ve Güvenlik Hizmetleri;2;TYT;80;2;;;;17, 313;771524;309.16006;;
101150686;  Elektronik Haberleþme Teknolojisi;2;TYT;50;2;;;;;876645;300.46923;;
101150562;  Elektronik Teknolojisi;2;TYT;50;2;;;;;683855;317.12088;;
101150526;  Muhasebe ve Vergi Uygulamalarý;2;TYT;30;1;;;;;919051;297.21509;;
;Gama Meslek Yüksekokulu;;;;;;;;;;;;
101150889;  Alternatif Enerji Kaynaklarý Teknolojisi;2;TYT;65;2;;;;;785426;307.95037;;
101150765;  Biyomedikal Cihaz Teknolojisi;2;TYT;40;1;;;;;661408;319.31787;;
;Haymana Meslek Yüksekokulu;;;;;;;;;;;;
101150738;  Fizyoterapi;2;TYT;40;1;;;;;607367;324.80885;;
101150729;  Yaþlý Bakýmý;2;TYT;60;2;;;;;969831;293.41633;;
;Kalecik Meslek Yüksekokulu;;;;;;;;;;;;
101190654;  Baðcýlýk ve Bað Ürünleri Teknolojisi;2;TYT;35;1;;;;;1684936;248.14680;;
101150544;  Bahçe Tarýmý;2;TYT;50;2;;;;;1645198;250.42425;;
101190423;  Bitki Koruma;2;TYT;30;1;;;;;1340347;268.65200;;
101150129;  Gýda Teknolojisi;2;TYT;35;1;;;;;1113327;283.32475;;
101190407;  Peyzaj ve Süs Bitkileri Yetiþtiriciliði;2;TYT;50;2;;;;;1597903;253.17189;;
101190519;  Týbbi ve Aromatik Bitkiler;2;TYT;40;1;;;;;1444450;262.25314;;
;Kýzýlcahamam Saðlýk Hizmetleri Meslek Yüksekokulu;;;;;;;;;;;;
101150995;  Fizyoterapi;2;TYT;40;1;;;;;561649;329.88669;;
101190661;  Ýþ ve Uðraþý Terapisi;2;TYT;50;2;;;;;810338;305.84692;;
101190668;  Podoloji;2;TYT;50;2;;;;;774671;308.88972;;
;Nallýhan Meslek Yüksekokulu;;;;;;;;;;;;
101150783;  Bilgisayar Programcýlýðý;2;TYT;60;2;;;;;631454;322.30509;;
101190780;  Elektrik Enerjisi Üretim, Ýletim ve Daðýtýmý;2;TYT;30;1;;;;;...;----;;
101150792;  Elektronik Teknolojisi;2;TYT;60;2;;;;;1084753;285.26776;;
101190787;  Yenilenebilir Enerji Teknikerliði;2;TYT;30;1;;;;;...;----;;
;Saðlýk Hizmetleri Meslek Yüksekokulu;;;;;;;;;;;;
101150898;  Aðýz ve Diþ Saðlýðý;2;TYT;50;2;;;;;378501;355.57753;;
101190516;  Aðýz ve Diþ Saðlýðý (KKTC Uyruklu);2;TYT;1;;;;;5;835954;303.72818;;
101150156;  Anestezi;2;TYT;50;2;;;;;236323;386.36216;;
101150695;  Eczane Hizmetleri;2;TYT;35;1;;;;;504190;336.88625;;
101150959;  Ýlk ve Acil Yardým;2;TYT;35;1;;;;;277380;375.95601;;
101150192;  Radyoterapi;2;TYT;40;1;;;;;494719;338.13355;;
101150208;  Týbbi Dokümantasyon ve Sekreterlik;2;TYT;30;1;;;;;414041;349.70459;;
101150623;  Týbbi Görüntüleme Teknikleri;2;TYT;40;1;;;;;311422;368.38484;;
101150605;  Týbbi Laboratuvar Teknikleri;2;TYT;50;2;;;;;382991;354.78659;;
;Siber Güvenlik Meslek Yüksekokulu;;;;;;;;;;;;
101190675;  Siber Güvenlik Analistliði ve Operatörlüðü;2;TYT;25;1;;;;22, 24, 34, 320;143466;418.28299;;
;ANKARA YILDIRIM BEYAZIT ÜNÝVERSÝTESÝ (Devlet Üniversitesi);;;;;;;;;;;;
;Saðlýk Hizmetleri Meslek Yüksekokulu;;;;;;;;;;;;
110050058;  Aðýz ve Diþ Saðlýðý;2;TYT;50;2;;2;;;437044;346.17799;;
110090151;  Atçýlýk ve Antrenörlüðü;2;TYT;45;2;;2;;;984873;292.31435;;
110050031;  Çocuk Koruma ve Bakým Hizmetleri;2;TYT;60;2;;2;;;893396;299.16020;;
110050049;  Çocuk Koruma ve Bakým Hizmetleri (KKTC Uyruklu);2;TYT;1;;;;;5;;;;
110050022;  Elektronörofizyoloji;2;TYT;30;1;;1;;;636295;321.81058;;
110090031;  Engelli Bakýmý ve Rehabilitasyon;2;TYT;65;2;;2;;;1004477;290.90441;;
110090158;  Gýda Teknolojisi;2;TYT;35;1;;1;;;870136;300.98661;;
110090165;  Laborant ve Veteriner Saðlýk;2;TYT;50;2;;2;;;514630;335.54448;;
110050085;  Optisyenlik;2;TYT;50;2;;2;;;513676;335.66653;;
110050013;  Týbbi Görüntüleme Teknikleri;2;TYT;40;1;;1;;;409937;350.35233;;
110050067;  Týbbi Laboratuvar Teknikleri;2;TYT;50;2;;2;;;475594;340.68002;;
110090193;  Týbbi ve Aromatik Bitkiler;2;TYT;30;1;;1;;;990424;291.91645;;
110090033;  Yaþlý Bakýmý;2;TYT;65;2;;2;;;882046;300.04471;;
;Sosyal Bilimler Meslek Yüksekokulu;;;;;;;;;;;;
110090125;  Halkla Ýliþkiler ve Tanýtým;2;TYT;60;2;;2;;;848449;302.71532;;
110090127;  Sivil Havacýlýk Kabin Hizmetleri;2;TYT;40;1;;1;;10;484407;339.48704;;
110090128;  Sivil Savunma ve Ýtfaiyecilik;2;TYT;45;2;;;;9;622566;323.22461;;
;Þereflikoçhisar Berat Cömertoðlu Meslek Yüksekokulu;;;;;;;;;;;;
110090026;  Ýþletme Yönetimi;2;TYT;35;1;;1;;;1238578;275.07296;;
110090027;  Yerel Yönetimler;2;TYT;80;2;;2;;;1440324;262.49780;;
;Teknik Bilimler Meslek Yüksekokulu;;;;;;;;;;;;
110090119;  Bilgisayar Programcýlýðý;2;TYT;65;2;;2;;;404757;351.17141;;
110090242;  Büyük Veri Analistliði;2;TYT;30;1;;1;;320;...;----;;
110090120;  Çok Boyutlu Modelleme ve Animasyon;2;TYT;50;2;;2;;;674819;317.99984;;
110090249;  Dijital Dönüþüm Elektroniði;2;TYT;30;1;;1;;320;...;----;;
110090256;  Dijital Dönüþüm Elektroniði (KKTC Uyruklu);2;TYT;1;;;;;5, 320;...;----;;
110090122;  Grafik Tasarýmý;2;TYT;65;2;;2;;;597121;325.92017;;
110090129;  Uçak Teknolojisi;2;TYT;40;1;;1;;10;327108;365.19389;;
;ARDAHAN ÜNÝVERSÝTESÝ (Devlet Üniversitesi);;;;;;;;;;;;YÖKAK
;Çýldýr Meslek Yüksekokulu;;;;;;;;;;;;
101290352;  Mahkeme Büro Hizmetleri;2;TYT;30;1;;1;;;...;----;;
101290071;  Sosyal Hizmetler;2;TYT;30;1;;1;;;1735056;245.29777;;
;Nihat Delibalta Göle Meslek Yüksekokulu;;;;;;;;;;;;
101290072;  Eczane Hizmetleri;2;TYT;35;1;;1;;;1064003;286.69726;;
101250173;  Laborant ve Veteriner Saðlýk;2;TYT;50;2;;2;;;1612358;252.33265;;
101290078;  Posta Hizmetleri;2;TYT;25;1;;1;;;1973959;232.05266;;
101290080;  Sivil Savunma ve Ýtfaiyecilik;2;TYT;50;2;;;;9;1387061;265.75984;;
;Posof Meslek Yüksekokulu;;;;;;;;;;;;
101250234;  Evde Hasta Bakýmý;2;TYT;30;1;;1;;;873505;300.71607;;
101250252;  Ýlk ve Acil Yardým;2;TYT;30;1;;1;;;633867;322.05651;;
101290303;  Mahkeme Büro Hizmetleri;2;TYT;30;1;;1;;;1757450;244.03694;;
;Saðlýk Hizmetleri Meslek Yüksekokulu;;;;;;;;;;;;
101290170;  Çocuk Geliþimi;2;TYT;35;1;;1;;;1454928;261.61582;;
101290177;  Týbbi Dokümantasyon ve Sekreterlik;2;TYT;30;1;;1;;;821859;304.88034;;
101290184;  Týbbi Görüntüleme Teknikleri;2;TYT;40;1;;1;;;684903;317.02172;;
101290191;  Týbbi Laboratuvar Teknikleri;2;TYT;40;1;;1;;;780548;308.37758;;
101290198;  Yaþlý Bakýmý;2;TYT;55;2;;2;;;1162261;280.04432;;
;Sosyal Bilimler Meslek Yüksekokulu;;;;;;;;;;;;
101290205;  Büro Yönetimi ve Yönetici Asistanlýðý;2;TYT;20;1;;1;;;1750382;244.43266;;
101290212;  Sahne Iþýk ve Ses Teknolojileri;2;TYT;20;1;;1;;;1994177;230.95724;;
;Teknik Bilimler Meslek Yüksekokulu;;;;;;;;;;;;
101290226;  Aþçýlýk;2;TYT;35;1;;1;;;1570298;254.79015;;
101290233;  Bilgisayar Programcýlýðý;2;TYT;50;2;;2;;;1652655;250.00022;;
101290240;  Elektrik;2;TYT;30;1;;1;;;1711546;246.63501;;
101290310;  Gýda Kalite Kontrolü ve Analizi;2;TYT;20;1;;1;;;1990557;231.15265;;
101290247;  Ýnþaat Teknolojisi;2;TYT;30;1;;1;;;1977610;231.85209;;
101290254;  Ýþ Saðlýðý ve Güvenliði;2;TYT;30;1;;1;;;1763489;243.69184;;
101290261;  Optisyenlik;2;TYT;30;1;;1;;;1311667;270.42562;;
101290268;  Saç Bakýmý ve Güzellik Hizmetleri;2;TYT;30;1;;1;;;1406705;264.55134;;
101290275;  Saðlýk Bilgi Sistemleri Teknikerliði;2;TYT;30;1;;1;;;1710045;246.72078;;
;ARTVÝN ÇORUH ÜNÝVERSÝTESÝ (Devlet Üniversitesi);;;;;;;;;;;;
;Arhavi Meslek Yüksekokulu;;;;;;;;;;;;
101350154;  Büro Yönetimi ve Yönetici Asistanlýðý;2;TYT;30;1;;1;;;1744999;244.73300;;
101350136;  Dýþ Ticaret;2;TYT;30;1;;1;;;1871723;237.65405;;
101350287;  Turizm ve Otel Ýþletmeciliði;2;TYT;25;1;;1;;;1769884;243.33649;;
;Artvin Meslek Yüksekokulu;;;;;;;;;;;;
101370272;  Acil Durum ve Afet Yönetimi;2;TYT;50;2;;2;;;1040650;288.33366;;
101370273;  Aþçýlýk;2;TYT;40;1;;1;;;1220377;276.25367;;
101350251;  Avcýlýk ve Yaban Hayatý;2;TYT;40;1;;1;;;1477469;260.25692;;
101350427;  Bankacýlýk ve Sigortacýlýk;2;TYT;25;1;;1;;;1708667;246.79953;;
101350118;  Bilgisayar Programcýlýðý;2;TYT;50;2;;2;;;1195705;277.84848;;
101350145;  Büro Yönetimi ve Yönetici Asistanlýðý;2;TYT;40;1;;1;;;1637720;250.86143;;
101370268;  Engelli Bakýmý ve Rehabilitasyon (Ardanuç);2;TYT;40;1;;1;;;1476202;260.33256;;
101350109;  Harita ve Kadastro;2;TYT;30;1;;1;;;1662958;249.40815;;
101350409;  Ýç Mekan Tasarýmý;2;TYT;50;2;;2;;;1809527;241.10924;;
101370266;  Laboratuvar Teknolojisi;2;TYT;30;1;;1;;;1187301;278.39571;;
101370349;  Mahkeme Büro Hizmetleri;2;TYT;30;1;;1;;;1272630;272.87854;;
101350206;  Makine;2;TYT;40;1;;1;;;1697325;247.44512;;
101350057;  Muhasebe ve Vergi Uygulamalarý;2;TYT;30;1;;1;;;1794064;241.96730;;
101350075;  Ormancýlýk ve Orman Ürünleri;2;TYT;30;1;;1;;;991683;291.82388;;
101350278;  Özel Güvenlik ve Koruma;2;TYT;30;1;;1;;2;1518056;257.84983;;
101350418;  Sivil Savunma ve Ýtfaiyecilik;2;TYT;60;2;;;;9;1173420;279.29214;;
101370257;  Tapu ve Kadastro (Ardanuç);2;TYT;40;1;;1;;;1643302;250.53344;;
;Borçka Acarlar Meslek Yüksekokulu;;;;;;;;;;;;
101370278;  Çocuk Geliþimi;2;TYT;35;1;;1;;;1377627;266.33178;;
101350312;  Elektrik Enerjisi Üretim, Ýletim ve Daðýtýmý;2;TYT;30;1;;1;;;1629521;251.33024;;
101350445;  Ýnþaat Teknolojisi;2;TYT;30;1;;1;;;1936637;234.07831;;
101350303;  Ýþ Saðlýðý ve Güvenliði;2;TYT;30;1;;1;;;1679616;248.45438;;
101370279;  Kontrol ve Otomasyon Teknolojisi;2;TYT;40;1;;1;;;1839376;239.44657;;
101350454;  Maliye;2;TYT;20;1;;1;;;1874887;237.47136;;
101350506;  Mekatronik;2;TYT;30;1;;1;;;1751229;244.38562;;
101350366;  Sosyal Hizmetler;2;TYT;30;1;;1;;;1661068;249.51905;;
101350375;  Yapý Denetimi;2;TYT;25;1;;1;;;1957743;232.93018;;
;Hopa Meslek Yüksekokulu;;;;;;;;;;;;
101350233;  Bankacýlýk ve Sigortacýlýk;2;TYT;25;1;;1;;;1841123;239.34837;;
101350321;  Deniz ve Liman Ýþletmeciliði;2;TYT;35;1;;1;;;1596930;253.23067;;
101350339;  Ýnsan Kaynaklarý Yönetimi;2;TYT;25;1;;1;;;1795401;241.89332;;
101350199;  Lojistik;2;TYT;40;1;;1;;;1840487;239.38269;;
;Saðlýk Hizmetleri Meslek Yüksekokulu;;;;;;;;;;;;
101370250;  Aðýz ve Diþ Saðlýðý;2;TYT;50;2;;2;;;596994;325.93308;;
101350296;  Çocuk Geliþimi;2;TYT;35;1;;1;;;1255334;273.98817;;
101350384;  Eczane Hizmetleri;2;TYT;35;1;;1;;;841613;303.27211;;
101370269;  Fizyoterapi;2;TYT;40;1;;1;;;768165;309.44488;;
101350269;  Ýlk ve Acil Yardým;2;TYT;45;2;;2;;;558787;330.20739;;
101370274;  Ýþ ve Uðraþý Terapisi;2;TYT;45;2;;2;;;1103630;283.99458;;
101350472;  Optisyenlik;2;TYT;30;1;;1;;;1084723;285.26982;;
101370252;  Týbbi Dokümantasyon ve Sekreterlik;2;TYT;30;1;;1;;;723301;313.45019;;
101370251;  Týbbi Laboratuvar Teknikleri;2;TYT;50;2;;2;;;706535;314.99857;;
101350393;  Yaþlý Bakýmý;2;TYT;50;2;;2;;;1067051;286.48488;;
;Þavþat Meslek Yüksekokulu;;;;;;;;;;;;
101370384;  Dijital Saðlýk Sistemleri Teknikerliði;2;TYT;30;1;;1;;;...;----;;
101370254;  Sosyal Güvenlik;2;TYT;40;1;;1;;;1847741;238.98132;;
101370391;  Týbbi ve Aromatik Bitkiler;2;TYT;30;1;;1;;;...;----;;
101350463;  Yaþlý Bakýmý;2;TYT;50;2;;2;;;1225984;275.88512;;
;Yusufeli Meslek Yüksekokulu;;;;;;;;;;;;
101370321;  Bitki Koruma;2;TYT;30;1;;1;;;1934612;234.18741;;
101370328;  Evde Hasta Bakýmý;2;TYT;30;1;;1;;;856966;302.01678;;
101370335;  Maliye;2;TYT;30;1;;1;;;1977549;231.85558;;
101370342;  Yerel Yönetimler;2;TYT;30;1;;1;;;1920536;234.95531;;
;ATATÜRK ÜNÝVERSÝTESÝ (ERZURUM) (Devlet Üniversitesi);;;;;;;;;;;;YÖKAK
;Açýk ve Uzaktan Öðretim Fakültesi;;;;;;;;;;;;
101490698;  Acil Durum ve Afet Yönetimi (Açýköðretim);2;TYT;1200;30;;;;13;1260518;273.65556;;
101490649;  Bankacýlýk ve Sigortacýlýk (Açýköðretim);2;TYT;250;7;;;;13;1573544;254.60415;;
101490817;  Bilgisayar Programcýlýðý (Açýköðretim);2;TYT;3500;88;;;;13;1543572;256.35316;;
101490677;  Büro Yönetimi ve Yönetici Asistanlýðý (Açýköðretim);2;TYT;250;7;;;;13;1237490;275.14655;;
101490670;  Çaðrý Merkezi Hizmetleri (Açýköðretim);2;TYT;300;8;;;;13;1378832;266.25908;;
101490719;  Dýþ Ticaret (Açýköðretim);2;TYT;250;7;;;;13;1620410;251.86193;;
101490803;  Emlak Yönetimi (Açýköðretim);2;TYT;400;10;;;;13;1592161;253.51040;;
101490852;  E-Ticaret ve Pazarlama (Açýköðretim);2;TYT;1000;25;;;;13;1627615;251.44251;;
101490740;  Fotoðrafçýlýk ve Kameramanlýk (Açýköðretim);2;TYT;600;15;;;;13;1752200;244.33220;;
101490691;  Halkla Ýliþkiler ve Tanýtým (Açýköðretim);2;TYT;1500;38;;;;13;1701349;247.21230;;
101490824;  Ýslami Ýlimler (Önlisans) (Açýköðretim);2;TYT;2500;63;;;;13;1738869;245.08103;;
101490656;  Ýþ Saðlýðý ve Güvenliði (Açýköðretim);2;TYT;250;7;;;;13;1535810;256.80766;;
101490761;  Ýþletme Yönetimi (Açýköðretim);2;TYT;300;8;;;;13;1632124;251.18200;;
101490775;  Lojistik (Açýköðretim);2;TYT;900;23;;;;13;1567196;254.97083;;
101490831;  Muhasebe ve Vergi Uygulamalarý (Açýköðretim);2;TYT;300;8;;;;13;1455634;261.57377;;
101490705;  Reklamcýlýk (Açýköðretim);2;TYT;500;13;;;;13;1718940;246.21847;;
101490754;  Saðlýk Kurumlarý Ýþletmeciliði (Açýköðretim);2;TYT;150;4;;;;13;1484787;259.83052;;
101490796;  Sivil Hava Ulaþtýrma Ýþletmeciliði (Açýköðretim);2;TYT;150;4;;;;10, 13;1612218;252.34009;;
101490684;  Sosyal Hizmetler (Açýköðretim);2;TYT;500;13;;;;13;1681619;248.33556;;
101490768;  Týbbi Dokümantasyon ve Sekreterlik (Açýköðretim);2;TYT;200;5;;;;13;891971;299.27252;;
101490782;  Turizm ve Otel Ýþletmeciliði (Açýköðretim);2;TYT;250;7;;;;13;1385313;265.86588;;
101490838;  Web Tasarýmý ve Kodlama (Açýköðretim);2;TYT;3000;75;;;;13;1856819;238.47815;;
101490726;  Yeni Medya ve Gazetecilik (Açýköðretim);2;TYT;150;4;;;;13;1949942;233.35528;;
101490789;  Yerel Yönetimler (Açýköðretim);2;TYT;400;10;;;;13;1600435;253.02556;;
;Aþkale Meslek Yüksekokulu;;;;;;;;;;;;
101490294;  Çocuk Geliþimi;2;TYT;40;1;;;;;1319330;269.95603;;
101490488;  Elektrik;2;TYT;50;2;;;;;1671670;248.91060;;
101451548;  Lojistik;2;TYT;40;1;;;;;1792814;242.04072;;
101490957;  Ofis Teknolojileri ve Veri Yönetimi;2;TYT;30;1;;;;;...;----;;
101452097;  Saðlýk Kurumlarý Ýþletmeciliði;2;TYT;35;1;;;;;1687209;248.01671;;
101490303;  Sivil Hava Ulaþtýrma Ýþletmeciliði;2;TYT;35;1;;;;10;1566647;255.00172;;
;Hýnýs Meslek Yüksekokulu;;;;;;;;;;;;
101490304;  Çocuk Geliþimi;2;TYT;35;1;;;;;1467723;260.84748;;
101490370;  Eczane Hizmetleri;2;TYT;35;1;;;;;901286;298.56060;;
101450965;  Laborant ve Veteriner Saðlýk;2;TYT;60;2;;;;;1525701;257.39864;;
101490299;  Optisyenlik;2;TYT;40;1;;;;;1113148;283.33821;;
101490371;  Týbbi Laboratuvar Teknikleri;2;TYT;30;1;;;;;756661;310.43716;;
;Horasan Meslek Yüksekokulu;;;;;;;;;;;;
101451839;  Bilgisayar Programcýlýðý;2;TYT;60;2;;;;;1655698;249.82643;;
101451812;  Laborant ve Veteriner Saðlýk;2;TYT;50;2;;;;;1449696;261.93278;;
101451848;  Özel Güvenlik ve Koruma;2;TYT;50;2;;;;2;1522469;257.59545;;
101451909;  Posta Hizmetleri;2;TYT;60;2;;;;;1957286;232.95515;;
101451918;  Raylý Sistemler Yol Teknolojisi;2;TYT;40;1;;;;6;1748605;244.53036;;
101451821;  Sivil Savunma ve Ýtfaiyecilik;2;TYT;90;3;;;;9;1289742;271.80172;;
;Ýspir Hamza Polat Meslek Yüksekokulu;;;;;;;;;;;;
101451169;  Bankacýlýk ve Sigortacýlýk;2;TYT;25;1;;;;;1769903;243.33534;;
101490374;  Biyomedikal Cihaz Teknolojisi;2;TYT;30;1;;;;;1578449;254.32199;;
101490372;  Elektrik;2;TYT;50;2;;;;;1774242;243.09333;;
101451672;  Ormancýlýk ve Orman Ürünleri;2;TYT;30;1;;;;;1241232;274.89956;;
101490375;  Saðlýk Kurumlarý Ýþletmeciliði;2;TYT;35;1;;;;;1824027;240.30279;;
101490964;  Yenilenebilir Enerji Teknikerliði;2;TYT;50;2;;;;;...;----;;
;Narman Meslek Yüksekokulu;;;;;;;;;;;;
101451399;  Bankacýlýk ve Sigortacýlýk;2;TYT;25;1;;;;;1877300;237.33646;;
101451072;  Ýnþaat Teknolojisi;2;TYT;30;1;;;;;1934595;234.18834;;
101452158;  Ýþ Saðlýðý ve Güvenliði;2;TYT;30;1;;;;;1777501;242.90740;;
101450974;  Laborant ve Veteriner Saðlýk;2;TYT;70;2;;;;;1604895;252.76867;;
101450674;  Týbbi Dokümantasyon ve Sekreterlik;2;TYT;30;1;;;;;830631;304.16366;;
;Oltu Meslek Yüksekokulu;;;;;;;;;;;;
101450692;  Bankacýlýk ve Sigortacýlýk;2;TYT;25;1;;;;;1726481;245.78801;;
101490362;  Gýda Kalite Kontrolü ve Analizi;2;TYT;30;1;;;;;1888860;236.70068;;
101451496;  Grafik Tasarýmý;2;TYT;45;2;;;;;1804830;241.36989;;
101451706;  Halkla Ýliþkiler ve Tanýtým;2;TYT;40;1;;;;;1865442;238.00073;;
101451081;  Ýnþaat Teknolojisi;2;TYT;35;1;;;;;1951766;233.25559;;
101490392;  Ýþ Saðlýðý ve Güvenliði;2;TYT;30;1;;;;;1667978;249.12433;;
101451972;  Ormancýlýk ve Orman Ürünleri;2;TYT;30;1;;;;;1136980;281.74446;;
101490391;  Týbbi Dokümantasyon ve Sekreterlik;2;TYT;30;1;;;;;767986;309.45953;;
;Pasinler Meslek Yüksekokulu;;;;;;;;;;;;
101451239;  Bankacýlýk ve Sigortacýlýk;2;TYT;25;1;;;;;1807731;241.21006;;
101451221;  Bilgisayar Programcýlýðý;2;TYT;60;2;;;;;1638204;250.83190;;
101451212;  Harita ve Kadastro;2;TYT;30;1;;;;;1677713;248.56116;;
101451681;  Ýnsan Kaynaklarý Yönetimi;2;TYT;30;1;;;;;1735912;245.25045;;
101451099;  Ýnþaat Teknolojisi;2;TYT;35;1;;;;;1946817;233.52957;;
;Saðlýk Hizmetleri Meslek Yüksekokulu;;;;;;;;;;;;
101451945;  Ameliyathane Hizmetleri;2;TYT;50;2;;;;;614101;324.10268;;
101450417;  Anestezi;2;TYT;50;2;;;;;335180;363.56169;;
101451478;  Diþ Protez Teknolojisi;2;TYT;50;2;;;;;588354;326.87371;;
101450426;  Diyaliz;2;TYT;75;2;;;;;670059;318.46564;;
101451954;  Eczane Hizmetleri;2;TYT;35;1;;;;;683987;317.10965;;
101490530;  Elektronörofizyoloji;2;TYT;25;1;;;;;721590;313.61069;;
101451963;  Engelli Bakýmý ve Rehabilitasyon;2;TYT;70;2;;;;;1095057;284.56612;;
101451451;  Fizyoterapi;2;TYT;40;1;;;;;613344;324.18446;;
101451345;  Ýlk ve Acil Yardým;2;TYT;45;2;;;;;414113;349.69181;;
101451566;  Odyometri;2;TYT;50;2;;;;;717559;313.98624;;
101451557;  Ortopedik Protez ve Ortez;2;TYT;75;2;;;;;722570;313.52026;;
101450444;  Týbbi Dokümantasyon ve Sekreterlik;2;TYT;30;1;;;;;527601;333.90279;;
101451054;  Týbbi Görüntüleme Teknikleri;2;TYT;40;1;;;;;483319;339.63353;;
101451045;  Týbbi Laboratuvar Teknikleri;2;TYT;50;2;;;;;601863;325.39992;;
101451469;  Yaþlý Bakýmý;2;TYT;75;2;;;;;905211;298.26082;;
;Sosyal Bilimler Meslek Yüksekokulu;;;;;;;;;;;;
101490859;  Ceza Ýnfaz ve Güvenlik Hizmetleri;2;TYT;50;2;;;;17;876359;300.49073;;
101450277;  Çocuk Geliþimi;2;TYT;40;1;;;;;881344;300.09978;;
101451115;  Dýþ Ticaret;2;TYT;40;1;;;;;1567544;254.94985;;
101450868;  Muhasebe ve Vergi Uygulamalarý;2;TYT;30;1;;;;;1445818;262.16934;;
101490922;  Ofis Teknolojileri ve Veri Yönetimi;2;TYT;35;1;;;;;...;----;;
101450356;  Sivil Hava Ulaþtýrma Ýþletmeciliði;2;TYT;35;1;;;;10;1039444;288.41730;;
101450365;  Turizm ve Otel Ýþletmeciliði;2;TYT;30;1;;;;;1511328;258.25078;;
;Teknik Bilimler Meslek Yüksekokulu;;;;;;;;;;;;
101490302;  Atçýlýk ve Antrenörlüðü;2;TYT;30;1;;;;;1646474;250.35243;;
101450392;  Bilgisayar Programcýlýðý;2;TYT;60;2;;;;;717245;314.01275;;
101450286;  Elektrik;2;TYT;50;2;;;;;938886;295.73233;;
101490368;  Elektronik Haberleþme Teknolojisi;2;TYT;40;1;;;;;1464362;261.04929;;
101451284;  Gýda Kalite Kontrolü ve Analizi;2;TYT;40;1;;;;;1563633;255.18102;;
101450832;  Gýda Teknolojisi;2;TYT;35;1;;;;;1530771;257.10527;;
101490369;  Giyim Üretim Teknolojisi;2;TYT;30;1;;;;;1652964;249.98208;;
101451063;  Ýnþaat Teknolojisi;2;TYT;40;1;;;;;1419180;263.77387;;
101451512;  Ýþ Saðlýðý ve Güvenliði;2;TYT;30;1;;;;;1082283;285.43247;;
101450929;  Kimya Teknolojisi;2;TYT;20;1;;;;;1482058;259.98993;;
101450311;  Makine;2;TYT;65;2;;;;;1396895;265.15228;;
101450938;  Otomotiv Teknolojisi;2;TYT;30;1;;;;;1351576;267.96036;;
101490929;  Su ve Atýk Yönetimi Teknikerliði;2;TYT;30;1;;;;;...;----;;
;Tortum Meslek Yüksekokulu;;;;;;;;;;;;
101451354;  Bilgisayar Programcýlýðý;2;TYT;50;2;;;;;1627544;251.44710;;
101451363;  Grafik Tasarýmý;2;TYT;40;1;;;;;1749534;244.47846;;
;AYDIN ADNAN MENDERES ÜNÝVERSÝTESÝ (Devlet Üniversitesi);;;;;;;;;;;;
;Atça Meslek Yüksekokulu;;;;;;;;;;;;
100351234;  Büro Yönetimi ve Yönetici Asistanlýðý;2;TYT;35;1;;1;;;1514601;258.05147;;
100350827;  Halkla Ýliþkiler ve Tanýtým;2;TYT;80;2;;2;;;1688826;247.92752;;
100351676;  Tapu ve Kadastro;2;TYT;60;2;;2;;;1030763;289.02738;;
;Aydýn Meslek Yüksekokulu;;;;;;;;;;;;
100390220;  Basým ve Yayým Teknolojileri;2;TYT;60;2;;2;;;1365653;267.08373;;
100350166;  Bilgisayar Programcýlýðý;2;TYT;60;2;;2;;;531810;333.39214;;
100351225;  Büro Yönetimi ve Yönetici Asistanlýðý;2;TYT;35;1;;1;;;1052904;287.47616;;
100350033;  Çocuk Geliþimi;2;TYT;30;1;;1;;;767667;309.48638;;
100350933;  Ýnþaat Teknolojisi;2;TYT;35;1;;1;;;1057207;287.17200;;
100350942;  Ýþletme Yönetimi;2;TYT;35;1;;1;;;1111063;283.48254;;
100351807;  Moda Tasarýmý;2;TYT;40;1;;1;;;1109593;283.58581;;
100350872;  Muhasebe ve Vergi Uygulamalarý;2;TYT;30;1;;1;;;1062555;286.79993;;
100390178;  Otomotiv Teknolojisi;2;TYT;30;1;;1;;;927408;296.58577;;
100390460;  Yapay Zeka Operatörlüðü;2;TYT;30;1;;1;;320;...;----;;
100390467;  Yapay Zeka Operatörlüðü (KKTC Uyruklu);2;TYT;1;;;;;5, 320;...;----;;
;Aydýn Saðlýk Hizmetleri Meslek Yüksekokulu;;;;;;;;;;;;
100351322;  Anestezi;2;TYT;50;2;;2;;;341410;362.37294;;
100390225;  Anestezi (KKTC Uyruklu);2;TYT;1;;;;;5;884442;299.85352;;
100351146;  Çevre Saðlýðý;2;TYT;60;2;;2;;;791631;307.42343;;
100351313;  Diyaliz;2;TYT;80;2;;2;;;607200;324.82590;;
100351755;  Diyaliz (KKTC Uyruklu);2;TYT;1;;;;;5;;;;
100351288;  Fizyoterapi;2;TYT;40;1;;1;;;566135;329.36578;;
100351243;  Ýlk ve Acil Yardým;2;TYT;45;2;;2;;;426934;347.70677;;
100350193;  Týbbi Dokümantasyon ve Sekreterlik;2;TYT;30;1;;1;;;531125;333.47086;;
100351482;  Týbbi Görüntüleme Teknikleri;2;TYT;40;1;;1;;;448253;344.54626;;
100351137;  Týbbi Laboratuvar Teknikleri;2;TYT;50;2;;2;;;528820;333.74954;;
;Bozdoðan Meslek Yüksekokulu;;;;;;;;;;;;
100350836;  Halkla Ýliþkiler ve Tanýtým;2;TYT;50;2;;2;;;1788549;242.27692;;
100351525;  Laborant ve Veteriner Saðlýk;2;TYT;60;2;;2;;;821127;304.94252;;
;Buharkent Meslek Yüksekokulu;;;;;;;;;;;;
100351782;  Büro Yönetimi ve Yönetici Asistanlýðý;2;TYT;35;1;;1;;;1720700;246.12015;;
100390132;  Çaðrý Merkezi Hizmetleri;2;TYT;40;1;;1;;;1503203;258.72820;;
100351897;  Çocuk Geliþimi;2;TYT;30;1;;1;;;1052750;287.48561;;
100390299;  Polimer Teknolojisi;2;TYT;30;1;;1;;;1797933;241.74567;;
100390474;  Yenilenebilir Enerji Teknikerliði;2;TYT;25;1;;1;;;...;----;;
;Çine Meslek Yüksekokulu;;;;;;;;;;;;
100351913;  Bankacýlýk ve Sigortacýlýk;2;TYT;30;1;;1;;;1593248;253.44841;;
100390481;  Dijital Tarým Teknolojileri;2;TYT;30;1;;1;;;...;----;;
100351816;  Gýda Kalite Kontrolü ve Analizi;2;TYT;55;2;;2;;;1756493;244.09176;;
100350263;  Gýda Teknolojisi;2;TYT;35;1;;1;;;1623253;251.69436;;
100351331;  Organik Tarým;2;TYT;30;1;;1;;;1938193;233.99442;;
100350818;  Süt ve Ürünleri Teknolojisi;2;TYT;40;1;;1;;;1937511;234.03069;;
;Didim Meslek Yüksekokulu;;;;;;;;;;;;
100351076;  Aþçýlýk;2;TYT;70;2;;2;;;856331;302.07051;;
100350306;  Turizm ve Otel Ýþletmeciliði;2;TYT;30;1;;1;;;1168541;279.61806;;
100351101;  Turizm ve Seyahat Hizmetleri;2;TYT;30;1;;1;;;1440986;262.45784;;
;Germencik Yamantürk Meslek Yüksekokulu;;;;;;;;;;;;
100390488;  Elektrik Enerjisi Üretim, Ýletim ve Daðýtýmý;2;TYT;50;2;;2;;;...;----;;
100390313;  Elektronik Teknolojisi;2;TYT;40;1;;1;;;1187827;278.36068;;
100390320;  Makine;2;TYT;40;1;;1;;;962752;293.95208;;
100390327;  Makine Resim ve Konstrüksiyonu;2;TYT;35;1;;1;;;1274699;272.74667;;
100390334;  Özel Güvenlik ve Koruma;2;TYT;35;1;;1;;2;1205498;277.21427;;
;Karacasu Memnune Ýnci Meslek Yüksekokulu;;;;;;;;;;;;
100350333;  Dýþ Ticaret;2;TYT;40;1;;1;;;1683527;248.22659;;
100351922;  Ýþ Saðlýðý ve Güvenliði;2;TYT;30;1;;1;;;1286150;272.03073;;
100350951;  Ýþletme Yönetimi;2;TYT;35;1;;1;;;1789901;242.20326;;
100351261;  Mimari Dekoratif Sanatlar;2;TYT;70;2;;2;;;1915890;235.21358;;
100351182;  Mimari Restorasyon;2;TYT;50;2;;2;;;1763717;243.67844;;
100350881;  Muhasebe ve Vergi Uygulamalarý;2;TYT;30;1;;1;;;1749823;244.46293;;
100350396;  Turizm ve Otel Ýþletmeciliði;2;TYT;30;1;;1;;;1455853;261.56077;;
;Koçarlý Meslek Yüksekokulu;;;;;;;;;;;;
100390283;  Çocuk Geliþimi;2;TYT;30;1;;1;;;974139;293.10109;;
100351861;  Laboratuvar Teknolojisi;2;TYT;30;1;;1;;;891001;299.34678;;
100351507;  Organik Tarým;2;TYT;35;1;;1;;;1853908;238.63795;;
100390232;  Peyzaj ve Süs Bitkileri Yetiþtiriciliði;2;TYT;35;1;;1;;;1889629;236.65906;;
100351622;  Týbbi ve Aromatik Bitkiler;2;TYT;25;1;;1;;;1828721;240.03972;;
100390180;  Üretimde Kalite Kontrol;2;TYT;30;1;;1;;;1595702;253.30415;;
;Köþk Meslek Yüksekokulu;;;;;;;;;;;;
100351658;  Gýda Kalite Kontrolü ve Analizi;2;TYT;75;2;;2;;;1735273;245.28543;;
100351825;  Gýda Teknolojisi;2;TYT;35;1;;1;;;1531343;257.07147;;
100351694;  Lojistik;2;TYT;100;3;;3;;;1594745;253.36055;;
100351667;  Yerel Yönetimler;2;TYT;50;2;;2;;;1785270;242.46494;;
;Kuþadasý Meslek Yüksekokulu;;;;;;;;;;;;
100390341;  Aþçýlýk;2;TYT;60;2;;2;;;906181;298.18551;;
100390495;  Aþçýlýk (KKTC Uyruklu);2;TYT;2;;;;;5;...;----;;
100390348;  Ýkram Hizmetleri;2;TYT;40;1;;1;;;1653679;249.94309;;
100390355;  Turizm ve Otel Ýþletmeciliði;2;TYT;30;1;;1;;;1182138;278.72846;;
;Nazilli Meslek Yüksekokulu;;;;;;;;;;;;
100350863;  Bankacýlýk ve Sigortacýlýk;2;TYT;30;1;;1;;;1322621;269.75102;;
100350493;  Dýþ Ticaret;2;TYT;40;1;;1;;;1321316;269.82962;;
100351191;  Ýþletme Yönetimi;2;TYT;35;1;;1;;;1512690;258.16585;;
100351207;  Lojistik;2;TYT;60;2;;2;;;1218434;276.38477;;
;Nazilli Saðlýk Hizmetleri Meslek Yüksekokulu;;;;;;;;;;;;
100351685;  Evde Hasta Bakýmý;2;TYT;70;2;;2;;;689228;316.61483;;
100390141;  Evde Hasta Bakýmý (KKTC Uyruklu);2;TYT;1;;;;;5;...;----;;
100390284;  Fizyoterapi;2;TYT;40;1;;1;;;631061;322.34425;;
100390362;  Podoloji;2;TYT;20;1;;1;;;709439;314.73177;;
100351297;  Yaþlý Bakýmý;2;TYT;60;2;;2;;;952156;294.73392;;
;Söke Meslek Yüksekokulu;;;;;;;;;;;;
100351385;  Alternatif Enerji Kaynaklarý Teknolojisi;2;TYT;40;1;;1;;;1254279;274.05127;;
100351394;  Bankacýlýk ve Sigortacýlýk;2;TYT;25;1;;1;;;1200304;277.55224;;
100351376;  Bilgisayar Destekli Tasarým ve Animasyon;2;TYT;60;2;;2;;;1008623;290.61250;;
100351401;  Dýþ Ticaret;2;TYT;40;1;;1;;;1335332;268.95945;;
100390516;  Elektrik Enerjisi Üretim, Ýletim ve Daðýtýmý;2;TYT;50;2;;2;;;...;----;;
100351579;  Halkla Ýliþkiler ve Tanýtým;2;TYT;65;2;;2;;;1453073;261.73243;;
100390432;  Kurumsal Biliþim Uzmanlýðý;2;TYT;30;1;;1;;320;...;----;;
100351304;  Moda Tasarýmý;2;TYT;40;1;;1;;;1271840;272.93156;;
100350924;  Otomotiv Teknolojisi;2;TYT;30;1;;1;;;1149350;280.90298;;
100390439;  Robotik ve Yapay Zeka;2;TYT;60;2;;2;;320;...;----;;
;Söke Saðlýk Hizmetleri Meslek Yüksekokulu;;;;;;;;;;;;
100351358;  Ameliyathane Hizmetleri;2;TYT;40;1;;1;;;571155;328.78297;;
100390285;  Evde Hasta Bakýmý;2;TYT;40;1;;1;;;662976;319.15716;;
100351367;  Ýlk ve Acil Yardým;2;TYT;40;1;;1;;;465946;342.01366;;
100351349;  Týbbi Görüntüleme Teknikleri;2;TYT;40;1;;1;;;516735;335.27223;;
;Sultanhisar Meslek Yüksekokulu;;;;;;;;;;;;
100390446;  Akýllý Sera Teknolojileri;2;TYT;30;1;;1;;;...;----;;
100351879;  Bitki Koruma;2;TYT;30;1;;1;;;1292202;271.64932;;
100351561;  Ýnsan Kaynaklarý Yönetimi;2;TYT;45;2;;2;;;1497734;259.05511;;
100351649;  Ýþletme Yönetimi;2;TYT;30;1;;1;;;1644856;250.44462;;
100350845;  Pazarlama;2;TYT;30;1;;1;;;1740484;244.98811;;
100351085;  Saç Bakýmý ve Güzellik Hizmetleri;2;TYT;70;2;;2;;;1053751;287.41726;;
100350633;  Tarýmsal Ýþletmecilik;2;TYT;20;1;;1;;;1893800;236.42321;;
;Yenipazar Meslek Yüksekokulu;;;;;;;;;;;;
100350854;  Bankacýlýk ve Sigortacýlýk;2;TYT;30;1;;1;;;1658793;249.65135;;
100390221;  Emlak Yönetimi;2;TYT;40;1;;1;;;1758479;243.97746;;
100351516;  Maliye;2;TYT;40;1;;1;;;1682089;248.30568;;
100350906;  Muhasebe ve Vergi Uygulamalarý;2;TYT;30;1;;1;;;1719965;246.16118;;
;BALIKESÝR ÜNÝVERSÝTESÝ (Devlet Üniversitesi);;;;;;;;;;;;
;Altýnoluk Meslek Yüksekokulu;;;;;;;;;;;;
101551283;  Bilgisayar Programcýlýðý;2;TYT;50;2;;2;;;693321;316.23291;;
101550752;  Kimya Teknolojisi;2;TYT;20;1;;1;;;1156931;280.40234;;
101550716;  Týbbi ve Aromatik Bitkiler;2;TYT;40;1;;1;;;1619951;251.88900;;
;Ayvalýk Meslek Yüksekokulu;;;;;;;;;;;;
101551017;  Ýþletme Yönetimi;2;TYT;35;1;;1;;;1424017;263.48170;;
101550885;  Mimari Restorasyon;2;TYT;40;1;;1;;;1153006;280.66040;;
101550204;  Pazarlama;2;TYT;30;1;;1;;;1626804;251.49030;;
101550222;  Turizm ve Otel Ýþletmeciliði;2;TYT;30;1;;1;;;1244188;274.70191;;
;Balýkesir Meslek Yüksekokulu;;;;;;;;;;;;
101551274;  Bilgisayar Programcýlýðý;2;TYT;70;2;;2;;;588297;326.88015;;
101551353;  Büro Yönetimi ve Yönetici Asistanlýðý;2;TYT;35;1;;1;;;1107376;283.73945;;
101590159;  Çocuk Geliþimi;2;TYT;40;1;;1;;;817341;305.25622;;
101590266;  Çocuk Geliþimi (KKTC Uyruklu);2;TYT;1;;;;;5;;;;
101550037;  Elektrik;2;TYT;60;2;;2;;;887271;299.63388;;
101551159;  Elektronik Haberleþme Teknolojisi;2;TYT;30;1;;1;;;1196064;277.82519;;
101551168;  Elektronik Teknolojisi;2;TYT;30;1;;1;;;1023649;289.53733;;
101590160;  Grafik Tasarýmý;2;TYT;55;2;;2;;;769506;309.33495;;
101551114;  Ýklimlendirme ve Soðutma Teknolojisi;2;TYT;30;1;;1;;;1498596;259.00489;;
101551089;  Ýnþaat Teknolojisi;2;TYT;35;1;;1;;;1306843;270.72915;;
101551008;  Ýþletme Yönetimi;2;TYT;35;1;;1;;;1289874;271.79325;;
101551177;  Kontrol ve Otomasyon Teknolojisi;2;TYT;35;1;;1;;;1037322;288.56720;;
101590122;  Madencilik Teknolojisi;2;TYT;40;1;;1;;;1292870;271.60851;;
101550116;  Makine;2;TYT;50;2;;2;;;887276;299.63342;;
101550901;  Muhasebe ve Vergi Uygulamalarý;2;TYT;30;1;;1;;;1188865;278.29451;;
101551423;  Otomotiv Teknolojisi;2;TYT;30;1;;1;;;1018786;289.88248;;
101550134;  Pazarlama;2;TYT;40;1;;1;;;1408113;264.46526;;
101590252;  Tekstil Teknolojisi;2;TYT;30;1;;1;;;1653818;249.93443;;
101550143;  Turizm ve Otel Ýþletmeciliði;2;TYT;30;1;;1;;;1298844;271.23454;;
101590287;  Yapay Zeka Operatörlüðü;2;TYT;30;1;;1;;320;...;----;;
;Bigadiç Meslek Yüksekokulu;;;;;;;;;;;;
101550894;  Bankacýlýk ve Sigortacýlýk;2;TYT;25;1;;1;;;1584435;253.96676;;
101550301;  Elektrik;2;TYT;60;2;;2;;;1316612;270.11798;;
101590231;  Fizyoterapi;2;TYT;30;1;;1;;;620171;323.48520;;
101590103;  Harita ve Kadastro;2;TYT;30;1;;1;;;1222716;276.09967;;
101551414;  Lojistik;2;TYT;60;2;;2;;;1447421;262.06969;;
101550928;  Muhasebe ve Vergi Uygulamalarý;2;TYT;30;1;;1;;;1618895;251.94865;;
101550804;  Ulaþtýrma ve Trafik Hizmetleri;2;TYT;65;2;;2;;;1852612;238.71020;;
;Burhaniye Meslek Yüksekokulu;;;;;;;;;;;;
101551035;  Ýþletme Yönetimi;2;TYT;35;1;;1;;;1602583;252.90370;;
101590294;  Kurumsal Biliþim Uzmanlýðý;2;TYT;20;1;;1;;320;...;----;;
101590301;  Kurumsal Biliþim Uzmanlýðý (KKTC Uyruklu);2;TYT;1;;;;;5, 320;...;----;;
101550937;  Muhasebe ve Vergi Uygulamalarý;2;TYT;30;1;;1;;;1552424;255.83576;;
101550734;  Pazarlama;2;TYT;40;1;;1;;;1701886;247.18546;;
101550355;  Turizm ve Otel Ýþletmeciliði;2;TYT;30;1;;1;;;1376516;266.40115;;
;Dursunbey Meslek Yüksekokulu;;;;;;;;;;;;
101551098;  Ýnþaat Teknolojisi;2;TYT;35;1;;1;;;1663322;249.38863;;
101551502;  Ýþ Saðlýðý ve Güvenliði;2;TYT;30;1;;1;;;1327153;269.47090;;
101590238;  Kuyumculuk ve Taký Tasarýmý;2;TYT;35;1;;1;;;1836788;239.58852;;
101551511;  Ormancýlýk ve Orman Ürünleri;2;TYT;30;1;;1;;;850415;302.55947;;
101590308;  Yeþil ve Ekolojik Bina Teknikerliði;2;TYT;40;1;;1;;;...;----;;
;Edremit Meslek Yüksekokulu;;;;;;;;;;;;
101551292;  Bilgisayar Programcýlýðý;2;TYT;50;2;;2;;;735789;312.30460;;
101590175;  Elektrik;2;TYT;40;1;;1;;;1159741;280.21358;;
101590161;  Ýnþaat Teknolojisi;2;TYT;30;1;;1;;;1361118;267.36648;;
101550452;  Makine;2;TYT;40;1;;1;;;1098624;284.32625;;
101550461;  Mekatronik;2;TYT;40;1;;1;;;938764;295.74113;;
101551105;  Zeytincilik ve Zeytin Ýþleme Teknolojisi;2;TYT;35;1;;1;;;1770275;243.31588;;
;Havran Meslek Yüksekokulu;;;;;;;;;;;;
101550594;  Büro Yönetimi ve Yönetici Asistanlýðý;2;TYT;35;1;;1;;;1583641;254.01257;;
101551053;  Ýþletme Yönetimi;2;TYT;35;1;;1;;;1754330;244.21355;;
101550955;  Muhasebe ve Vergi Uygulamalarý;2;TYT;30;1;;1;;;1702066;247.17426;;
;Ývrindi Saðlýk Hizmetleri Meslek Yüksekokulu;;;;;;;;;;;;
101590315;  Dijital Saðlýk Sistemleri Teknikerliði;2;TYT;30;1;;1;;;...;----;;
101551362;  Ýlk ve Acil Yardým;2;TYT;40;1;;1;;;476599;340.54002;;
101550797;  Týbbi Dokümantasyon ve Sekreterlik;2;TYT;30;1;;1;;;590954;326.58605;;
;Kepsut Meslek Yüksekokulu;;;;;;;;;;;;
101551529;  Bankacýlýk ve Sigortacýlýk;2;TYT;25;1;;1;;;1581432;254.14489;;
101590102;  Laborant ve Veteriner Saðlýk;2;TYT;40;1;;1;;;865457;301.34137;;
101590127;  Özel Güvenlik ve Koruma;2;TYT;40;1;;1;;2;1442728;262.35825;;
;Savaþtepe Meslek Yüksekokulu;;;;;;;;;;;;
101590224;  Emlak Yönetimi;2;TYT;40;1;;1;;;1796236;241.84461;;
101590168;  Laborant ve Veteriner Saðlýk;2;TYT;40;1;;1;;;964319;293.83524;;
;Sýndýrgý Meslek Yüksekokulu;;;;;;;;;;;;
101590245;  Aþçýlýk;2;TYT;30;1;;1;;;957382;294.35157;;
101550858;  Dýþ Ticaret;2;TYT;45;2;;2;;;1662625;249.42722;;
101590322;  Elektrik;2;TYT;45;2;;2;;;...;----;;
101551538;  Saðlýk Kurumlarý Ýþletmeciliði;2;TYT;35;1;;1;;;1408377;264.44851;;
101550725;  Turizm ve Otel Ýþletmeciliði;2;TYT;30;1;;1;;;1663833;249.35934;;
;BANDIRMA ONYEDÝ EYLÜL ÜNÝVERSÝTESÝ (BALIKESÝR) (Devlet Üniversitesi);;;;;;;;;;;;
;Bandýrma Meslek Yüksekokulu;;;;;;;;;;;;
110670139;  Bilgisayar Programcýlýðý;2;TYT;60;2;;2;;;612400;324.28015;;
110670288;  Ceza Ýnfaz ve Güvenlik Hizmetleri;2;TYT;40;1;;1;;17;816459;305.32863;;
110650016;  Dýþ Ticaret;2;TYT;40;1;;1;;;1121775;282.75317;;
110670330;  Dýþ Ticaret (KKTC Uyruklu);2;TYT;1;;;;;5;...;----;;
110650025;  Et ve Ürünleri Teknolojisi;2;TYT;40;1;;1;;;1859119;238.35055;;
110650043;  Gýda Teknolojisi;2;TYT;30;1;;1;;;1174617;279.21841;;
110650052;  Ýþletme Yönetimi;2;TYT;35;1;;1;;;1308114;270.64792;;
110670204;  Medya ve Ýletiþim;2;TYT;50;2;;2;;;1211158;276.85478;;
110650061;  Muhasebe ve Vergi Uygulamalarý;2;TYT;30;1;;1;;;1302843;270.98266;;
;Denizcilik Meslek Yüksekokulu;;;;;;;;;;;;
110670197;  Deniz ve Liman Ýþletmeciliði;2;TYT;35;1;;1;;;863764;301.47083;;
110650034;  Gemi Ýnþaatý;2;TYT;60;2;;2;;;806931;306.13202;;
110670165;  Su Altý Teknolojisi;2;TYT;30;1;;1;;57;1147140;281.05393;;
;Erdek Meslek Yüksekokulu;;;;;;;;;;;;
110670164;  Saðlýk Turizmi Ýþletmeciliði;2;TYT;35;1;;1;;;1476304;260.32637;;
110650079;  Turizm ve Otel Ýþletmeciliði;2;TYT;30;1;;1;;;1401134;264.89408;;
110650088;  Yerel Yönetimler;2;TYT;50;2;;2;;;1721587;246.06507;;
;Gönen Meslek Yüksekokulu;;;;;;;;;;;;
110670179;  Bilgisayar Destekli Tasarým ve Animasyon;2;TYT;50;2;;2;;;1016637;290.03641;;
110650097;  Bilgisayar Programcýlýðý;2;TYT;60;2;;2;;;778013;308.59654;;
110670178;  Bilgisayar Programcýlýðý (Uzaktan Öðretim);2;TYT;200;5;;5;;7, 8;1469951;260.71180;;
110670152;  Biliþim Güvenliði Teknolojisi;2;TYT;50;2;;2;;;854841;302.18906;;
110670153;  Doðalgaz ve Tesisatý Teknolojisi;2;TYT;40;1;;1;;;1858550;238.38212;;
110670142;  Grafik Tasarýmý;2;TYT;40;1;;1;;;888313;299.55332;;
110650122;  Ýþletme Yönetimi;2;TYT;35;1;;1;;;1678077;248.54024;;
110650131;  Muhasebe ve Vergi Uygulamalarý;2;TYT;30;1;;1;;;1615719;252.13740;;
110650149;  Turizm ve Otel Ýþletmeciliði;2;TYT;30;1;;1;;;1605054;252.76100;;
110670180;  Web Tasarýmý ve Kodlama;2;TYT;50;2;;2;;;921240;297.05291;;
;Manyas Meslek Yüksekokulu;;;;;;;;;;;;
110670148;  Bankacýlýk ve Sigortacýlýk;2;TYT;25;1;;1;;;1440310;262.49863;;
110670120;  Ýþ Saðlýðý ve Güvenliði;2;TYT;30;1;;1;;;1238168;275.10064;;
110670163;  Özel Güvenlik ve Koruma;2;TYT;50;2;;2;;2;1485577;259.78322;;
110650158;  Saðlýk Kurumlarý Ýþletmeciliði;2;TYT;35;1;;1;;;1463900;261.07720;;
110650167;  Sosyal Güvenlik;2;TYT;80;2;;2;;;1626826;251.48885;;
;Saðlýk Hizmetleri Meslek Yüksekokulu;;;;;;;;;;;;
110670181;  Fizyoterapi;2;TYT;40;1;;1;;;579576;327.83800;;
110670145;  Optisyenlik;2;TYT;40;1;;1;;;679729;317.52840;;
110670144;  Sosyal Hizmetler;2;TYT;30;1;;1;;;1014534;290.19030;;
110670182;  Týbbi Görüntüleme Teknikleri;2;TYT;40;1;;1;;;475362;340.71455;;
;Susurluk Tarým ve Orman Meslek Yüksekokulu;;;;;;;;;;;;
110670267;  Gýda Kalite Kontrolü ve Analizi;2;TYT;50;2;;2;;;1704418;247.03663;;
110670274;  Laborant ve Veteriner Saðlýk;2;TYT;80;2;;2;;;1037773;288.53197;;
110670281;  Laboratuvar Teknolojisi;2;TYT;30;1;;1;;;1017655;289.96209;;
;BARTIN ÜNÝVERSÝTESÝ (Devlet Üniversitesi);;;;;;;;;;;;YÖKAK
;Bartýn Meslek Yüksekokulu;;;;;;;;;;;;
101650133;  Bilgisayar Programcýlýðý;2;TYT;60;2;;2;;;817102;305.27438;;
101650266;  Deniz ve Liman Ýþletmeciliði (Kurucaþile);2;TYT;30;1;;1;;11;1428292;263.21766;;
101690114;  Elektronik Teknolojisi;2;TYT;30;1;;1;;;1157685;280.35214;;
101650169;  Gemi Ýnþaatý (Kurucaþile);2;TYT;30;1;;1;;;1091896;284.78046;;
101650178;  Grafik Tasarýmý;2;TYT;60;2;;2;;;1289984;271.78694;;
101650142;  Halkla Ýliþkiler ve Tanýtým;2;TYT;55;2;;2;;;1695811;247.53321;;
101650115;  Ýþletme Yönetimi;2;TYT;35;1;;1;;;1648611;250.23138;*;MEDEK
101690127;  Mahkeme Büro Hizmetleri;2;TYT;30;1;;1;;;1077664;285.74829;;
101690095;  Marina ve Yat Ýþletmeciliði (Kurucaþile);2;TYT;30;1;;1;;11;1526353;257.36397;;
101650036;  Mobilya ve Dekorasyon;2;TYT;30;1;;1;;;1788901;242.25750;;
101650081;  Muhasebe ve Vergi Uygulamalarý;2;TYT;30;1;;1;;;1574992;254.52027;;
101650327;  Organik Tarým;2;TYT;25;1;;1;;;1695977;247.52305;*;MEDEK
101690105;  Peyzaj ve Süs Bitkileri Yetiþtiriciliði;2;TYT;25;1;;1;;;1833443;239.77880;;
101690169;  Robotik ve Yapay Zeka;2;TYT;30;1;;1;;320;...;----;;
101690101;  Sosyal Güvenlik;2;TYT;40;1;;1;;;1325687;269.55989;;
101650072;  Turizm ve Otel Ýþletmeciliði;2;TYT;30;1;;1;;;1541575;256.47172;;
101650318;  Turizm ve Seyahat Hizmetleri (Kurucaþile);2;TYT;25;1;;1;;;1823593;240.32940;;
101690176;  Yapay Zeka Operatörlüðü;2;TYT;30;1;;1;;320;...;----;;
;Bartýn Saðlýk Hizmetleri Meslek Yüksekokulu;;;;;;;;;;;;
101650293;  Çocuk Geliþimi;2;TYT;40;1;;1;;;1116726;283.09807;;
101690107;  Engelli Bakýmý ve Rehabilitasyon;2;TYT;50;2;;2;;;1291466;271.69504;;
101650248;  Evde Hasta Bakýmý;2;TYT;50;2;;2;;;774183;308.93009;;
101690102;  Fizyoterapi;2;TYT;40;1;;1;;;703808;315.24702;;
101650309;  Ýlk ve Acil Yardým;2;TYT;40;1;;1;;;532367;333.33081;;
101650275;  Optisyenlik;2;TYT;50;2;;2;;;961473;294.04862;;
101690106;  Saç Bakýmý ve Güzellik Hizmetleri;2;TYT;35;1;;1;;;1211315;276.84439;;
101690183;  Tele-Saðlýk Teknikerliði;2;TYT;30;1;;1;;;...;----;;
101650284;  Týbbi Dokümantasyon ve Sekreterlik;2;TYT;30;1;;1;;;674834;317.99781;;
101650257;  Týbbi Tanýtým ve Pazarlama;2;TYT;60;2;;2;;;1525028;257.43970;;
101650221;  Yaþlý Bakýmý;2;TYT;60;2;;2;;;1071364;286.18449;;
;Ulus Meslek Yüksekokulu;;;;;;;;;;;;
101690190;  Akýllý Altyapýlar Teknikerliði;2;TYT;30;1;;1;;;...;----;;
101650345;  Büro Yönetimi ve Yönetici Asistanlýðý;2;TYT;40;1;;1;;;1556436;255.60279;;
101650354;  Giyim Üretim Teknolojisi;2;TYT;30;1;;1;;;1993890;230.97318;;
101650363;  Ormancýlýk ve Orman Ürünleri;2;TYT;30;1;;1;;;999371;291.27131;;
101690104;  Tapu ve Kadastro;2;TYT;40;1;;1;;;1242632;274.80593;;
;BATMAN ÜNÝVERSÝTESÝ (Devlet Üniversitesi);;;;;;;;;;;;
;Beþiri Organize Sanayi Bölgesi Meslek Yüksekokulu;;;;;;;;;;;;
101790142;  Alternatif Enerji Kaynaklarý Teknolojisi;2;TYT;20;1;;1;;;1569613;254.83156;;
101790191;  Kaynak Teknolojisi;2;TYT;20;1;;1;;;1723119;245.97630;;
101790149;  Makine;2;TYT;25;1;;1;;;1645100;250.42974;;
101790240;  Mekatronik;2;TYT;20;1;;1;;;...;----;;
;Hasankeyf Meslek Yüksekokulu;;;;;;;;;;;;
101790102;  Aþçýlýk;2;TYT;40;1;;1;;;1360992;267.37450;*;TUADER
101790198;  Pastacýlýk ve Ekmekçilik;2;TYT;30;1;;1;;;1700762;247.24961;;
;Kozluk Meslek Yüksekokulu;;;;;;;;;;;;
101750308;  Çocuk Geliþimi;2;TYT;30;1;;1;;;1337506;268.82546;;
101790106;  Muhasebe ve Vergi Uygulamalarý;2;TYT;30;1;;1;;;1691073;247.79684;;
101750362;  Yapý Denetimi;2;TYT;40;1;;1;;;1781058;242.70341;;
;Saðlýk Hizmetleri Meslek Yüksekokulu;;;;;;;;;;;;
101750344;  Fizyoterapi;2;TYT;40;1;;1;;;693348;316.23010;;
101750335;  Ýlk ve Acil Yardým;2;TYT;40;1;;1;;;446437;344.80091;;
101750389;  Optisyenlik;2;TYT;50;2;;2;;;823069;304.78497;;
101750168;  Saðlýk Kurumlarý Ýþletmeciliði;2;TYT;30;1;;1;;;1114571;283.24261;;
101750053;  Týbbi Dokümantasyon ve Sekreterlik;2;TYT;30;1;;1;;;589454;326.75407;;
101750247;  Týbbi Laboratuvar Teknikleri;2;TYT;50;2;;2;;;603020;325.27368;;
101750353;  Yaþlý Bakýmý;2;TYT;70;2;;2;;;785371;307.95513;;
;Sason Meslek Yüksekokulu;;;;;;;;;;;;
101790121;  Çocuk Geliþimi;2;TYT;30;1;;1;;;1320747;269.86499;;
101790112;  Eser Koruma;2;TYT;30;1;;1;;;1864084;238.07820;;
101790101;  Organik Tarým;2;TYT;30;1;;1;;;1834674;239.70886;;
101790104;  Týbbi ve Aromatik Bitkiler;2;TYT;30;1;;1;;;1907263;235.68628;;
;Sosyal Bilimler Meslek Yüksekokulu;;;;;;;;;;;;
101750141;  Bankacýlýk ve Sigortacýlýk;2;TYT;25;1;;1;;;1413745;264.11214;;
101790109;  Büro Yönetimi ve Yönetici Asistanlýðý;2;TYT;35;1;;1;;;1162338;280.03922;;
101750398;  Çocuk Geliþimi;2;TYT;30;1;;1;;;1050507;287.64136;;
101790110;  Halkla Ýliþkiler ve Tanýtým;2;TYT;50;2;;2;;;1532756;256.98876;;
101750274;  Muhasebe ve Vergi Uygulamalarý;2;TYT;30;1;;1;;;1429454;263.14695;;
101790098;  Özel Güvenlik ve Koruma;2;TYT;30;1;;1;;2;1091079;284.83575;;
;Teknik Bilimler Meslek Yüksekokulu;;;;;;;;;;;;
101790107;  Bilgisayar Teknolojisi;2;TYT;50;2;;2;;;1051961;287.54064;;
101750017;  Elektrik;2;TYT;50;2;;2;;;953837;294.61140;;
101750229;  Elektronik Haberleþme Teknolojisi;2;TYT;35;1;;1;;;1446712;262.11328;;
101750238;  Elektronik Teknolojisi;2;TYT;40;1;;1;;;1292076;271.65711;;
101750283;  Geleneksel El Sanatlarý;2;TYT;45;2;;2;;;1712502;246.58058;;
101750265;  Gýda Teknolojisi;2;TYT;35;1;;1;;;1604752;252.77705;;
101750326;  Giyim Üretim Teknolojisi;2;TYT;40;1;;1;;;1675783;248.66867;;
101750371;  Ýç Mekan Tasarýmý;2;TYT;50;2;;2;;;1395754;265.22211;;
101750256;  Ýnþaat Teknolojisi;2;TYT;35;1;;1;;;1529782;257.16343;;
101750317;  Kuyumculuk ve Taký Tasarýmý;2;TYT;30;1;;1;;;1589091;253.69157;;
101790156;  Laborant ve Veteriner Saðlýk;2;TYT;30;1;;1;;;963666;293.88564;;
101750071;  Makine;2;TYT;45;2;;2;;;1318293;270.02191;;
101750195;  Otomotiv Teknolojisi;2;TYT;30;1;;1;;;1601567;252.95753;;
101750186;  Rafineri ve Petro-Kimya Teknolojisi;2;TYT;20;1;;1;;;1108890;283.63339;;
101750177;  Sondaj Teknolojisi;2;TYT;40;1;;1;;;1519479;257.76517;;
;BAYBURT ÜNÝVERSÝTESÝ (Devlet Üniversitesi);;;;;;;;;;;;YÖKAK
;Aydýntepe Meslek Yüksekokulu;;;;;;;;;;;;
101850273;  Çocuk Geliþimi;2;TYT;30;1;;1;;;1520004;257.73698;;
101890066;  Çocuk Koruma ve Bakým Hizmetleri;2;TYT;40;1;;1;;;1604062;252.81697;;
101850194;  Gýda Teknolojisi;2;TYT;20;1;;1;;;1889853;236.64677;;
101850282;  Harita ve Kadastro;2;TYT;30;1;;1;;;1907080;235.69607;;
101850255;  Ýnþaat Teknolojisi;2;TYT;30;1;;1;;;1979320;231.76091;;
;Demirözü Meslek Yüksekokulu;;;;;;;;;;;;
101890308;  Atçýlýk ve Antrenörlüðü;2;TYT;25;1;;1;;;...;----;;
101890045;  Ýþ Makineleri Operatörlüðü;2;TYT;30;1;;1;;;1753601;244.25293;;
101850201;  Laborant ve Veteriner Saðlýk;2;TYT;40;1;;1;;;1496879;259.10615;;
101890060;  Sivil Hava Ulaþtýrma Ýþletmeciliði;2;TYT;35;1;;1;;10, 324;1622654;251.73098;;
101890059;  Sivil Havacýlýk Kabin Hizmetleri;2;TYT;30;1;;1;;10, 324;1130892;282.14512;;
;Saðlýk Hizmetleri Meslek Yüksekokulu;;;;;;;;;;;;
101890098;  Anestezi;2;TYT;40;1;;1;;;455340;343.51104;;
101890105;  Çocuk Geliþimi;2;TYT;30;1;;1;;;1371226;266.72495;;
101890119;  Eczane Hizmetleri;2;TYT;35;1;;1;;;918941;297.22489;;
101890133;  Ýlk ve Acil Yardým;2;TYT;40;1;;1;;;591278;326.55232;;
101890147;  Optisyenlik;2;TYT;50;2;;2;;;1165612;279.81546;;
101890161;  Saðlýk Kurumlarý Ýþletmeciliði;2;TYT;30;1;;1;;;1654316;249.90636;;
101890168;  Týbbi Dokümantasyon ve Sekreterlik;2;TYT;30;1;;1;;;768507;309.41733;;
101890182;  Týbbi Laboratuvar Teknikleri;2;TYT;50;2;;2;;;769527;309.33290;;
101890196;  Yaþlý Bakýmý;2;TYT;70;2;;2;;;1162058;280.05907;;
;Sosyal Bilimler Meslek Yüksekokulu;;;;;;;;;;;;
101890046;  Aþçýlýk;2;TYT;50;2;;2;;;1463751;261.08576;*;MEDEK
101850167;  Bankacýlýk ve Sigortacýlýk;2;TYT;25;1;;1;;;1886029;236.85641;*;MEDEK
101850097;  Büro Yönetimi ve Yönetici Asistanlýðý;2;TYT;30;1;;1;;;1751930;244.34734;;
101890287;  Ceza Ýnfaz ve Güvenlik Hizmetleri;2;TYT;40;1;;1;;17;1063785;286.71335;;
101850088;  Ýþletme Yönetimi;2;TYT;25;1;;1;;;1903719;235.88176;;
101850176;  Lojistik;2;TYT;20;1;;1;;;1887042;236.80089;;
101890294;  Mahkeme Büro Hizmetleri;2;TYT;30;1;;1;;;1412295;264.20341;;
101850113;  Maliye;2;TYT;20;1;;1;;;1928924;234.50056;;
101890315;  Pastacýlýk ve Ekmekçilik;2;TYT;30;1;;1;;;...;----;;
101890032;  Posta Hizmetleri;2;TYT;40;1;;1;;;1972007;232.15752;;
101890301;  Sosyal Güvenlik;2;TYT;40;1;;1;;;1750407;244.43177;;
;Teknik Bilimler Meslek Yüksekokulu;;;;;;;;;;;;
101890047;  Alternatif Enerji Kaynaklarý Teknolojisi;2;TYT;30;1;;1;;;...;----;;
101850122;  Bilgisayar Programcýlýðý;2;TYT;50;2;;2;;;1380451;266.15989;;
101890051;  Biyomedikal Cihaz Teknolojisi;2;TYT;30;1;;1;;;1539139;256.61482;;
101890322;  Dijital Saðlýk Sistemleri Teknikerliði;2;TYT;40;1;;1;;;...;----;;
101890329;  Elektrikli Cihaz Teknolojisi;2;TYT;40;1;;1;;;...;----;*;MEDEK
101890048;  Fotoðrafçýlýk ve Kameramanlýk;2;TYT;30;1;;1;;;1895363;236.33689;;
101850291;  Grafik Tasarýmý;2;TYT;60;2;;2;;;1830418;239.94547;;
101850185;  Ýþ Saðlýðý ve Güvenliði;2;TYT;30;1;;1;;;1698264;247.39103;*;MEDEK
101890049;  Mekatronik;2;TYT;30;1;;1;;;1761839;243.78612;;
101890052;  Özel Güvenlik ve Koruma;2;TYT;40;1;;1;;2;1614890;252.18438;;
;BÝLECÝK ÞEYH EDEBALÝ ÜNÝVERSÝTESÝ (Devlet Üniversitesi);;;;;;;;;;;;
;Bozüyük Meslek Yüksekokulu;;;;;;;;;;;;
101950121;  Bankacýlýk ve Sigortacýlýk;2;TYT;25;1;;1;;;1630596;251.26834;;
101950387;  Dýþ Ticaret;2;TYT;40;1;;1;;;1759140;243.94176;;
101950396;  Grafik Tasarýmý;2;TYT;60;2;;2;;;1279007;272.47409;;
101950457;  Muhasebe ve Vergi Uygulamalarý;2;TYT;30;1;;1;;;1749124;244.50144;;
101990025;  Reklamcýlýk;2;TYT;30;1;;1;;;1718803;246.22607;;
;Gölpazarý Meslek Yüksekokulu;;;;;;;;;;;;
101990026;  Bankacýlýk ve Sigortacýlýk;2;TYT;25;1;;1;;;1883739;236.98391;;
101950687;  Büro Yönetimi ve Yönetici Asistanlýðý;2;TYT;40;1;;1;;;1774750;243.06457;;
101990028;  Sosyal Hizmetler;2;TYT;40;1;;1;;;1653152;249.97103;;
101950793;  Yerel Yönetimler;2;TYT;30;1;;1;;;1976438;231.91756;;
;Meslek Yüksekokulu;;;;;;;;;;;;
101990120;  Aþçýlýk;2;TYT;50;2;;2;;;1290370;271.76233;;
101950563;  Bilgisayar Programcýlýðý;2;TYT;60;2;;2;;;833178;303.95358;;
101990053;  Biyomedikal Cihaz Teknolojisi;2;TYT;30;1;;1;;;1121451;282.77447;;
101990071;  Çevre Koruma ve Kontrol;2;TYT;30;1;;1;;;1635366;250.99432;;
101950033;  Elektrik;2;TYT;40;1;;1;;;1274934;272.73046;;
101950712;  Elektrik Enerjisi Üretim, Ýletim ve Daðýtýmý;2;TYT;35;1;;1;;;1524924;257.44592;;
101950536;  Elektronik Haberleþme Teknolojisi;2;TYT;35;1;;1;;;1621891;251.77583;;
101950545;  Elektronik Teknolojisi;2;TYT;35;1;;1;;;1491362;259.43277;;
101990054;  Gýda Kalite Kontrolü ve Analizi;2;TYT;30;1;;1;;;1638662;250.80460;;
101950078;  Gýda Teknolojisi;2;TYT;35;1;;1;;;1490833;259.46460;;
101990030;  Hibrid ve Elektrikli Taþýtlar Teknolojisi;2;TYT;45;2;;2;;;764820;309.73297;;
101990127;  Hibrid ve Elektrikli Taþýtlar Teknolojisi (KKTC Uyruklu);2;TYT;1;;;;;5;...;----;;
101990023;  Ýç Mekan Tasarýmý;2;TYT;45;2;;2;;;1390808;265.52711;;
101950615;  Ýnþaat Teknolojisi;2;TYT;40;1;;1;;;1781918;242.65414;;
101950518;  Kimya Teknolojisi;2;TYT;20;1;;1;;;1320668;269.86991;;
101950554;  Kontrol ve Otomasyon Teknolojisi;2;TYT;30;1;;1;;;1359606;267.46150;;
101950103;  Makine;2;TYT;40;1;;1;;;1211589;276.82584;;
101990029;  Mekatronik;2;TYT;40;1;;1;;;1071924;286.14582;;
101990041;  Metalurji;2;TYT;30;1;;1;;;1821935;240.41800;;
101950633;  Otomotiv Teknolojisi;2;TYT;30;1;;1;;;1299760;271.17576;;
101990039;  Peyzaj ve Süs Bitkileri Yetiþtiriciliði;2;TYT;25;1;;1;;;1796014;241.85649;;
101950678;  Üretimde Kalite Kontrol;2;TYT;35;1;;1;;;1682969;248.25726;;
;Osmaneli Meslek Yüksekokulu;;;;;;;;;;;;
101950209;  Dýþ Ticaret;2;TYT;30;1;;1;;;1836524;239.60492;;
101950218;  Elektrik;2;TYT;40;1;;1;;;1525465;257.41336;;
101990064;  Evde Hasta Bakýmý;2;TYT;40;1;;1;;;862283;301.59070;;
101950739;  Ýþ Saðlýðý ve Güvenliði;2;TYT;30;1;;1;;;1451539;261.82175;;
101950236;  Makine;2;TYT;40;1;;1;;;1488952;259.58106;;
101950475;  Muhasebe ve Vergi Uygulamalarý;2;TYT;30;1;;1;;;1839088;239.46241;;
101950403;  Saðlýk Kurumlarý Ýþletmeciliði;2;TYT;30;1;;1;;;1557805;255.51719;;
101990032;  Týbbi Dokümantasyon ve Sekreterlik;2;TYT;30;1;;1;;;717549;313.98683;;
101990055;  Turizm ve Otel Ýþletmeciliði;2;TYT;25;1;;1;;;1767238;243.48574;;
;Pazaryeri Meslek Yüksekokulu;;;;;;;;;;;;
101950757;  Bankacýlýk ve Sigortacýlýk;2;TYT;25;1;;1;;;1890277;236.62332;;
101950572;  Bilgisayar Programcýlýðý;2;TYT;60;2;;2;;;1112066;283.41154;;
101950421;  Endüstri Ürünleri Tasarýmý;2;TYT;30;1;;1;;;1806033;241.30377;;
101990056;  Ýnternet ve Að Teknolojileri;2;TYT;50;2;;2;;;1581929;254.11502;;
101950599;  Týbbi Tanýtým ve Pazarlama;2;TYT;40;1;;1;;;1849717;238.87205;;
101990057;  Web Tasarýmý ve Kodlama;2;TYT;50;2;;2;;;1283694;272.17925;;
;Saðlýk Hizmetleri Meslek Yüksekokulu;;;;;;;;;;;;
101990078;  Ameliyathane Hizmetleri;2;TYT;40;1;;1;;;641266;321.31968;;
101950845;  Çocuk Geliþimi;2;TYT;35;1;;1;;;1017547;289.97039;;
101990092;  Diyaliz;2;TYT;30;1;;1;;;724442;313.34986;;
101990033;  Eczane Hizmetleri;2;TYT;35;1;;1;;;736984;312.19699;;
101950784;  Ýlk ve Acil Yardým;2;TYT;35;1;;1;;;530710;333.51902;;
101990034;  Optisyenlik;2;TYT;40;1;;1;;;810419;305.83982;;
101990035;  Týbbi Dokümantasyon ve Sekreterlik;2;TYT;30;1;;1;;;632270;322.21947;;
101950818;  Týbbi Laboratuvar Teknikleri;2;TYT;50;2;;2;;;625767;322.88757;;
;Söðüt Meslek Yüksekokulu;;;;;;;;;;;;
101990024;  Aþçýlýk;2;TYT;50;2;;2;;;1338363;268.77110;;
101990040;  Basým ve Yayým Teknolojileri;2;TYT;30;1;;1;;;1932406;234.30935;;
101950581;  Bilgisayar Programcýlýðý;2;TYT;50;2;;2;;;1163404;279.96526;;
101950696;  Büro Yönetimi ve Yönetici Asistanlýðý;2;TYT;25;1;;1;;;1712435;246.58451;;
101950863;  Halkla Ýliþkiler ve Tanýtým;2;TYT;40;1;;1;;;1891802;236.53318;;
101990015;  Ýç Mekan Tasarýmý;2;TYT;40;1;;1;;;1839455;239.44179;;
101990099;  Mahkeme Büro Hizmetleri;2;TYT;30;1;;1;;;1137713;281.69474;;
101950854;  Moda Tasarýmý;2;TYT;35;1;;1;;;1696260;247.50668;;
101950836;  Sosyal Güvenlik;2;TYT;80;2;;2;;;1852410;238.72125;;
;BÝNGÖL ÜNÝVERSÝTESÝ (Devlet Üniversitesi);;;;;;;;;;;;
;Biliþim Teknolojileri Meslek Yüksekokulu;;;;;;;;;;;;
102090273;  Bilgisayar Programcýlýðý;2;TYT;50;2;;2;;;1143678;281.28413;;
102090280;  Web Tasarýmý ve Kodlama;2;TYT;50;2;;2;;;1547007;256.15071;;
;Bingöl Sosyal Bilimler Meslek Yüksekokulu;;;;;;;;;;;;
102090058;  Aþçýlýk;2;TYT;50;2;;2;;;1377442;266.34378;;
102050224;  Büro Yönetimi ve Yönetici Asistanlýðý;2;TYT;35;1;;1;;;1481753;260.00713;;
102050427;  Çaðrý Merkezi Hizmetleri;2;TYT;40;1;;1;;;1587063;253.81038;;
102090096;  E-Ticaret ve Pazarlama;2;TYT;30;1;;1;;;1639836;250.73862;;
102050287;  Halkla Ýliþkiler ve Tanýtým;2;TYT;40;1;;1;;;1795593;241.88198;;
102050418;  Ýþ Saðlýðý ve Güvenliði;2;TYT;30;1;;1;;;1516703;257.92992;;
102050181;  Ýþletme Yönetimi;2;TYT;25;1;;1;;;1806415;241.28441;;
102050481;  Maliye;2;TYT;40;1;;1;;;1812508;240.94295;;
102050296;  Medya ve Ýletiþim;2;TYT;30;1;;1;;;1904493;235.83800;;
102050118;  Muhasebe ve Vergi Uygulamalarý;2;TYT;30;1;;1;;;1637123;250.89607;;
102090057;  Özel Güvenlik ve Koruma;2;TYT;40;1;;1;;2;1385271;265.86834;;
102090095;  Sivil Havacýlýk Kabin Hizmetleri;2;TYT;40;1;;1;;10;1067428;286.46158;;
102090076;  Sosyal Güvenlik;2;TYT;50;2;;2;;;1554138;255.73669;;
102090062;  Turist Rehberliði;2;TYT;20;1;;1;;;1455628;261.57406;;
102090126;  Turizm ve Otel Ýþletmeciliði;2;TYT;20;1;;1;;;1710320;246.70508;;
102090065;  Yerel Yönetimler;2;TYT;20;1;;1;;;1882560;237.05035;;
;Bingöl Teknik Bilimler Meslek Yüksekokulu;;;;;;;;;;;;
102050533;  Alternatif Enerji Kaynaklarý Teknolojisi;2;TYT;20;1;;1;;;1848573;238.93528;;
102090203;  Doðalgaz ve Tesisatý Teknolojisi;2;TYT;20;1;;1;;;1903169;235.91059;;
102050039;  Elektrik;2;TYT;35;1;;1;;;1268497;273.14320;;
102090097;  Elektronik Haberleþme Teknolojisi;2;TYT;20;1;;1;;;1756592;244.08630;;
102090287;  Giyim Üretim Teknolojisi;2;TYT;20;1;;1;;;...;----;;
102090105;  Grafik Tasarýmý;2;TYT;30;1;;1;;;1716864;246.33839;;
102090106;  Halýcýlýk ve Kilimcilik;2;TYT;20;1;;1;;;1915870;235.21499;;
102050454;  Harita ve Kadastro;2;TYT;30;1;;1;;;1561747;255.28948;;
102090088;  Ýç Mekan Tasarýmý;2;TYT;30;1;;1;;;1688464;247.94716;;
102050145;  Ýnþaat Teknolojisi;2;TYT;40;1;;1;;;1860656;238.26561;;
102090077;  Makine;2;TYT;35;1;;1;;;1777879;242.88472;;
102050348;  Mekatronik;2;TYT;25;1;;1;;;1556904;255.57326;;
102090079;  Otomotiv Teknolojisi;2;TYT;30;1;;1;;;1636651;250.92177;;
;Genç Meslek Yüksekokulu;;;;;;;;;;;;
102090087;  Biliþim Güvenliði Teknolojisi;2;TYT;50;2;;2;;;1843495;239.21875;;
102050393;  Çocuk Geliþimi;2;TYT;20;1;;1;;;1498088;259.03487;;
102050384;  Elektrik;2;TYT;20;1;;1;;;1652284;250.02137;;
102050542;  Ormancýlýk ve Orman Ürünleri;2;TYT;30;1;;1;;;1032318;288.91768;;
102090081;  Saðlýk Bilgi Sistemleri Teknikerliði;2;TYT;30;1;;1;;;1531382;257.06985;;
102050515;  Sivil Savunma ve Ýtfaiyecilik;2;TYT;70;2;;;;9;1266282;273.28589;;
;Gýda, Tarým ve Hayvancýlýk Meslek Yüksekokulu;;;;;;;;;;;;
102050012;  Arýcýlýk;2;TYT;20;1;;1;;;1803569;241.43733;;
102050242;  Bahçe Tarýmý;2;TYT;20;1;;1;;;1906101;235.74784;;
102090107;  Gýda Kalite Kontrolü ve Analizi;2;TYT;30;1;;1;;;1937207;234.04749;;
102090108;  Gýda Teknolojisi;2;TYT;30;1;;1;;;1896593;236.26882;;
102050251;  Laborant ve Veteriner Saðlýk;2;TYT;60;2;;2;;;1240592;274.94173;;
102090217;  Organik Tarým;2;TYT;20;1;;1;;;1991568;231.09865;;
102090294;  Peyzaj ve Süs Bitkileri Yetiþtiriciliði;2;TYT;15;1;;1;;;1916029;235.20640;;
102090224;  Sulama Teknolojisi;2;TYT;20;1;;1;;;1933034;234.27424;;
102090066;  Süt ve Ürünleri Teknolojisi;2;TYT;25;1;;1;;;1871890;237.64320;;
102050093;  Tarla Bitkileri;2;TYT;25;1;;1;;;1756693;244.08130;;
102090231;  Týbbi ve Aromatik Bitkiler;2;TYT;20;1;;1;;;1955359;233.06079;;
;Saðlýk Hizmetleri Meslek Yüksekokulu;;;;;;;;;;;;
102090082;  Aðýz ve Diþ Saðlýðý;2;TYT;40;1;;1;;;524620;334.27188;;
102090099;  Çevre Saðlýðý;2;TYT;40;1;;1;;;867157;301.21078;;
102050303;  Çocuk Geliþimi;2;TYT;30;1;;1;;;1198462;277.66757;;
102090083;  Çocuk Koruma ve Bakým Hizmetleri;2;TYT;40;1;;1;;;1408353;264.44951;;
102090084;  Diþ Protez Teknolojisi;2;TYT;40;1;;1;;;641577;321.28788;;
102090098;  Diyaliz;2;TYT;40;1;;1;;;749160;311.10314;;
102090067;  Eczane Hizmetleri;2;TYT;35;1;;1;;;740918;311.84105;;
102090119;  Engelli Bakýmý ve Rehabilitasyon;2;TYT;40;1;;1;;;1141600;281.42785;;
102090133;  Evde Hasta Bakýmý;2;TYT;40;1;;1;;;591211;326.55953;;
102050445;  Fizyoterapi;2;TYT;40;1;;1;;;792206;307.37669;;
102090064;  Ýlk ve Acil Yardým;2;TYT;40;1;;1;;;499687;337.47296;;
102090094;  Odyometri;2;TYT;30;1;;1;;;816732;305.30454;;
102050524;  Optisyenlik;2;TYT;30;1;;1;;;947601;295.07627;;
102050206;  Patoloji Laboratuvar Teknikleri;2;TYT;40;1;;1;;;832223;304.03480;;
102050436;  Saðlýk Kurumlarý Ýþletmeciliði;2;TYT;30;1;;1;;;1424080;263.47711;;
102050312;  Týbbi Dokümantasyon ve Sekreterlik;2;TYT;30;1;;1;;;637900;321.65168;;
102050199;  Týbbi Laboratuvar Teknikleri;2;TYT;40;1;;1;;;670612;318.40971;;
102050366;  Yaþlý Bakýmý;2;TYT;60;2;;2;;;913460;297.63047;;
;Solhan Saðlýk Hizmetleri Meslek Yüksekokulu;;;;;;;;;;;;
102050472;  Çocuk Geliþimi;2;TYT;30;1;;1;;;1511879;258.21512;;
102050499;  Týbbi Dokümantasyon ve Sekreterlik;2;TYT;30;1;;1;;;800184;306.69240;;
102050506;  Týbbi Laboratuvar Teknikleri;2;TYT;40;1;;1;;;804611;306.32629;;
;BÝTLÝS EREN ÜNÝVERSÝTESÝ (Devlet Üniversitesi);;;;;;;;;;;;
;Adilcevaz Meslek Yüksekokulu;;;;;;;;;;;;
102150365;  Bilgisayar Programcýlýðý;2;TYT;50;2;;2;;;1534199;256.90179;;
102190141;  Elektronik Haberleþme Teknolojisi;2;TYT;45;2;;2;;;1887251;236.79023;;
102190113;  Muhasebe ve Vergi Uygulamalarý;2;TYT;30;1;;1;;;1924153;234.75945;;
102150762;  Özel Güvenlik ve Koruma;2;TYT;45;2;;2;;2;1550621;255.94023;;
102190020;  Posta Hizmetleri;2;TYT;45;2;;2;;;1991859;231.08125;;
;Ahlat Meslek Yüksekokulu;;;;;;;;;;;;
102150841;  Bankacýlýk ve Sigortacýlýk;2;TYT;30;1;;1;;;1760796;243.84474;;
102190049;  Eser Koruma;2;TYT;30;1;;1;;;1988752;231.24699;;
102150577;  Maliye;2;TYT;30;1;;1;;;1935697;234.12704;;
102150753;  Mimari Dekoratif Sanatlar;2;TYT;30;1;;1;;;1997513;230.77644;;
102190197;  Ofis Teknolojileri ve Veri Yönetimi;2;TYT;30;1;;1;;;...;----;;
102190039;  Seramik ve Cam Tasarýmý;2;TYT;30;1;;1;;;2036767;228.65405;;
;Güroymak Meslek Yüksekokulu;;;;;;;;;;;;
102190064;  Fotoðrafçýlýk ve Kameramanlýk;2;TYT;30;1;;1;;;1946669;233.53754;;
102190071;  Halkla Ýliþkiler ve Tanýtým;2;TYT;30;1;;1;;;1913406;235.35253;;
;Hizan Meslek Yüksekokulu;;;;;;;;;;;;
102190106;  Arýcýlýk;2;TYT;25;1;;1;;163;1924322;234.75085;;
102150426;  Bankacýlýk ve Sigortacýlýk;2;TYT;25;1;;1;;163;1752970;244.28832;;
102150541;  Laborant ve Veteriner Saðlýk;2;TYT;40;1;;1;;163;1395656;265.22868;;
102150435;  Lojistik;2;TYT;30;1;;1;;163;1929834;234.45094;;
102190183;  Mahkeme Büro Hizmetleri;2;TYT;30;1;;1;;163;1284317;272.14438;;
102190134;  Maliye;2;TYT;30;1;;1;;163;1926958;234.60841;;
102150665;  Týbbi Tanýtým ve Pazarlama;2;TYT;40;1;;1;;163;1897415;236.22544;;
;Organize Sanayi Bölgesi Meslek Yüksekokulu;;;;;;;;;;;;
102190169;  Elektrik;2;TYT;40;1;;1;;340;1633868;251.08062;;
102190176;  Gýda Teknolojisi;2;TYT;30;1;;1;;340;1928293;234.53600;;
102190204;  Kaynak Teknolojisi;2;TYT;30;1;;1;;340;...;----;;
;Saðlýk Hizmetleri Meslek Yüksekokulu;;;;;;;;;;;;
102150683;  Anestezi;2;TYT;40;1;;1;;;399913;351.96827;;
102190211;  Çevre Saðlýðý ve Çevresel Risk Yönetimi Teknikerliði;2;TYT;50;2;;2;;;...;----;;
102150453;  Çocuk Geliþimi;2;TYT;35;1;;1;;;1205321;277.22483;;
102150692;  Engelli Bakýmý ve Rehabilitasyon;2;TYT;60;2;;2;;;1238350;275.08787;;
102150595;  Ýlk ve Acil Yardým;2;TYT;35;1;;1;;;499369;337.51291;;
102150798;  Optisyenlik;2;TYT;40;1;;1;;;1104533;283.93489;;
102150514;  Patoloji Laboratuvar Teknikleri;2;TYT;60;2;;2;;;858728;301.87109;;
102150771;  Sosyal Hizmetler;2;TYT;30;1;;1;;;1411926;264.22765;;
102150805;  Týbbi Görüntüleme Teknikleri;2;TYT;40;1;;1;;;553154;330.86643;;
102150532;  Týbbi Laboratuvar Teknikleri;2;TYT;50;2;;2;;;670753;318.39568;;
102150638;  Yaþlý Bakýmý;2;TYT;60;2;;2;;;889063;299.49618;;
;Sosyal Bilimler Meslek Yüksekokulu;;;;;;;;;;;;
102190148;  Aþçýlýk;2;TYT;30;1;;1;;;1383879;265.95645;;
102150647;  Çaðrý Merkezi Hizmetleri;2;TYT;40;1;;1;;;1705457;246.98016;;
102190031;  Ýþ Saðlýðý ve Güvenliði;2;TYT;30;1;;1;;;1493713;259.29511;;
102190035;  Muhasebe ve Vergi Uygulamalarý;2;TYT;30;1;;1;;;1844671;239.15107;;
102150726;  Saðlýk Kurumlarý Ýþletmeciliði;2;TYT;30;1;;1;;;1670436;248.97770;;
102150823;  Sosyal Güvenlik;2;TYT;50;2;;2;;;1516767;257.92587;;
;Tatvan Meslek Yüksekokulu;;;;;;;;;;;;
102190057;  Bilgisayar Teknolojisi;2;TYT;50;2;;2;;;1621602;251.79338;;
102190041;  Deniz ve Liman Ýþletmeciliði;2;TYT;35;1;;1;;;1860583;238.26995;;
102150198;  Harita ve Kadastro;2;TYT;30;1;;1;;;1648015;250.26312;;
102150286;  Laboratuvar Teknolojisi;2;TYT;35;1;;1;;;1197977;277.69913;;
102150277;  Muhasebe ve Vergi Uygulamalarý;2;TYT;30;1;;1;;;1816596;240.71527;;
102190044;  Saðlýk Bilgi Sistemleri Teknikerliði;2;TYT;40;1;;1;;;1472160;260.57852;;
102190246;  Yapý Tesisat Teknolojisi;2;TYT;35;1;;1;;;...;----;;
;Teknik Bilimler Meslek Yüksekokulu;;;;;;;;;;;;
102150789;  Biyomedikal Cihaz Teknolojisi;2;TYT;30;1;;1;;;1508054;258.44299;;
102150392;  Ýnþaat Teknolojisi;2;TYT;35;1;;1;;;1883729;236.98440;;
102190045;  Makine;2;TYT;30;1;;1;;;1761344;243.81361;;
102150498;  Mekatronik;2;TYT;30;1;;1;;;1707173;246.88005;;
102190046;  Mimari Restorasyon;2;TYT;35;1;;1;;;1936177;234.10264;;
102190050;  Otomotiv Teknolojisi;2;TYT;30;1;;1;;;1793289;242.01441;;
102150708;  Sivil Savunma ve Ýtfaiyecilik;2;TYT;50;2;;;;9;1127307;282.38651;;
102190032;  Tapu ve Kadastro;2;TYT;40;1;;1;;;1470185;260.69723;;
102190033;  Ulaþtýrma ve Trafik Hizmetleri;2;TYT;30;1;;1;;;1957611;232.93685;;
102150505;  Yapý Denetimi;2;TYT;30;1;;1;;;1926286;234.64208;;
;BOLU ABANT ÝZZET BAYSAL ÜNÝVERSÝTESÝ (Devlet Üniversitesi);;;;;;;;;;;;YÖKAK
;Bolu Meslek Yüksekokulu;;;;;;;;;;;;
100150768;  Bankacýlýk ve Sigortacýlýk;2;TYT;30;1;;1;;;1236219;275.22744;;
100190173;  Ýnsan Kaynaklarý Yönetimi;2;TYT;30;1;;1;;;1156853;280.40749;;
100150486;  Ýþletme Yönetimi;2;TYT;35;1;;1;;;1508796;258.39759;;
100150035;  Kooperatifçilik;2;TYT;30;1;;1;;;1820992;240.47036;;
100150441;  Muhasebe ve Vergi Uygulamalarý;2;TYT;30;1;;1;;;1421667;263.62400;;
100190174;  Saðlýk Kurumlarý Ýþletmeciliði;2;TYT;35;1;;1;;;1153959;280.59551;;
100150071;  Turizm ve Otel Ýþletmeciliði;2;TYT;30;1;;1;;;1447380;262.07232;;
;Bolu Teknik Bilimler Meslek Yüksekokulu;;;;;;;;;;;;
100150538;  Bilgisayar Programcýlýðý;2;TYT;60;2;;2;;;660491;319.40610;;
100150811;  Elektrik;2;TYT;50;2;;2;;321;1124337;282.58500;;
100150829;  Elektronik Teknolojisi;2;TYT;40;1;;1;;321;1217812;276.42294;;
100190243;  Gýda Teknolojisi;2;TYT;30;1;;1;;321;1268368;273.15316;;
100150865;  Grafik Tasarýmý;2;TYT;50;2;;2;;;869482;301.03615;;
100150777;  Ýç Mekan Tasarýmý;2;TYT;50;2;;2;;;1245307;274.63067;;
100150468;  Otomotiv Teknolojisi;2;TYT;30;1;;1;;;1052484;287.50530;;
100190168;  Peyzaj ve Süs Bitkileri Yetiþtiriciliði;2;TYT;30;1;;1;;;1749723;244.46831;;
100190152;  Tekstil Teknolojisi;2;TYT;30;1;;1;;321;1824216;240.29166;;
;Gerede Meslek Yüksekokulu;;;;;;;;;;;;
100150556;  Ayakkabý Tasarým ve Üretimi;2;TYT;20;1;;1;;;1923960;234.77020;;
100150195;  Bilgisayar Programcýlýðý;2;TYT;60;2;;2;;;875744;300.53572;;
100150423;  Deri Teknolojisi;2;TYT;25;1;;1;;;2082086;226.21073;;
100150495;  Ýþletme Yönetimi;2;TYT;35;1;;1;;;1805434;241.33701;;
100150132;  Kimya Teknolojisi;2;TYT;20;1;;1;;;1389341;265.61920;;
100190169;  Makine Resim ve Konstrüksiyonu;2;TYT;40;1;;1;;;1517399;257.88838;;
100150786;  Moda Tasarýmý;2;TYT;40;1;;1;;;1519860;257.74533;;
100150459;  Muhasebe ve Vergi Uygulamalarý;2;TYT;30;1;;1;;;1732470;245.44510;;
100150477;  Otomotiv Teknolojisi;2;TYT;30;1;;1;;;1338471;268.76444;;
100190214;  Özel Güvenlik ve Koruma;2;TYT;40;1;;1;;2;1458716;261.38858;;
100150856;  Posta Hizmetleri;2;TYT;80;2;;2;;;1972669;232.12276;;
100190175;  Sivil Savunma ve Ýtfaiyecilik;2;TYT;45;2;;;;9;918885;297.22870;;
100150432;  Tekstil Teknolojisi;2;TYT;25;1;;1;;;1865900;237.97590;;
;Mehmet Tanrýkulu Saðlýk Hizmetleri Meslek Yüksekokulu;;;;;;;;;;;;
100150714;  Aðýz ve Diþ Saðlýðý;2;TYT;40;1;;1;;;505883;336.66639;;
100150874;  Çocuk Geliþimi;2;TYT;25;1;;1;;;899499;298.69315;;
100190215;  Ýlk ve Acil Yardým;2;TYT;30;1;;1;;;434281;346.58561;;
100190122;  Týbbi Dokümantasyon ve Sekreterlik;2;TYT;30;1;;1;;;538045;332.64871;;
100150723;  Týbbi Görüntüleme Teknikleri;2;TYT;40;1;;1;;;488618;338.94302;;
;Mengen Meslek Yüksekokulu;;;;;;;;;;;;
100150202;  Aþçýlýk;2;TYT;80;2;;2;;;759472;310.19049;;
100190250;  Pastacýlýk ve Ekmekçilik;2;TYT;30;1;;1;;;1159382;280.23539;;
;Mudurnu Süreyya Astarcý Meslek Yüksekokulu;;;;;;;;;;;;
100150502;  Ýþletme Yönetimi;2;TYT;30;1;;1;;;1813429;240.89299;;
100150511;  Kümes Hayvanlarý Yetiþtiriciliði;2;TYT;20;1;;1;;;1842927;239.24993;;
100190150;  Laborant ve Veteriner Saðlýk;2;TYT;40;1;;1;;;913508;297.62660;;
100150689;  Mimari Restorasyon;2;TYT;30;1;;1;;;1799740;241.64593;;
100150705;  Ormancýlýk ve Orman Ürünleri;2;TYT;30;1;;1;;;852167;302.41513;;
100150592;  Turizm ve Otel Ýþletmeciliði;2;TYT;25;1;;1;;;1639740;250.74369;;
;Seben Ýzzet Baysal Meslek Yüksekokulu;;;;;;;;;;;;
100190299;  Akýllý Sera Teknolojileri;2;TYT;30;1;;1;;;...;----;;
100190257;  Bitki Koruma;2;TYT;30;1;;1;;;1815323;240.78570;;
100150802;  Ýþ Saðlýðý ve Güvenliði;2;TYT;30;1;;1;;;1328265;269.39941;;
100150847;  Sosyal Güvenlik;2;TYT;60;2;;2;;;1570177;254.79778;;
100150838;  Sosyal Hizmetler;2;TYT;30;1;;1;;;1328244;269.40058;;
;Yeniçaða Yaþar Çelik Meslek Yüksekokulu;;;;;;;;;;;;
100150644;  Dýþ Ticaret;2;TYT;35;1;;1;;;1581760;254.12644;;
100150635;  Gýda Kalite Kontrolü ve Analizi;2;TYT;40;1;;1;;;1601872;252.94162;;
100150608;  Ýnþaat Teknolojisi;2;TYT;35;1;;1;;;1612058;252.35051;;
100150617;  Lojistik;2;TYT;50;2;;2;;;1558582;255.47339;;
;BURDUR MEHMET AKÝF ERSOY ÜNÝVERSÝTESÝ (Devlet Üniversitesi);;;;;;;;;;;;YÖKAK
;Aðlasun Meslek Yüksekokulu;;;;;;;;;;;;
107350366;  Bankacýlýk ve Sigortacýlýk;2;TYT;25;1;;1;;;1748587;244.53135;;
107350587;  Bilgisayar Programcýlýðý;2;TYT;60;2;;2;;;1283877;272.16983;;
107390126;  Biliþim Güvenliði Teknolojisi;2;TYT;50;2;;2;;;1486162;259.75074;;
107390231;  Büro Yönetimi ve Yönetici Asistanlýðý;2;TYT;35;1;;1;;;1712697;246.56955;;
107390280;  Mahkeme Büro Hizmetleri;2;TYT;30;1;;1;;;1036279;288.63986;;
107351091;  Maliye;2;TYT;30;1;;1;;;1916157;235.19924;;
107351107;  Posta Hizmetleri;2;TYT;60;2;;2;;;2005846;230.32840;;
107390287;  Turizm ve Seyahat Hizmetleri;2;TYT;25;1;;1;;;1826289;240.18016;;
;Altýnyayla Mehmet Tuðrul Güvenlik Hizmetleri Meslek Yüksekokulu;;;;;;;;;;;;
107390189;  Acil Durum ve Afet Yönetimi;2;TYT;50;2;;2;;;994912;291.58874;;
107390196;  Sivil Savunma ve Ýtfaiyecilik;2;TYT;40;1;;;;9;973944;293.11526;;
;Bucak Emin Gülmez Teknik Bilimler Meslek Yüksekokulu;;;;;;;;;;;;
107390135;  Bilgisayar Destekli Tasarým ve Animasyon;2;TYT;55;2;;2;;;1398402;265.06076;;
107350896;  Biyomedikal Cihaz Teknolojisi;2;TYT;30;1;;1;;;1267572;273.20421;;
107390117;  Elektrik Enerjisi Üretim, Ýletim ve Daðýtýmý;2;TYT;50;2;;2;;;1649233;250.19572;;
107350842;  Grafik Tasarýmý;2;TYT;80;2;;2;;;1443372;262.32102;;
107350887;  Moda Tasarýmý;2;TYT;30;1;;1;;;1659209;249.62534;;
107350912;  Saðlýk Bilgi Sistemleri Teknikerliði;2;TYT;60;2;;2;;;1441469;262.43039;;
107390343;  Sanal ve Artýrýlmýþ Gerçeklik;2;TYT;30;1;;1;;;...;----;;
107390238;  Web Tasarýmý ve Kodlama;2;TYT;50;2;;2;;;1294501;271.50626;;
107390350;  Web Tasarýmý ve Kodlama (KKTC Uyruklu);2;TYT;2;;;;;5;...;----;;
107390357;  Yapay Zeka Operatörlüðü;2;TYT;30;1;;1;;320;...;----;;
107390364;  Yenilenebilir Enerji Teknikerliði;2;TYT;40;1;;1;;;...;----;;
;Bucak Hikmet Tolunay Meslek Yüksekokulu;;;;;;;;;;;;
107350242;  Çocuk Geliþimi;2;TYT;35;1;;1;;;1176940;279.06278;;
107350251;  Dýþ Ticaret;2;TYT;35;1;;1;;;1743694;244.80700;;
107350621;  Halkla Ýliþkiler ve Tanýtým;2;TYT;50;2;;2;;;1873867;237.53135;;
107350481;  Ýþletme Yönetimi;2;TYT;35;1;;1;;;1830329;239.95172;;
107350596;  Lojistik;2;TYT;50;2;;2;;;1793639;241.99307;;
107350427;  Muhasebe ve Vergi Uygulamalarý;2;TYT;30;1;;1;;;1703507;247.08895;;
107390086;  Sivil Hava Ulaþtýrma Ýþletmeciliði;2;TYT;35;1;;1;;10;1059946;286.98161;*;MEDEK
107390136;  Sivil Havacýlýk Kabin Hizmetleri;2;TYT;30;1;;1;;10;707056;314.95018;;
;Burdur Gýda Tarým ve Hayvancýlýk Meslek Yüksekokulu;;;;;;;;;;;;
107390371;  Akýllý Sera Teknolojileri;2;TYT;30;1;;1;;;...;----;;
107390123;  Aþçýlýk;2;TYT;50;2;;2;;;1025284;289.42280;;
107390110;  Bahçe Tarýmý;2;TYT;40;1;;1;;;1847899;238.97202;;
107351125;  Bitki Koruma;2;TYT;30;1;;1;;;1312696;270.35784;;
107390378;  Dijital Tarým Teknolojileri;2;TYT;30;1;;1;;;...;----;;
107351028;  Gýda Teknolojisi;2;TYT;35;1;;1;;;1578309;254.33088;;
107390385;  Kümes Hayvanlarý Yetiþtiriciliði;2;TYT;30;1;;1;;;...;----;;
107351064;  Laborant ve Veteriner Saðlýk;2;TYT;50;2;;2;;;809854;305.88815;;
107390152;  Süt ve Besi Hayvancýlýðý;2;TYT;30;1;;1;;;1926108;234.65204;;
107350393;  Süt ve Ürünleri Teknolojisi;2;TYT;30;1;;1;;;1955569;233.05046;;
;Burdur Saðlýk Hizmetleri Meslek Yüksekokulu;;;;;;;;;;;;
107390120;  Aðýz ve Diþ Saðlýðý;2;TYT;50;2;;2;;;553268;330.85382;;
107390153;  Ameliyathane Hizmetleri;2;TYT;50;2;;2;;;605140;325.04919;;
107390096;  Anestezi;2;TYT;50;2;;2;;;408543;350.57154;;
107390084;  Fizyoterapi;2;TYT;40;1;;1;;;667853;318.68449;;
107390148;  Fizyoterapi (KKTC Uyruklu);2;TYT;1;;;;;5;902100;298.50007;;
107351037;  Ýlk ve Acil Yardým;2;TYT;35;1;;1;;;497633;337.74862;*;MEDEK
107390161;  Ortopedik Protez ve Ortez;2;TYT;30;1;;1;;;724839;313.31167;;
107390392;  Tele-Saðlýk Teknikerliði;2;TYT;30;1;;1;;;...;----;;
107390399;  Týbbi Veri Ýþleme Teknikerliði;2;TYT;30;1;;1;;;...;----;;
;Çavdýr Meslek Yüksekokulu;;;;;;;;;;;;
107350903;  Ýþ Saðlýðý ve Güvenliði;2;TYT;30;1;;1;;;1587933;253.75873;*;MEDEK
107350948;  Sosyal Hizmetler;2;TYT;35;1;;1;;;1581526;254.13988;;
107390114;  Yaþlý Bakýmý;2;TYT;60;2;;2;;;1159726;280.21488;;
;Gölhisar Meslek Yüksekokulu;;;;;;;;;;;;
107350612;  Bankacýlýk ve Sigortacýlýk;2;TYT;25;1;;1;;;1751836;244.35300;;
107350578;  Bilgisayar Programcýlýðý;2;TYT;60;2;;2;;;1184656;278.56656;;
107390406;  Coðrafi Bilgi Sistemleri;2;TYT;30;1;;1;;;...;----;;
107390413;  Çevresel Ölçüm ve Ýzleme Sistemleri Teknikerliði;2;TYT;30;1;;1;;;...;----;;
107350321;  Elektrik;2;TYT;40;1;;1;;;1504958;258.62645;;
107351116;  Harita ve Kadastro;2;TYT;30;1;;1;;;1481033;260.04797;;
107350966;  Ýnternet ve Að Teknolojileri;2;TYT;50;2;;2;;;1709462;246.75553;;
107350603;  Maliye;2;TYT;30;1;;1;;;1858217;238.40023;;
107350984;  Mimari Restorasyon;2;TYT;40;1;;1;;;1900475;236.05760;*;MEDEK
107350957;  Ormancýlýk ve Orman Ürünleri;2;TYT;30;1;;1;;;812041;305.70008;;
107351019;  Sosyal Güvenlik;2;TYT;60;2;;2;;;1713011;246.55178;;
107390089;  Tapu ve Kadastro;2;TYT;50;2;;2;;;1270562;273.01321;;
;Gölhisar Saðlýk Hizmetleri Meslek Yüksekokulu;;;;;;;;;;;;
107350799;  Çocuk Geliþimi;2;TYT;35;1;;1;;;1245179;274.63766;;
107350851;  Eczane Hizmetleri;2;TYT;35;1;;1;;;844090;303.06533;;
107390420;  Evde Hasta Bakýmý;2;TYT;30;1;;1;;;...;----;;
107390094;  Ýlk ve Acil Yardým;2;TYT;40;1;;1;;;559148;330.16415;*;MEDEK
107390154;  Ýþ ve Uðraþý Terapisi;2;TYT;50;2;;2;;;1089778;284.92262;;
107390115;  Optisyenlik;2;TYT;30;1;;1;;;787144;307.80424;;
107350727;  Týbbi Dokümantasyon ve Sekreterlik;2;TYT;30;1;;1;;;658993;319.54986;;
;Sosyal Bilimler Meslek Yüksekokulu;;;;;;;;;;;;
107390127;  Basým ve Yayým Teknolojileri;2;TYT;55;2;;2;;;1890618;236.60321;;
107350666;  Büro Yönetimi ve Yönetici Asistanlýðý;2;TYT;35;1;;1;;;1584153;253.98318;;
107350745;  Çaðrý Merkezi Hizmetleri;2;TYT;70;2;;2;;;1629627;251.32413;;
107350409;  Muhasebe ve Vergi Uygulamalarý;2;TYT;30;1;;1;;;1626635;251.49947;;
107351073;  Saðlýk Kurumlarý Ýþletmeciliði;2;TYT;30;1;;1;;;1403401;264.75812;;
107350921;  Sivil Hava Ulaþtýrma Ýþletmeciliði;2;TYT;35;1;;1;;10;997359;291.41169;*;MEDEK
;Tefenni Meslek Yüksekokulu;;;;;;;;;;;;
107351134;  Ýnsan Kaynaklarý Yönetimi;2;TYT;40;1;;1;;;1838971;239.46968;;
107390427;  Ofis Teknolojileri ve Veri Yönetimi;2;TYT;30;1;;1;;;...;----;;
;Teknik Bilimler Meslek Yüksekokulu;;;;;;;;;;;;
107390434;  Akýllý Altyapýlar Teknikerliði;2;TYT;30;1;;1;;;...;----;;
107350551;  Bilgisayar Programcýlýðý;2;TYT;60;2;;2;;;842228;303.22112;;
107390441;  Bulut Biliþim Operatörlüðü;2;TYT;30;1;;1;;320;...;----;;
107390448;  Dijital Dönüþüm Elektroniði;2;TYT;30;1;;1;;320;...;----;;
107350869;  Doðalgaz ve Tesisatý Teknolojisi;2;TYT;30;1;;1;;;1803440;241.44372;;
107390455;  Elektrikli Cihaz Teknolojisi;2;TYT;50;2;;2;;;...;----;;
107390138;  Hibrid ve Elektrikli Taþýtlar Teknolojisi;2;TYT;40;1;;1;;;926106;296.68372;;
107350993;  Ýç Mekan Tasarýmý;2;TYT;50;2;;2;;;1478623;260.18642;;
107390462;  Ýmalat Yürütme Sistemleri Operatörlüðü;2;TYT;30;1;;1;;320;...;----;;
107350542;  Ýnþaat Teknolojisi;2;TYT;35;1;;1;;;1651449;250.07031;*;MEDEK
107351055;  Kontrol ve Otomasyon Teknolojisi;2;TYT;40;1;;1;;;1547755;256.10587;;
107390119;  Makine;2;TYT;50;2;;2;;;1364940;267.12765;;
107350939;  Mekatronik;2;TYT;40;1;;1;;;1269435;273.08239;;
107350445;  Otomotiv Teknolojisi;2;TYT;30;1;;1;;;1407665;264.49320;;
107390469;  Otonom Sistemler Teknikerliði;2;TYT;30;1;;1;;320;...;----;;
;Yeþilova Ýsmail Akýn Turizm Meslek Yüksekokulu;;;;;;;;;;;;
107390203;  Aþçýlýk;2;TYT;40;1;;1;;;1271780;272.93559;;
107390210;  Turist Rehberliði;2;TYT;35;1;;1;;;1430754;263.06699;;
107390217;  Turizm ve Otel Ýþletmeciliði;2;TYT;25;1;;1;;;1693179;247.68129;;
;BURSA ULUDAÐ ÜNÝVERSÝTESÝ (Devlet Üniversitesi);;;;;;;;;;;;YÖKAK
;Büyükorhan Meslek Yüksekokulu;;;;;;;;;;;;
109752088;  Avcýlýk ve Yaban Hayatý;2;TYT;40;1;;;;;1273867;272.79863;;
109790464;  Çocuk Geliþimi;2;TYT;35;1;;;;;953541;294.63290;;
109751796;  Ormancýlýk ve Orman Ürünleri;2;TYT;30;1;;;;;884970;299.81271;;
;Gemlik Asým Kocabýyýk Meslek Yüksekokulu;;;;;;;;;;;;
109751584;  Bahçe Tarýmý;2;TYT;40;1;;;;;1526961;257.32735;;
109751521;  Bilgisayar Programcýlýðý;2;TYT;60;2;;;;;481697;339.85224;;
109750392;  Deniz ve Liman Ýþletmeciliði;2;TYT;35;1;;;;;899071;298.72754;;
109750408;  Dýþ Ticaret;2;TYT;40;1;;;;;1006752;290.74531;;
109750417;  Gýda Teknolojisi;2;TYT;30;1;;;;;1128715;282.29022;;
109750426;  Harita ve Kadastro;2;TYT;30;1;;;;;933885;296.10178;;
109790556;  Hibrid ve Elektrikli Taþýtlar Teknolojisi;2;TYT;30;1;;;;;458404;343.07371;;
109751663;  Makine;2;TYT;60;2;;;;;745141;311.46634;;
;Harmancýk Meslek Yüksekokulu;;;;;;;;;;;;
109751133;  Aþçýlýk;2;TYT;60;2;;;;;909193;297.95362;;
109790472;  Mobilya ve Dekorasyon;2;TYT;35;1;;;;;1733020;245.41299;;
109751309;  Muhasebe ve Vergi Uygulamalarý;2;TYT;30;1;;;;;1579122;254.28294;;
109752043;  Turizm ve Otel Ýþletmeciliði;2;TYT;30;1;;;;;1418415;263.82087;;
109752052;  Turizm ve Seyahat Hizmetleri;2;TYT;30;1;;;;;1598525;253.13464;;
;Ýnegöl Meslek Yüksekokulu;;;;;;;;;;;;
109751081;  Çocuk Geliþimi;2;TYT;35;1;;;;;794219;307.20479;;
109750435;  Dýþ Ticaret;2;TYT;40;1;;;;;1079216;285.64342;;
109790661;  Elektrik Enerjisi Üretim, Ýletim ve Daðýtýmý;2;TYT;50;2;;;;;...;----;;
109790469;  Ýlk ve Acil Yardým;2;TYT;40;1;;;;;420241;348.74489;;
109751575;  Ýnþaat Teknolojisi;2;TYT;35;1;;;;;1182570;278.70024;;
109751336;  Ýþletme Yönetimi;2;TYT;35;1;;;;;1263566;273.46284;;
109790668;  Makine Resim ve Konstrüksiyonu;2;TYT;50;2;;;;;...;----;;
109750471;  Mobilya ve Dekorasyon;2;TYT;50;2;;;;;1363725;267.20403;;
109751257;  Muhasebe ve Vergi Uygulamalarý;2;TYT;30;1;;;;;1162090;280.05703;;
109751072;  Pazarlama;2;TYT;30;1;;;;;1382398;266.04636;;
109751196;  Tekstil Teknolojisi;2;TYT;50;2;;;;;1463638;261.09148;;
;Ýznik Meslek Yüksekokulu;;;;;;;;;;;;
109790471;  Çini Sanatý ve Tasarýmý;2;TYT;25;1;;;;;1190182;278.20848;;
109750532;  Gýda Teknolojisi;2;TYT;30;1;;;;;1425073;263.41568;;
109750541;  Harita ve Kadastro;2;TYT;30;1;;;;;1177007;279.05860;;
109751212;  Mimari Restorasyon;2;TYT;40;1;;;;;1142392;281.37506;;
109790460;  Seramik ve Cam Tasarýmý;2;TYT;30;1;;;;;1597662;253.18697;;
109750577;  Turist Rehberliði;2;TYT;50;2;;;;;1014590;290.18653;;
;Karacabey Meslek Yüksekokulu;;;;;;;;;;;;
109752176;  Bilgisayar Programcýlýðý;2;TYT;60;2;;;;;617797;323.73307;;
109750586;  Gýda Teknolojisi;2;TYT;30;1;;;;;1350572;268.02027;;
109751363;  Ýþletme Yönetimi;2;TYT;35;1;;;;;1534795;256.86818;;
109751803;  Laborant ve Veteriner Saðlýk;2;TYT;80;2;;;;;711773;314.51374;;
109751266;  Muhasebe ve Vergi Uygulamalarý;2;TYT;30;1;;;;;1499075;258.97496;;
109751769;  Organik Tarým;2;TYT;40;1;;;;;1821120;240.46244;;
109752061;  Süt ve Besi Hayvancýlýðý;2;TYT;40;1;;;;;1865516;237.99661;;
109751618;  Süt ve Ürünleri Teknolojisi;2;TYT;30;1;;;;;1862955;238.13753;;
;Keles Meslek Yüksekokulu;;;;;;;;;;;;
109751239;  Bankacýlýk ve Sigortacýlýk;2;TYT;25;1;;;;;1344376;268.40597;;
109751539;  Bilgisayar Programcýlýðý;2;TYT;60;2;;;;;761063;310.05617;;
109751106;  Gýda Teknolojisi;2;TYT;30;1;;;;;1694635;247.59783;;
109751345;  Ýþletme Yönetimi;2;TYT;35;1;;;;;1696861;247.47191;;
;Mennan Pasinli Atçýlýk Meslek Yüksekokulu;;;;;;;;;;;;
109752131;  Atçýlýk ve Antrenörlüðü;2;TYT;40;1;;;;;938555;295.75676;;
;Mustafakemalpaþa Meslek Yüksekokulu;;;;;;;;;;;;
109750692;  Gýda Teknolojisi;2;TYT;30;1;;;;;1472237;260.57370;;
109751354;  Ýþletme Yönetimi;2;TYT;35;1;;;;;1607876;252.59616;;
109751275;  Muhasebe ve Vergi Uygulamalarý;2;TYT;30;1;;;;;1643490;250.52218;;
109752007;  Organik Tarým;2;TYT;20;1;;;;;1781836;242.65920;;
109750726;  Pazarlama;2;TYT;30;1;;;;;1614174;252.22685;;
109750735;  Tohumculuk Teknolojisi;2;TYT;20;1;;;;;1687594;247.99520;;
;Orhaneli Meslek Yüksekokulu;;;;;;;;;;;;
109751645;  Büro Yönetimi ve Yönetici Asistanlýðý;2;TYT;40;1;;;;;1309550;270.56007;;
109752219;  Çaðrý Merkezi Hizmetleri;2;TYT;55;2;;;;;1491306;259.43642;;
109790612;  Giyim Üretim Teknolojisi;2;TYT;20;1;;;;;1503466;258.71338;;
109751284;  Muhasebe ve Vergi Uygulamalarý;2;TYT;30;1;;;;;1637196;250.89238;*;MEDEK
;Orhangazi Yeniköy Asil Çelik Meslek Yüksekokulu;;;;;;;;;;;;
109790570;  Bilgisayar Programcýlýðý;2;TYT;60;2;;;;;695011;316.07362;;
109790577;  Elektronik Teknolojisi;2;TYT;50;2;;;;;1182935;278.67962;;
109790584;  Makine;2;TYT;50;2;;;;;1151583;280.75763;;
109790591;  Otomotiv Teknolojisi;2;TYT;50;2;;;;;885201;299.79342;;
109790598;  Peyzaj ve Süs Bitkileri Yetiþtiriciliði;2;TYT;50;2;;;;;1887608;236.76926;;
;Saðlýk Hizmetleri Meslek Yüksekokulu;;;;;;;;;;;;
109750011;  Anestezi;2;TYT;40;1;;;;;285815;373.99975;;
109751654;  Ýlk ve Acil Yardým;2;TYT;40;1;;;;;353383;360.08871;;
109750038;  Týbbi Dokümantasyon ve Sekreterlik;2;TYT;30;1;;;;;459525;342.91047;;
109751557;  Týbbi Görüntüleme Teknikleri;2;TYT;40;1;;;;;381153;355.10002;;
109751548;  Týbbi Laboratuvar Teknikleri;2;TYT;50;2;;;;;430262;347.20081;;
;Sosyal Bilimler Meslek Yüksekokulu;;;;;;;;;;;;
109751221;  Bankacýlýk ve Sigortacýlýk;2;TYT;25;1;;;;;747711;311.23346;;
109751636;  Büro Yönetimi ve Yönetici Asistanlýðý;2;TYT;35;1;;;;;900784;298.59816;;
109750065;  Dýþ Ticaret;2;TYT;40;1;;;;;747422;311.26114;;
109790461;  Emlak Yönetimi;2;TYT;55;2;;;;;1114038;283.27618;;
109751327;  Ýþletme Yönetimi;2;TYT;35;1;;;;;846860;302.84374;;
109752034;  Lojistik;2;TYT;50;2;;;;;792105;307.38588;;
109751248;  Muhasebe ve Vergi Uygulamalarý;2;TYT;30;1;;;;;834952;303.80988;;
109751812;  Özel Güvenlik ve Koruma;2;TYT;40;1;;;;2;1038807;288.46095;;
109750108;  Pazarlama;2;TYT;30;1;;;;;958831;294.24484;;
109750126;  Turizm ve Otel Ýþletmeciliði;2;TYT;30;1;;;;;946502;295.16188;;
109751512;  Turizm ve Seyahat Hizmetleri;2;TYT;25;1;;;;;1096716;284.45297;;
109750144;  Yerel Yönetimler;2;TYT;55;2;;;;;1084348;285.29852;;
;Teknik Bilimler Meslek Yüksekokulu;;;;;;;;;;;;
109750374;  Bilgisayar Programcýlýðý;2;TYT;60;2;;;;;325304;365.56129;;
109790459;  Doðalgaz ve Tesisatý Teknolojisi;2;TYT;40;1;;;;;1253042;274.13184;;
109750198;  Elektrik;2;TYT;60;2;;;;;567660;329.18548;;
109751487;  Elektronik Teknolojisi;2;TYT;60;2;;;;;671000;318.37475;;
109750214;  Endüstriyel Kalýpçýlýk;2;TYT;60;2;;;;;865589;301.33110;;
109751672;  Et ve Ürünleri Teknolojisi;2;TYT;55;2;;;;;1599874;253.05629;;
109750223;  Gýda Teknolojisi;2;TYT;35;1;;;;;833785;303.90611;;
109751169;  Grafik Tasarýmý;2;TYT;50;2;;;;;530732;333.51604;;
109790470;  Hibrid ve Elektrikli Taþýtlar Teknolojisi;2;TYT;50;2;;;;;416428;349.32546;;
109751424;  Ýklimlendirme ve Soðutma Teknolojisi;2;TYT;40;1;;;;;1095264;284.55159;;
109752113;  Ýþ Saðlýðý ve Güvenliði;2;TYT;30;1;;;;;691020;316.44814;;
109752167;  Ýþ Saðlýðý ve Güvenliði (KKTC Uyruklu);2;TYT;1;;;;;5;;;;
109750259;  Makine;2;TYT;60;2;;;;;547125;331.57454;;
109790389;  Moda Tasarýmý;2;TYT;30;1;;;;;567248;329.23372;;
109751318;  Otomotiv Teknolojisi;2;TYT;30;1;;;;;509249;336.22832;;
109790458;  Peyzaj ve Süs Bitkileri Yetiþtiriciliði;2;TYT;50;2;;;;;1171972;279.39555;;
109790532;  Peyzaj ve Süs Bitkileri Yetiþtiriciliði (KKTC Uyruklu);2;TYT;1;;;;;5;;;;
109790640;  Robotik ve Yapay Zeka;2;TYT;60;2;;;;320;...;----;;
109790647;  Robotik ve Yapay Zeka (KKTC Uyruklu);2;TYT;1;;;;;5, 320;...;----;;
109751609;  Süt ve Ürünleri Teknolojisi;2;TYT;50;2;;;;;1464937;261.01477;;
109751566;  Tarým Makineleri;2;TYT;40;1;;;;;1296142;271.40087;;
109751187;  Tekstil Teknolojisi;2;TYT;60;2;;;;;909704;297.91630;;
;Yeniþehir Ýbrahim Orhan Meslek Yüksekokulu;;;;;;;;;;;;
109790390;  Bitki Koruma;2;TYT;30;1;;;;;1357600;267.58452;;
109751733;  Çocuk Geliþimi;2;TYT;30;1;;;;;965010;293.78227;;
109750841;  Dýþ Ticaret;2;TYT;40;1;;;;;1332433;269.14343;;
109750859;  Gýda Teknolojisi;2;TYT;30;1;;;;;1536515;256.76718;;
109751433;  Ýklimlendirme ve Soðutma Teknolojisi;2;TYT;30;1;;;;;1629603;251.32542;;
109752025;  Laborant ve Veteriner Saðlýk;2;TYT;50;2;;;;;779123;308.49715;;
109751293;  Muhasebe ve Vergi Uygulamalarý;2;TYT;30;1;;;;;1406617;264.55681;;
109790654;  Otomotiv Gövde ve Yüzey Ýþlem Teknolojileri;2;TYT;40;1;;;;;...;----;;
109752185;  Sivil Hava Ulaþtýrma Ýþletmeciliði;2;TYT;30;1;;;;10;762686;309.91357;;
;ÇANAKKALE ONSEKÝZ MART ÜNÝVERSÝTESÝ (Devlet Üniversitesi);;;;;;;;;;;;YÖKAK
;Ayvacýk Meslek Yüksekokulu;;;;;;;;;;;;
102751021;  Bankacýlýk ve Sigortacýlýk;2;TYT;25;1;;1;;;1411713;264.24070;;
102751269;  Geleneksel El Sanatlarý;2;TYT;20;1;;1;;;1842060;239.29847;;
102750826;  Ýþletme Yönetimi;2;TYT;35;1;;1;;;1674607;248.73900;;
102790173;  Turist Rehberliði;2;TYT;60;2;;2;;;1014118;290.22088;;
102750156;  Turizm ve Otel Ýþletmeciliði;2;TYT;30;1;;1;;;1426526;263.32871;;
;Bayramiç Meslek Yüksekokulu;;;;;;;;;;;;
102790172;  Çocuk Geliþimi;2;TYT;30;1;;1;;;980864;292.60418;;
102751339;  Halkla Ýliþkiler ve Tanýtým;2;TYT;55;2;;2;;;1735063;245.29738;;
102790211;  Laboratuvar Teknolojisi;2;TYT;35;1;;1;;;969808;293.41798;;
102790212;  Ormancýlýk ve Orman Ürünleri;2;TYT;30;1;;1;;;906584;298.15458;;
;Biga Meslek Yüksekokulu;;;;;;;;;;;;
102750208;  Elektrik;2;TYT;40;1;;1;;;1119424;282.91315;;
102751375;  Elektrik Enerjisi Üretim, Ýletim ve Daðýtýmý;2;TYT;30;1;;1;;;1271493;272.95476;;
102751515;  Elektrik Enerjisi Üretim, Ýletim ve Daðýtýmý (KKTC Uyruklu);2;TYT;1;;;;;5;...;----;;
102751012;  Gýda Teknolojisi;2;TYT;35;1;;1;;;1326174;269.53014;;
102751003;  Ýþletme Yönetimi;2;TYT;35;1;;1;;;1581460;254.14312;;
102750226;  Kooperatifçilik;2;TYT;25;1;;1;;;1885534;236.88414;;
102750235;  Makine;2;TYT;50;2;;2;;;1121634;282.76260;;
102790364;  Mobilya ve Dekorasyon;2;TYT;30;1;;1;;;1717846;246.28189;;
102750747;  Muhasebe ve Vergi Uygulamalarý;2;TYT;30;1;;1;;;1527466;257.30139;;
102750808;  Otomotiv Teknolojisi;2;TYT;30;1;;1;;;1056597;287.21485;;
102750271;  Pazarlama;2;TYT;35;1;;1;;;1639121;250.77848;;
102750695;  Süt ve Ürünleri Teknolojisi;2;TYT;30;1;;1;;;1910885;235.48846;;
102790539;  Yenilenebilir Enerji Teknikerliði;2;TYT;30;1;;1;;;...;----;;
102751136;  Yerel Yönetimler;2;TYT;50;2;;2;;;1739617;245.03797;;
;Çan Meslek Yüksekokulu;;;;;;;;;;;;
102790218;  Alternatif Enerji Kaynaklarý Teknolojisi;2;TYT;30;1;;1;;;1360292;267.41838;;
102751303;  Biyomedikal Cihaz Teknolojisi;2;TYT;30;1;;1;;;1068678;286.37574;;
102751172;  Elektrik Enerjisi Üretim, Ýletim ve Daðýtýmý;2;TYT;30;1;;1;;;1389183;265.62966;;
102751066;  Elektronik Teknolojisi;2;TYT;25;1;;1;;;1296082;271.40539;;
102751296;  Enerji Tesisleri Ýþletmeciliði;2;TYT;30;1;;1;;;1749638;244.47240;;
102790291;  Ýþ Saðlýðý ve Güvenliði;2;TYT;30;1;;1;;;1155277;280.50773;;
102790546;  Karbon Yönetimi Teknikerliði;2;TYT;30;1;;1;;;...;----;;
102750332;  Lojistik;2;TYT;60;2;;2;;;1347902;268.18573;;
102790234;  Madencilik Teknolojisi;2;TYT;30;1;;1;;;1624074;251.64639;;
102750323;  Mekatronik;2;TYT;40;1;;1;;;959476;294.19691;;
102751278;  Mimari Dekoratif Sanatlar;2;TYT;70;2;;2;;;1924863;234.72097;;
102751057;  Muhasebe ve Vergi Uygulamalarý;2;TYT;30;1;;1;;;1681747;248.32747;;
102751551;  Sondaj Teknolojisi;2;TYT;30;1;;1;;;1703738;247.07531;;
;Çanakkale Saðlýk Hizmetleri Meslek Yüksekokulu;;;;;;;;;;;;
102751287;  Anestezi;2;TYT;50;2;;2;;;325049;365.61519;;
102790308;  Eczane Hizmetleri;2;TYT;30;1;;1;;;553417;330.83747;;
102790553;  Eczane Hizmetleri (KKTC Uyruklu);2;TYT;1;;;;;5;...;----;;
102751321;  Elektronörofizyoloji;2;TYT;30;1;;1;;;689689;316.57083;;
102751048;  Ýlk ve Acil Yardým;2;TYT;40;1;;1;;;381182;355.09450;;
102750959;  Týbbi Görüntüleme Teknikleri;2;TYT;40;1;;1;;;420065;348.77161;;
102750941;  Týbbi Laboratuvar Teknikleri;2;TYT;50;2;;2;;;487807;339.04780;;
;Çanakkale Sosyal Bilimler Meslek Yüksekokulu;;;;;;;;;;;;
102751039;  Büro Yönetimi ve Yönetici Asistanlýðý;2;TYT;35;1;;1;;;997704;291.38842;;
102751393;  Çocuk Geliþimi;2;TYT;30;1;;1;;;759054;310.22787;;
102750605;  Fotoðrafçýlýk ve Kameramanlýk;2;TYT;40;1;;1;;;965648;293.73343;;
102750977;  Halkla Ýliþkiler ve Tanýtým;2;TYT;65;2;;2;;;1081509;285.48491;;
102750817;  Ýþletme Yönetimi;2;TYT;35;1;;1;;;1034745;288.74400;;
102750738;  Muhasebe ve Vergi Uygulamalarý;2;TYT;30;1;;1;;;1110745;283.50470;;
102750986;  Yerel Yönetimler;2;TYT;60;2;;2;;;1235836;275.25166;;
;Çanakkale Teknik Bilimler Meslek Yüksekokulu;;;;;;;;;;;;
102790560;  Alternatif Enerji Kaynaklarý Teknolojisi;2;TYT;30;1;;1;;;...;----;;
102750095;  Bilgisayar Programcýlýðý;2;TYT;60;2;;2;;;410759;350.22873;;
102790214;  Elektrik;2;TYT;60;2;;2;;;832926;303.97474;;
102751542;  Gýda Kalite Kontrolü ve Analizi;2;TYT;50;2;;2;;;1039120;288.44088;;
102751181;  Giyim Üretim Teknolojisi;2;TYT;30;1;;1;;;1245220;274.63513;;
102750623;  Grafik Tasarýmý;2;TYT;50;2;;2;;;673404;318.13969;;
102790292;  Ýç Mekan Tasarýmý;2;TYT;40;1;;1;;;763449;309.85127;;
102790567;  Ýnsansýz Araç Teknikerliði;2;TYT;30;1;;1;;320;...;----;;
102750968;  Ýnþaat Teknolojisi;2;TYT;40;1;;1;;;1187270;278.39781;;
102790574;  Mobil Teknolojileri;2;TYT;30;1;;1;;;...;----;;
102790581;  Otonom Sistemler Teknikerliði;2;TYT;30;1;;1;;320;...;----;;
102790588;  Oyun Geliþtirme ve Programlama;2;TYT;30;1;;1;;320;...;----;;
102790595;  Robotik ve Yapay Zeka;2;TYT;30;1;;1;;320;...;----;;
102790602;  Talaþlý Üretim Teknikerliði;2;TYT;50;2;;2;;;...;----;;
102790609;  Yapý Yüzeyi Tasarým Teknikerliði;2;TYT;20;1;;1;;;...;----;;
;Denizcilik Meslek Yüksekokulu;;;;;;;;;;;;
102790371;  Gemi Ýnþaatý;2;TYT;50;2;;2;;;630707;322.38205;;
102790378;  Mekatronik;2;TYT;30;1;;1;;;824504;304.66191;;
102790385;  Su Altý Kaynak Teknolojisi;2;TYT;25;1;;1;;57, 320;1031858;288.95078;;
102790392;  Su Altý Teknolojisi;2;TYT;25;1;;1;;57;1038211;288.50181;;
;Ezine Gýda Ýhtisas Organize Sanayi Bölgesi Meslek Yüksekokulu;;;;;;;;;;;;
102790399;  Dýþ Ticaret;2;TYT;40;1;;1;;;1622345;251.74975;;
102790406;  Gýda Kalite Kontrolü ve Analizi;2;TYT;45;2;;2;;321;1666508;249.20660;;
102790413;  Halkla Ýliþkiler ve Tanýtým;2;TYT;60;2;;2;;;1857375;238.44721;;
102790420;  Ýþletme Yönetimi;2;TYT;35;1;;1;;;1821190;240.45864;;
102790616;  Lojistik;2;TYT;30;1;;1;;;...;----;;
102790427;  Muhasebe ve Vergi Uygulamalarý;2;TYT;30;1;;1;;;1758806;243.95953;;
102790434;  Pazarlama;2;TYT;25;1;;1;;;1844458;239.16427;;
102790441;  Süt ve Ürünleri Teknolojisi;2;TYT;20;1;;1;;321;1928729;234.51137;;
102790448;  Turizm ve Seyahat Hizmetleri;2;TYT;25;1;;1;;;1756228;244.10614;;
;Gelibolu Piri Reis Meslek Yüksekokulu;;;;;;;;;;;;
102750377;  Deniz ve Liman Ýþletmeciliði;2;TYT;35;1;;1;;;1102506;284.06917;;
102751578;  Ýnsan Kaynaklarý Yönetimi;2;TYT;45;2;;2;;;1279169;272.46286;;
102750395;  Turizm ve Otel Ýþletmeciliði;2;TYT;30;1;;1;;;1374206;266.54147;;
102751533;  Turizm ve Seyahat Hizmetleri;2;TYT;25;1;;1;;;1605580;252.72814;;
;Gökçeada Meslek Yüksekokulu;;;;;;;;;;;;
102750677;  Dýþ Ticaret;2;TYT;45;2;;2;;;1243556;274.74596;;
102750711;  Halkla Ýliþkiler ve Tanýtým;2;TYT;45;2;;2;;;1556277;255.61151;;
102750844;  Ýþletme Yönetimi;2;TYT;35;1;;1;;;1593019;253.46080;;
102750465;  Turizm ve Otel Ýþletmeciliði;2;TYT;30;1;;1;;;1263443;273.47084;;
;Lapseki Meslek Yüksekokulu;;;;;;;;;;;;
102790623;  Akýllý Tarým ve Gýda Yönetimi;2;TYT;30;1;;1;;;...;----;;
102790216;  Bankacýlýk ve Sigortacýlýk;2;TYT;25;1;;1;;;1241038;274.91233;;
102751154;  Bitki Koruma;2;TYT;30;1;;1;;;1370638;266.76373;;
102790240;  Biyokimya;2;TYT;45;2;;2;;;838608;303.51795;;
102751145;  Fidan Yetiþtiriciliði;2;TYT;30;1;;1;;;1534982;256.85760;;
102751524;  Fidan Yetiþtiriciliði (KKTC Uyruklu);2;TYT;1;;;;;5;;;;
102751109;  Laboratuvar Teknolojisi;2;TYT;40;1;;1;;;889771;299.44105;;
102751163;  Maliye;2;TYT;50;2;;2;;;1486990;259.70119;;
102750774;  Muhasebe ve Vergi Uygulamalarý;2;TYT;30;1;;1;;;1499793;258.93200;;
102750598;  Organik Tarým;2;TYT;30;1;;1;;;1729704;245.60304;;
102790233;  Peyzaj ve Süs Bitkileri Yetiþtiriciliði;2;TYT;30;1;;1;;;1813395;240.89463;;
;Yenice Meslek Yüksekokulu;;;;;;;;;;;;
102750526;  Bankacýlýk ve Sigortacýlýk;2;TYT;25;1;;1;;;1586188;253.86086;;
102750686;  Dýþ Ticaret;2;TYT;40;1;;1;;;1614195;252.22500;;
102790293;  Laborant ve Veteriner Saðlýk;2;TYT;50;2;;2;;;839397;303.45428;;
102751127;  Lojistik;2;TYT;60;2;;2;;;1599746;253.06260;;
102751436;  Mimari Dekoratif Sanatlar;2;TYT;60;2;;2;;;1913836;235.32897;;
102790455;  Moda Tasarýmý;2;TYT;30;1;;1;;;1281090;272.34409;;
102751506;  Ormancýlýk ve Orman Ürünleri;2;TYT;30;1;;1;;;968035;293.55590;;
;ÇANKIRI KARATEKÝN ÜNÝVERSÝTESÝ (Devlet Üniversitesi);;;;;;;;;;;;YÖKAK
;Çerkeþ Meslek Yüksekokulu;;;;;;;;;;;;
102890085;  Endüstriyel Cam ve Seramik;2;TYT;25;1;;1;;;2029681;229.04249;;
102890158;  Evde Hasta Bakýmý;2;TYT;50;2;;2;;;912190;297.72873;;
102890172;  Yaþlý Bakýmý;2;TYT;45;2;;2;;;1212503;276.76565;;
;Eldivan Saðlýk Hizmetleri Meslek Yüksekokulu;;;;;;;;;;;;
102850376;  Çocuk Geliþimi;2;TYT;30;1;;1;;;1286531;272.00694;;
102850313;  Ýlk ve Acil Yardým;2;TYT;40;1;;1;;;567429;329.21137;*;MEDEK
102890067;  Optisyenlik;2;TYT;40;1;;1;;;993278;291.71001;;
;Gýda ve Tarým Meslek Yüksekokulu;;;;;;;;;;;;
102890151;  Avcýlýk ve Yaban Hayatý;2;TYT;30;1;;1;;;1306287;270.76346;;
102890137;  Tarla Bitkileri;2;TYT;30;1;;1;;;1926490;234.63159;;
102890228;  Týbbi ve Aromatik Bitkiler;2;TYT;30;1;;1;;;2055740;227.62243;;
;Meslek Yüksekokulu;;;;;;;;;;;;
102850304;  Bankacýlýk ve Sigortacýlýk;2;TYT;30;1;;1;;;1777884;242.88445;*;MEDEK
102850216;  Bilgisayar Programcýlýðý;2;TYT;60;2;;2;;;1058182;287.10335;;
102850349;  Büro Yönetimi ve Yönetici Asistanlýðý;2;TYT;40;1;;1;;;1621715;251.78674;;
102850022;  Elektrik;2;TYT;35;1;;1;;;1400592;264.92536;;
102890066;  Elektrikli Cihaz Teknolojisi;2;TYT;35;1;;1;;;1750395;244.43216;;
102890347;  Elektrikli Cihaz Teknolojisi (KKTC Uyruklu);2;TYT;1;;;;;5;...;----;;
102850164;  Elektronik Haberleþme Teknolojisi;2;TYT;40;1;;1;;;1766810;243.50965;;
102850173;  Elektronik Teknolojisi;2;TYT;35;1;;1;;;1633659;251.09311;*;MEDEK
102890049;  Ýç Mekan Tasarýmý;2;TYT;45;2;;2;;;1772659;243.18225;;
102850155;  Ýklimlendirme ve Soðutma Teknolojisi;2;TYT;30;1;;1;;;1900522;236.05461;;
102850207;  Ýnþaat Teknolojisi;2;TYT;40;1;;1;;;1903886;235.87203;;
102850094;  Makine;2;TYT;45;2;;2;;;1443529;262.31168;;
102850225;  Mekatronik;2;TYT;40;1;;1;;;1456932;261.49727;*;MEDEK
102850137;  Muhasebe ve Vergi Uygulamalarý;2;TYT;30;1;;1;;;1833399;239.78153;;
102850128;  Turizm ve Otel Ýþletmeciliði;2;TYT;25;1;;1;;;1770487;243.30389;;
;Sosyal Bilimler Meslek Yüksekokulu;;;;;;;;;;;;
102890095;  Ýþ Saðlýðý ve Güvenliði;2;TYT;30;1;;1;;;1516850;257.92143;*;MEDEK
102890109;  Özel Güvenlik ve Koruma;2;TYT;30;1;;1;;2;1476416;260.31973;;
102890123;  Sivil Savunma ve Ýtfaiyecilik;2;TYT;60;2;;;;9;1059354;287.02142;;
102890235;  Sosyal Hizmetler;2;TYT;30;1;;1;;;1383878;265.95650;;
;Þabanözü Meslek Yüksekokulu;;;;;;;;;;;;
102890354;  Çevre Saðlýðý ve Çevresel Risk Yönetimi Teknikerliði;2;TYT;45;2;;2;;;...;----;;
102890249;  Laborant ve Veteriner Saðlýk;2;TYT;45;2;;2;;;1322696;269.74624;;
102890256;  Týbbi Laboratuvar Teknikleri;2;TYT;40;1;;1;;;700621;315.54839;;
;ÇUKUROVA ÜNÝVERSÝTESÝ (ADANA) (Devlet Üniversitesi);;;;;;;;;;;;YÖKAK
;Abdi Sütcü Saðlýk Hizmetleri Meslek Yüksekokulu;;;;;;;;;;;;
102950666;  Aðýz ve Diþ Saðlýðý;2;TYT;40;1;;;4;;386838;354.14918;;
102950136;  Anestezi;2;TYT;40;1;;;4;;281168;375.06195;;
102951222;  Diþ Protez Teknolojisi;2;TYT;40;1;;;4;;397558;352.35822;;
102951204;  Fizyoterapi;2;TYT;40;1;;;4;;455337;343.51128;;
102951231;  Ýlk ve Acil Yardým;2;TYT;40;1;;;4;;330117;364.57989;;
102950851;  Týbbi Görüntüleme Teknikleri;2;TYT;30;1;;;3;;340517;362.53624;;
102950842;  Týbbi Laboratuvar Teknikleri;2;TYT;40;1;;;4;;435276;346.43802;;
102990471;  Týbbi Veri Ýþleme Teknikerliði;2;TYT;30;1;;;3;;...;----;;
102951249;  Yaþlý Bakýmý;2;TYT;50;2;;;5;;704822;315.15438;;
;Adana Meslek Yüksekokulu;;;;;;;;;;;;
102950127;  Bilgisayar Programcýlýðý;2;TYT;80;2;;;8;;576611;328.16838;*;MEDEK
102950799;  Bilgisayar Programcýlýðý (Uzaktan Öðretim);2;TYT;120;3;;;12;7, 8;1105256;283.88608;;
102951337;  Çocuk Geliþimi;2;TYT;30;1;;;3;;730641;312.77761;;
102950039;  Elektrik;2;TYT;60;2;;;6;;687739;316.75230;;
102950781;  Elektronik Teknolojisi;2;TYT;50;2;;;5;;958035;294.30675;*;MEDEK
102990327;  Emlak Yönetimi;2;TYT;55;2;;;6;;1293953;271.54104;;
102951346;  Ýç Mekan Tasarýmý;2;TYT;30;1;;;3;;848426;302.71671;;
102950772;  Ýklimlendirme ve Soðutma Teknolojisi;2;TYT;30;1;;;3;;1169123;279.58029;;
102950878;  Ýnþaat Teknolojisi;2;TYT;40;1;;;4;;1100287;284.21926;*;MEDEK
102950975;  Makine;2;TYT;65;2;;;7;;915886;297.44725;;
102951258;  Moda Tasarýmý;2;TYT;40;1;;;4;;1024084;289.51038;;
102950709;  Muhasebe ve Vergi Uygulamalarý;2;TYT;30;1;;;3;;1000148;291.21445;*;MEDEK
102950718;  Muhasebe ve Vergi Uygulamalarý (Uzaktan Öðretim);2;TYT;30;1;;;3;7;1402392;264.81897;;
102950754;  Otomotiv Teknolojisi;2;TYT;30;1;;;3;;791548;307.42993;;
102990401;  Saç Bakýmý ve Güzellik Hizmetleri;2;TYT;50;2;;;5;;900861;298.59164;;
102950684;  Tekstil Teknolojisi;2;TYT;25;1;;;3;;1271575;272.94961;;
102950806;  Turizm ve Seyahat Hizmetleri;2;TYT;25;1;;;3;;1238161;275.10114;;
;Adana Organize Sanayi Bölgesi Teknik Bilimler Meslek Yüksekokulu;;;;;;;;;;;;
102951319;  Coðrafi Bilgi Sistemleri;2;TYT;30;1;;;3;;1518384;257.83076;;
102951001;  Elektrik;2;TYT;35;1;;;4;321;991807;291.81620;;
102951019;  Elektronik Teknolojisi;2;TYT;40;1;;;4;321;1343886;268.43579;;
102951046;  Makine;2;TYT;35;1;;;4;321;1155981;280.46308;;MEDEK
102950993;  Tekstil Teknolojisi;2;TYT;30;1;;;3;321;1584842;253.94135;;
;Aladað Meslek Yüksekokulu;;;;;;;;;;;;
102951425;  Avcýlýk ve Yaban Hayatý;2;TYT;40;1;;;4;;1030743;289.02927;;
102990326;  Madencilik Teknolojisi;2;TYT;20;1;;;2;;1678718;248.50596;;
102951276;  Ormancýlýk ve Orman Ürünleri;2;TYT;30;1;;;3;;751035;310.93417;;
;Ceyhan Meslek Yüksekokulu;;;;;;;;;;;;
102950251;  Bilgisayar Programcýlýðý;2;TYT;60;2;;;6;;927410;296.58551;;
102950948;  Büro Yönetimi ve Yönetici Asistanlýðý;2;TYT;35;1;;;4;;1448107;262.03004;;
102950206;  Elektrik;2;TYT;55;2;;;6;;1260905;273.63313;;
102950763;  Ýnþaat Teknolojisi;2;TYT;40;1;;;4;;1673524;248.80079;;
102950727;  Muhasebe ve Vergi Uygulamalarý;2;TYT;30;1;;;3;;1593602;253.42886;;
102950233;  Pazarlama;2;TYT;30;1;;;3;;1666158;249.22673;;
102951285;  Sivil Savunma ve Ýtfaiyecilik;2;TYT;55;2;;;6;9;804911;306.30072;;
102990400;  Tarým Makineleri;2;TYT;40;1;;;4;;1781473;242.67935;;
;Ýmamoðlu Meslek Yüksekokulu;;;;;;;;;;;;
102951294;  Bilgisayar Teknolojisi;2;TYT;50;2;;;5;223;1389376;265.61713;;
102990325;  Doðalgaz ve Tesisatý Teknolojisi;2;TYT;30;1;;;3;223;1807698;241.21246;;
102951382;  Laboratuvar Teknolojisi;2;TYT;30;1;;;3;223;975758;292.98207;;
;Karaisalý Meslek Yüksekokulu;;;;;;;;;;;;
102950921;  Bilgisayar Destekli Tasarým ve Animasyon;2;TYT;50;2;;;5;;1444792;262.23231;;
102950348;  Bilgisayar Programcýlýðý;2;TYT;60;2;;;6;;1223864;276.02259;;
102990478;  Cnc Programlama ve Operatörlüðü;2;TYT;60;2;;;6;;...;----;;
102950296;  Harita ve Kadastro;2;TYT;30;1;;;3;;1261743;273.57878;;
102950303;  Ýþ Saðlýðý ve Güvenliði;2;TYT;30;1;;;3;;1176475;279.09364;;
102950321;  Seracýlýk;2;TYT;25;1;;;3;;1809685;241.10033;;
102950903;  Týbbi ve Aromatik Bitkiler;2;TYT;30;1;;;3;;1731109;245.51796;;
;Kozan Meslek Yüksekokulu;;;;;;;;;;;;
102951107;  Bahçe Tarýmý;2;TYT;40;1;;;4;;1762130;243.76913;;
102950693;  Bankacýlýk ve Sigortacýlýk;2;TYT;25;1;;;3;;1282546;272.25271;;
102950436;  Bilgisayar Programcýlýðý;2;TYT;50;2;;;5;;1104432;283.94205;;
102950736;  Muhasebe ve Vergi Uygulamalarý;2;TYT;30;1;;;3;;1534520;256.88537;;
102990485;  Ofis Teknolojileri ve Veri Yönetimi;2;TYT;35;1;;;4;;...;----;;
102950427;  Yerel Yönetimler;2;TYT;50;2;;;5;;1763563;243.68760;;
;Pozantý Meslek Yüksekokulu;;;;;;;;;;;;
102950887;  Bahçe Tarýmý;2;TYT;30;1;;;3;;1817829;240.64641;;
102951073;  Muhasebe ve Vergi Uygulamalarý;2;TYT;30;1;;;3;;1715208;246.42823;;
102951064;  Turizm ve Otel Ýþletmeciliði;2;TYT;25;1;;;3;;1671466;248.92220;;
;Tufanbeyli Meslek Yüksekokulu;;;;;;;;;;;;
102990257;  Elektrik Enerjisi Üretim, Ýletim ve Daðýtýmý (Tufanbeyli);2;TYT;40;1;;;4;;1609831;252.48250;;
;Yumurtalýk Meslek Yüksekokulu;;;;;;;;;;;;
102951373;  Dýþ Ticaret;2;TYT;40;1;;;4;;1578122;254.34233;;
102951125;  Organik Tarým;2;TYT;25;1;;;3;;1779113;242.81157;;
102951116;  Su Altý Teknolojisi;2;TYT;25;1;;;3;57;1488916;259.58314;;
102950463;  Turizm ve Otel Ýþletmeciliði;2;TYT;30;1;;;3;;1568332;254.90479;;
;DÝCLE ÜNÝVERSÝTESÝ (DÝYARBAKIR) (Devlet Üniversitesi);;;;;;;;;;;;YÖKAK
;Atatürk Saðlýk Hizmetleri Meslek Yüksekokulu;;;;;;;;;;;;
103050742;  Aðýz ve Diþ Saðlýðý;2;TYT;50;2;;2;5;;382920;354.79920;;
103050169;  Anestezi;2;TYT;40;1;;1;4;;261252;379.87793;;
103050751;  Diþ Protez Teknolojisi;2;TYT;50;2;;2;5;;499632;337.47933;;
103050733;  Diyaliz;2;TYT;70;2;;2;7;;595804;326.06443;;
103050706;  Fizyoterapi;2;TYT;40;1;;1;4;;563481;329.67211;;
103050627;  Ortopedik Protez ve Ortez;2;TYT;70;2;;2;7;;597076;325.92404;;
103050187;  Týbbi Dokümantasyon ve Sekreterlik;2;TYT;30;1;;1;3;;487138;339.13455;;
103050636;  Týbbi Görüntüleme Teknikleri;2;TYT;30;1;;1;3;;395298;352.73606;;
103050699;  Týbbi Laboratuvar Teknikleri;2;TYT;40;1;;1;4;;448543;344.50657;*;MEDEK
;Bismil Meslek Yüksekokulu;;;;;;;;;;;;
103090151;  Bilgisayar Programcýlýðý;2;TYT;60;2;;2;6;;1356560;267.64881;;
103050203;  Organik Tarým;2;TYT;30;1;;1;3;;1893675;236.43037;;
103050645;  Tarým Makineleri;2;TYT;30;1;;1;3;;1919779;234.99761;;
;Çermik Meslek Yüksekokulu;;;;;;;;;;;;
103050239;  Bankacýlýk ve Sigortacýlýk;2;TYT;25;1;;1;3;;1513266;258.13104;;
103050672;  Büro Yönetimi ve Yönetici Asistanlýðý;2;TYT;40;1;;1;4;;1458283;261.41530;;
103050557;  Ýþletme Yönetimi;2;TYT;35;1;;1;4;;1724405;245.90484;;
;Diyarbakýr Sosyal Bilimler Meslek Yüksekokulu;;;;;;;;;;;;
103050681;  Aþçýlýk;2;TYT;50;2;;2;5;;704652;315.16916;;
103090109;  Çocuk Geliþimi;2;TYT;30;1;;1;3;;783693;308.10078;;
103050548;  Ýþletme Yönetimi;2;TYT;35;1;;1;4;;1423813;263.49484;*;MEDEK
103050512;  Muhasebe ve Vergi Uygulamalarý;2;TYT;30;1;;1;3;;1213114;276.72438;*;MEDEK
103050821;  Turizm Animasyonu;2;TYT;50;2;;2;5;;1717798;246.28463;;
103050124;  Turizm ve Otel Ýþletmeciliði;2;TYT;30;1;;1;3;;1272486;272.88668;;
;Diyarbakýr Tarým Meslek Yüksekokulu;;;;;;;;;;;;
103050566;  Bahçe Tarýmý;2;TYT;50;2;;2;5;;1400353;264.93966;;
103050433;  Gýda Teknolojisi;2;TYT;35;1;;1;4;;1426574;263.32562;*;MEDEK
103050442;  Organik Tarým;2;TYT;50;2;;2;5;;1646498;250.35041;*;MEDEK
103050787;  Süt ve Besi Hayvancýlýðý;2;TYT;40;1;;1;4;;1901310;236.01352;;
103050503;  Süt ve Ürünleri Teknolojisi;2;TYT;50;2;;2;5;;1892564;236.49019;;
103050451;  Tohumculuk Teknolojisi;2;TYT;50;2;;2;5;;1875149;237.45682;;
;Diyarbakýr Teknik Bilimler Meslek Yüksekokulu;;;;;;;;;;;;
103090169;  Basým ve Yayým Teknolojileri;2;TYT;50;2;;2;5;;1746508;244.64838;;
103050151;  Bilgisayar Programcýlýðý;2;TYT;65;2;;2;7;;696456;315.93812;*;MEDEK
103050654;  Doðal Yapý Taþlarý Teknolojisi;2;TYT;50;2;;2;5;;1893314;236.45024;;
103050072;  Elektrik;2;TYT;60;2;;2;6;;926022;296.68985;*;MEDEK
103050663;  Elektrikli Cihaz Teknolojisi;2;TYT;40;1;;1;4;;1443666;262.30300;;
103050609;  Elektronik Teknolojisi;2;TYT;60;2;;2;6;;1233399;275.40552;*;MEDEK
103090233;  Harita ve Kadastro;2;TYT;30;1;;1;3;;901466;298.54701;;
103050848;  Ýç Mekan Tasarýmý;2;TYT;40;1;;1;4;;1043951;288.10280;;
103090149;  Ýnþaat Teknolojisi;2;TYT;40;1;;1;4;;1048515;287.78359;;
103050715;  Kimya Teknolojisi;2;TYT;20;1;;1;2;;1410457;264.32057;*;MEDEK
103050812;  Makine;2;TYT;60;2;;2;6;;1270145;273.03939;;
103090168;  Makine Resim ve Konstrüksiyonu;2;TYT;40;1;;1;4;;1723140;245.97534;;
103050857;  Mobilya ve Dekorasyon;2;TYT;40;1;;1;4;;1686926;248.03245;;
103090173;  Otomotiv Teknolojisi;2;TYT;30;1;;1;3;;1395292;265.25039;;
103090167;  Peyzaj ve Süs Bitkileri Yetiþtiriciliði;2;TYT;60;2;;2;6;;1782659;242.60966;*;MEDEK
103090254;  Radyo ve Televizyon Teknolojisi;2;TYT;40;1;;1;4;;1549218;256.02323;;
103090108;  Saç Bakýmý ve Güzellik Hizmetleri;2;TYT;60;2;;2;6;;992284;291.78285;;
103090261;  Tekstil Teknolojisi;2;TYT;40;1;;1;4;;1727044;245.75493;;
;Ergani Meslek Yüksekokulu;;;;;;;;;;;;
103050318;  Bilgisayar Programcýlýðý;2;TYT;60;2;;2;6;;1384944;265.88933;*;MEDEK
103090174;  Çocuk Geliþimi;2;TYT;30;1;;1;3;;1156505;280.42923;;
103050593;  Ýþletme Yönetimi;2;TYT;35;1;;1;4;;1719944;246.16244;;
103050521;  Muhasebe ve Vergi Uygulamalarý;2;TYT;30;1;;1;3;;1603680;252.83737;*;MEDEK
;Silvan Meslek Yüksekokulu;;;;;;;;;;;;
103050796;  Bilgisayar Programcýlýðý;2;TYT;60;2;;2;6;;1514893;258.03181;;
103050724;  Çocuk Geliþimi;2;TYT;30;1;;1;3;;1234439;275.33889;;
103050803;  Elektrik;2;TYT;50;2;;2;5;;1524403;257.47833;*;MEDEK
;DOKUZ EYLÜL ÜNÝVERSÝTESÝ (ÝZMÝR) (Devlet Üniversitesi);;;;;;;;;;;;YÖKAK
;Bergama Meslek Yüksekokulu;;;;;;;;;;;;
103190782;  Alternatif Enerji Kaynaklarý Teknolojisi;2;TYT;30;1;;;;;...;----;;
103150759;  Bilgisayar Teknolojisi;2;TYT;60;2;;;;;717109;314.02529;;
103150741;  Ýþ Makineleri Operatörlüðü;2;TYT;40;1;;;;;1012797;290.31804;;
103150714;  Ýþ Saðlýðý ve Güvenliði;2;TYT;30;1;;;;;866266;301.27863;;
;Efes Meslek Yüksekokulu (Selçuk);;;;;;;;;;;;
103190563;  Gýda Teknolojisi;2;TYT;35;1;;;;;971078;293.32900;;
103190567;  Kültürel Miras ve Turizm;2;TYT;60;2;;;;;1332783;269.12002;;
103150786;  Sivil Hava Ulaþtýrma Ýþletmeciliði;2;TYT;35;1;;;;10;590411;326.64505;*;MEDEK
103190408;  Sivil Hava Ulaþtýrma Ýþletmeciliði (KKTC Uyruklu);2;TYT;1;;;;;5, 10;642261;321.21547;;
103190691;  Sivil Havacýlýk Kabin Hizmetleri;2;TYT;40;1;;;;10;468966;341.58988;;
103150777;  Turizm ve Otel Ýþletmeciliði;2;TYT;30;1;;;;;1020312;289.77058;;
;Ýzmir Meslek Yüksekokulu;;;;;;;;;;;;
103150335;  Bilgisayar Programcýlýðý;2;TYT;70;2;;;;;320029;366.62485;;
103150705;  Bilgisayar Programcýlýðý (Uzaktan Öðretim);2;TYT;100;3;;;;7, 8;472596;341.09698;;
103150644;  Büro Yönetimi ve Yönetici Asistanlýðý;2;TYT;35;1;;;;;820151;305.02105;;
103150062;  Döküm;2;TYT;50;2;;;;;1336052;268.91373;;
103150071;  Elektrik;2;TYT;60;2;;;;;583996;327.34612;;
103190629;  Elektrik (KKTC Uyruklu);2;TYT;1;;;;;5;1606662;252.66829;;
103150556;  Elektronik Haberleþme Teknolojisi;2;TYT;60;2;;;;;877362;300.41401;;
103150565;  Elektronik Teknolojisi;2;TYT;65;2;;;;;718813;313.87295;;
103150114;  Harita ve Kadastro;2;TYT;30;1;;;;;739987;311.92303;;
103150547;  Ýklimlendirme ve Soðutma Teknolojisi;2;TYT;50;2;;;;;994134;291.64723;;
103150626;  Ýnþaat Teknolojisi;2;TYT;40;1;;;;;674588;318.02227;;
103150538;  Kimya Teknolojisi;2;TYT;20;1;;;;;775780;308.79651;;
103150468;  Kuyumculuk ve Taký Tasarýmý;2;TYT;50;2;;;;;933890;296.10124;;
103150159;  Makine;2;TYT;65;2;;;;;603914;325.17660;;
103190543;  Makine Resim ve Konstrüksiyonu;2;TYT;65;2;;;;;889930;299.43018;;
103150177;  Mekatronik;2;TYT;55;2;;;;;445104;344.99302;;
103150502;  Muhasebe ve Vergi Uygulamalarý;2;TYT;30;1;;;;;796705;306.99336;*;MEDEK
103150195;  Pazarlama;2;TYT;30;1;;;;;833826;303.90208;;
103150202;  Saðlýk Kurumlarý Ýþletmeciliði;2;TYT;30;1;;;;;799532;306.74950;;
103150635;  Tarýmsal Ýþletmecilik;2;TYT;35;1;;;;;1189134;278.27610;;
103150477;  Tekstil Teknolojisi;2;TYT;50;2;;;;;987252;292.14214;;
103150238;  Turizm ve Otel Ýþletmeciliði;2;TYT;30;1;;;;;745896;311.39836;;
103150608;  Yapý Tesisat Teknolojisi;2;TYT;60;2;;;;;1207585;277.08228;;
103190630;  Yapý Tesisat Teknolojisi (KKTC Uyruklu);2;TYT;1;;;;;5;;;;
103150247;  Yerel Yönetimler;2;TYT;70;2;;;;;924398;296.81275;;
;Kiraz Meslek Yüksekokulu;;;;;;;;;;;;
103190789;  Laborant ve Veteriner Saðlýk;2;TYT;40;1;;;;;...;----;;
103190796;  Süt ve Ürünleri Teknolojisi;2;TYT;40;1;;;;;...;----;;
;Saðlýk Hizmetleri Meslek Yüksekokulu;;;;;;;;;;;;
103190413;  Aðýz ve Diþ Saðlýðý;2;TYT;40;1;;;;;371554;356.81212;;
103190803;  Aðýz ve Diþ Saðlýðý (KKTC Uyruklu);2;TYT;2;;;;;5;...;----;;
103150353;  Anestezi;2;TYT;40;1;;;;;277878;375.83726;;
103190810;  Biyomedikal Cihaz Teknolojisi;2;TYT;30;1;;;;;733832;312.48382;;
103190817;  Biyomedikal Cihaz Teknolojisi (KKTC Uyruklu);2;TYT;1;;;;;5;1152134;280.71943;;
103150653;  Ýlk ve Acil Yardým;2;TYT;40;1;;;;;323693;365.88585;*;MEDEK
103150698;  Nükleer Týp Teknikleri;2;TYT;40;1;;;;;614078;324.10517;;
103150768;  Nükleer Týp Teknikleri (KKTC Uyruklu);2;TYT;1;;;;;5;1725320;245.85563;;
103150459;  Odyometri;2;TYT;40;1;;;;;534660;333.05351;;
103150371;  Radyoterapi;2;TYT;40;1;;;;;548357;331.43074;;
103150389;  Týbbi Dokümantasyon ve Sekreterlik;2;TYT;30;1;;;;;458381;343.07719;;
103150617;  Týbbi Görüntüleme Teknikleri;2;TYT;40;1;;;;;366458;357.70587;;
103150732;  Týbbi Görüntüleme Teknikleri (KKTC Uyruklu);2;TYT;1;;;;;5;1549837;255.98671;;
103150592;  Týbbi Laboratuvar Teknikleri;2;TYT;50;2;;;;;418902;348.94652;;
;Torbalý Meslek Yüksekokulu;;;;;;;;;;;;
103150529;  Doðal Yapý Taþlarý Teknolojisi;2;TYT;40;1;;;;;1531085;257.08619;;
103150486;  Endüstriyel Cam ve Seramik;2;TYT;30;1;;;;;1412151;264.21356;;
103150511;  Geoteknik;2;TYT;40;1;;;;;1303052;270.96836;;
103190640;  Kaynak Teknolojisi;2;TYT;40;1;;;;;1203541;277.34092;;
103190564;  Madencilik Teknolojisi;2;TYT;30;1;;;;;1229588;275.64898;;
103190824;  Sivil Savunma ve Ýtfaiyecilik;2;TYT;30;1;;;;9;...;----;;
103150495;  Sondaj Teknolojisi;2;TYT;30;1;;;;;1320416;269.88478;;
;DÜZCE ÜNÝVERSÝTESÝ (Devlet Üniversitesi);;;;;;;;;;;;YÖKAK
;Akçakoca Meslek Yüksekokulu;;;;;;;;;;;;
103390258;  Aþçýlýk;2;TYT;40;1;;1;;;...;----;;
103350703;  Bilgisayar Programcýlýðý;2;TYT;60;2;;2;;;845566;302.95007;;
103350184;  Dýþ Ticaret;2;TYT;45;2;;2;;;1613193;252.28268;;
103350642;  Gýda Teknolojisi;2;TYT;35;1;;1;;;1460834;261.26015;;
103350396;  Ýþletme Yönetimi;2;TYT;35;1;;1;;;1722018;246.03887;;
103390223;  Mahkeme Büro Hizmetleri;2;TYT;30;1;;1;;;994400;291.62618;;
103350351;  Muhasebe ve Vergi Uygulamalarý;2;TYT;30;1;;1;;;1670777;248.96010;;
103350166;  Turizm ve Otel Ýþletmeciliði;2;TYT;30;1;;1;;;1657610;249.71610;;
;Çilimli Meslek Yüksekokulu;;;;;;;;;;;;
103390148;  Laborant ve Veteriner Saðlýk;2;TYT;40;1;;1;;;1021668;289.67280;;
103350369;  Muhasebe ve Vergi Uygulamalarý;2;TYT;30;1;;1;;;1770736;243.28939;;
103350669;  Týbbi ve Aromatik Bitkiler;2;TYT;30;1;;1;;;1780935;242.71062;;
;Dr. Engin Pak Cumayeri Meslek Yüksekokulu;;;;;;;;;;;;
103350766;  Büro Yönetimi ve Yönetici Asistanlýðý;2;TYT;35;1;;1;;;1572551;254.66048;;
103350581;  Endüstriyel Kalýpçýlýk;2;TYT;30;1;;1;;;1682735;248.26975;;
103350306;  Makine;2;TYT;60;2;;2;;;1461803;261.20048;;
103350678;  Mekatronik;2;TYT;40;1;;1;;;1135842;281.81803;;
;Gölyaka Meslek Yüksekokulu;;;;;;;;;;;;
103350457;  Bilgisayar Programcýlýðý;2;TYT;60;2;;2;;;981561;292.55439;;
103390251;  E-Ticaret ve Pazarlama;2;TYT;30;1;;1;;;1455332;261.59158;;
103350536;  Grafik Tasarýmý;2;TYT;50;2;;2;;;1180243;278.85310;;
103350633;  Halkla Ýliþkiler ve Tanýtým;2;TYT;60;2;;2;;;1778584;242.84236;;
103350193;  Turizm ve Otel Ýþletmeciliði;2;TYT;20;1;;1;;;1742323;244.88523;;
;Gümüþova Meslek Yüksekokulu;;;;;;;;;;;;
103350236;  Ýþ Saðlýðý ve Güvenliði;2;TYT;30;1;;1;;;1424734;263.43866;;
103350615;  Kaynak Teknolojisi;2;TYT;25;1;;1;;;...;----;;
103390160;  Makine Resim ve Konstrüksiyonu;2;TYT;45;2;;2;;;1663705;249.36600;;
103350509;  Metalurji;2;TYT;40;1;;1;;;1818285;240.62130;;
103350624;  Üretimde Kalite Kontrol;2;TYT;40;1;;1;;;1737834;245.14202;;
;Kaynaþlý Meslek Yüksekokulu;;;;;;;;;;;;
103390149;  Acil Durum ve Afet Yönetimi;2;TYT;50;2;;2;;;971556;293.29473;;
103390265;  Çevre Saðlýðý ve Çevresel Risk Yönetimi Teknikerliði;2;TYT;35;1;;1;;;...;----;;
103350554;  Dýþ Ticaret;2;TYT;35;1;;1;;;1762143;243.76818;;
103350563;  Geleneksel El Sanatlarý;2;TYT;20;1;;1;;;1886710;236.81899;;
103350272;  Harita ve Kadastro;2;TYT;30;1;;1;;;1344374;268.40611;;
103350448;  Lojistik;2;TYT;30;1;;1;;;1375089;266.48508;;
103390202;  Polimer Teknolojisi;2;TYT;35;1;;1;;;1812807;240.92618;;
103350254;  Yapý Ressamlýðý;2;TYT;35;1;;1;;;1844494;239.16219;;
;Meslek Yüksekokulu;;;;;;;;;;;;
103350757;  Arýcýlýk (Yýðýlca);2;TYT;20;1;;1;;;1912799;235.38487;;
103390286;  Arka-Yüz Yazýlým Geliþtirme;2;TYT;30;1;;1;;320;...;----;;
103350518;  Bilgisayar Programcýlýðý;2;TYT;60;2;;2;;;696923;315.89219;;
103350024;  Elektrik;2;TYT;50;2;;2;;;1180637;278.82879;;
103350421;  Elektronik Teknolojisi;2;TYT;40;1;;1;;;1318777;269.99258;;
103390123;  Ýç Mekan Tasarýmý;2;TYT;30;1;;1;;;1139225;281.58798;;
103350403;  Ýklimlendirme ve Soðutma Teknolojisi;2;TYT;40;1;;1;;;1735262;245.28596;;
103350493;  Ýnþaat Teknolojisi;2;TYT;35;1;;1;;;1526496;257.35588;;
103350439;  Kontrol ve Otomasyon Teknolojisi;2;TYT;35;1;;1;;;1259254;273.73546;;
103350096;  Makine;2;TYT;45;2;;2;;;1102943;284.03907;;
103350739;  Moda Tasarýmý;2;TYT;30;1;;1;;;1425891;263.36673;;
103350378;  Otomotiv Teknolojisi;2;TYT;30;1;;1;;;1132436;282.04389;;
103390293;  Robotik ve Yapay Zeka;2;TYT;30;1;;1;;320;...;----;;
103390300;  Yenilenebilir Enerji Teknikerliði;2;TYT;30;1;;1;;;...;----;;
;Ormancýlýk Meslek Yüksekokulu;;;;;;;;;;;;
103350784;  Ormancýlýk ve Orman Ürünleri;2;TYT;30;1;;1;;;724711;313.32376;;
;Saðlýk Hizmetleri Meslek Yüksekokulu;;;;;;;;;;;;
103350599;  Çocuk Geliþimi;2;TYT;35;1;;1;;;949010;294.97022;;
103350721;  Ýlk ve Acil Yardým;2;TYT;35;1;;1;;;504749;336.81190;;
103390307;  Týbbi Veri Ýþleme Teknikerliði;2;TYT;30;1;;1;;;...;----;;
103350687;  Yaþlý Bakýmý;2;TYT;70;2;;2;;;1066918;286.49499;;
;Sosyal Bilimler Meslek Yüksekokulu;;;;;;;;;;;;
103350696;  Çaðrý Merkezi Hizmetleri;2;TYT;75;2;;2;;;1687726;247.98801;;
103350387;  Ýþletme Yönetimi;2;TYT;35;1;;1;;;1559070;255.44371;;
103350342;  Muhasebe ve Vergi Uygulamalarý;2;TYT;30;1;;1;;;1436044;262.75285;;
103350527;  Sosyal Güvenlik;2;TYT;70;2;;2;;;1322605;269.75197;;
;EGE ÜNÝVERSÝTESÝ (ÝZMÝR) (Devlet Üniversitesi);;;;;;;;;;;;YÖKAK
;Aliaða Meslek Yüksekokulu;;;;;;;;;;;;
103450571;  Elektrik;2;TYT;80;2;;;;;853345;302.31606;*;MEDEK
103450614;  Makine;2;TYT;80;2;;;;;812261;305.68160;*;MEDEK
103451348;  Metalurji;2;TYT;50;2;;;;;1170375;279.49998;;
103451048;  Rafineri ve Petro-Kimya Teknolojisi;2;TYT;20;1;;;;;1015666;290.10873;;
;Atatürk Saðlýk Hizmetleri Meslek Yüksekokulu;;;;;;;;;;;;
103451569;  Ameliyathane Hizmetleri;2;TYT;50;2;;;;;455167;343.53772;;
103451718;  Ameliyathane Hizmetleri (KKTC Uyruklu);2;TYT;1;;;;;5;...;----;;
103450023;  Anestezi;2;TYT;35;1;;;;;244630;384.13819;;
103450147;  Çocuk Geliþimi;2;TYT;30;1;;;;;530201;333.58145;;
103450041;  Diyaliz;2;TYT;70;2;;;;;521372;334.68049;;
103451745;  Diyaliz (KKTC Uyruklu);2;TYT;1;;;;;5;...;----;;
103451375;  Eczane Hizmetleri;2;TYT;35;1;;;;;528702;333.76757;;
103451666;  Engelli Bakýmý ve Rehabilitasyon;2;TYT;65;2;;;;;859224;301.83304;;
103490440;  Engelli Bakýmý ve Rehabilitasyon (Uzaktan Öðretim);2;TYT;150;4;;;;7, 8;1507496;258.47620;;
103451303;  Ýlk ve Acil Yardým;2;TYT;35;1;;;;;283585;374.50572;*;MEDEK
103451675;  Optisyenlik;2;TYT;40;1;;;;;432808;346.80338;;
103450086;  Týbbi Dokümantasyon ve Sekreterlik;2;TYT;30;1;;;;;389212;353.74506;;
103451242;  Týbbi Görüntüleme Teknikleri;2;TYT;40;1;;;;;306826;369.36198;;
103451233;  Týbbi Laboratuvar Teknikleri;2;TYT;50;2;;;;;368218;357.38768;*;MEDEK
;Bayýndýr Meslek Yüksekokulu;;;;;;;;;;;;
103451612;  Çim Alan Tesisi ve Yönetimi;2;TYT;30;1;;;;;1758313;243.98720;*;MEDEK
103451296;  Moda Tasarýmý;2;TYT;35;1;;;;;895632;298.99203;;
103490355;  Peyzaj ve Süs Bitkileri Yetiþtiriciliði;2;TYT;35;1;;;;;1298293;271.26698;*;MEDEK
103450526;  Seracýlýk;2;TYT;30;1;;;;;1696916;247.46877;;
;Bergama Meslek Yüksekokulu;;;;;;;;;;;;
103451269;  Bilgisayar Programcýlýðý;2;TYT;65;2;;;;;527119;333.96351;;
103451824;  Bitki Koruma;2;TYT;30;1;;;;;1006147;290.78982;;
103451357;  Eser Koruma;2;TYT;50;2;;;;;1534802;256.86793;;
103451181;  Kontrol ve Otomasyon Teknolojisi;2;TYT;30;1;;;;;864958;301.38058;;
103451463;  Mantarcýlýk;2;TYT;20;1;;;;;1695776;247.53522;;
103490540;  Muhasebe ve Vergi Uygulamalarý;2;TYT;30;1;;;;;1217387;276.45148;;
103490441;  Muhasebe ve Vergi Uygulamalarý (Uzaktan Öðretim);2;TYT;100;3;;;;7;1370271;266.78606;;
103450641;  Seracýlýk;2;TYT;50;2;;;;;1762683;243.73818;;
103451639;  Turizm Animasyonu;2;TYT;40;1;;;;;1341074;268.60591;;
103450668;  Turizm ve Otel Ýþletmeciliði;2;TYT;30;1;;;;;861854;301.62471;;
;Ege Meslek Yüksekokulu;;;;;;;;;;;;
103490357;  Basým ve Yayým Teknolojileri;2;TYT;70;2;;;;;805252;306.27001;;
103450456;  Bilgisayar Programcýlýðý;2;TYT;80;2;;;;;262921;379.48463;*;MEDEK
103450129;  Biyomedikal Cihaz Teknolojisi;2;TYT;30;1;;;;;663740;319.08172;;
103450156;  Elektrik;2;TYT;80;2;;;;;488849;338.91084;;
103451154;  Elektronik Haberleþme Teknolojisi;2;TYT;80;2;;;;;788505;307.68811;*;MEDEK
103451163;  Elektronik Teknolojisi;2;TYT;80;2;;;;;635964;321.84517;;
103450226;  Gýda Teknolojisi;2;TYT;35;1;;;;;692307;316.32608;;
103450898;  Grafik Tasarýmý;2;TYT;55;2;;;;;429581;347.29673;;
103490449;  Ýç Mekan Tasarýmý;2;TYT;40;1;;;;;483482;339.60997;;
103451084;  Ýþletme Yönetimi;2;TYT;35;1;;;;;616556;323.85830;*;MEDEK
103450271;  Makine;2;TYT;80;2;;;;;499082;337.54827;;
103490356;  Makine Resim ve Konstrüksiyonu;2;TYT;70;2;;;;;792421;307.35906;;
103451684;  Mekatronik (Kýz);2;TYT;25;1;;;;31, 32;616670;323.84853;;
103451657;  Mekatronik (Erkek);2;TYT;25;1;;;;32, 33;316259;367.38797;;
103451003;  Meyve ve Sebze Ýþleme Teknolojisi;2;TYT;65;2;;;;;1196953;277.76856;;
103451012;  Muhasebe ve Vergi Uygulamalarý;2;TYT;30;1;;;;;692482;316.30988;;
103451057;  Otomotiv Teknolojisi;2;TYT;30;1;;;;;613182;324.20328;*;MEDEK
103490554;  Otonom Sistemler Teknikerliði;2;TYT;30;1;;;;320;432367;346.87490;;
103490561;  Oyun Geliþtirme ve Programlama;2;TYT;30;1;;;;320;373561;356.45761;;
103490547;  Ön-Yüz Yazýlým Geliþtirme;2;TYT;30;1;;;;320;351518;360.45137;;
103490652;  Ön-Yüz Yazýlým Geliþtirme (KKTC Uyruklu);2;TYT;2;;;;;5, 320;...;----;;
103451799;  Polimer Teknolojisi;2;TYT;50;2;;;;;960718;294.10290;;
103490358;  Seramik ve Cam Tasarýmý;2;TYT;40;1;;;;;799776;306.72713;;
103451251;  Tarým Makineleri;2;TYT;40;1;;;;;1041829;288.25267;;
;Emel Akýn Meslek Yüksekokulu;;;;;;;;;;;;
103451287;  Giyim Üretim Teknolojisi;2;TYT;45;2;;;;;937124;295.86375;;
103451278;  Moda Tasarýmý;2;TYT;30;1;;;;;611791;324.34176;;
103450923;  Tekstil Teknolojisi;2;TYT;35;1;;;;;901321;298.55764;;
;Havacýlýk Meslek Yüksekokulu;;;;;;;;;;;;
103490659;  Sivil Hava Ulaþtýrma Ýþletmeciliði;2;TYT;35;1;;;;10;...;----;;MEDEK
103490666;  Uçak Teknolojisi;2;TYT;25;1;;;;10;...;----;;
;Ödemiþ Meslek Yüksekokulu;;;;;;;;;;;;
103451075;  Bahçe Tarýmý;2;TYT;30;1;;;;;1500034;258.91802;;
103451806;  Laborant ve Veteriner Saðlýk;2;TYT;45;2;;;;;621067;323.38390;*;MEDEK
103450871;  Organik Tarým;2;TYT;40;1;;;;;1608901;252.53326;*;MEDEK
103451587;  Süt ve Besi Hayvancýlýðý;2;TYT;30;1;;;;;1699531;247.31982;;
103451312;  Süt ve Ürünleri Teknolojisi;2;TYT;40;1;;;;;1685735;248.10111;;
103451596;  Týbbi ve Aromatik Bitkiler;2;TYT;35;1;;;;;1378204;266.29865;*;MEDEK
103450738;  Tohumculuk Teknolojisi;2;TYT;30;1;;;;;1769521;243.35861;;
;Siber Güvenlik Meslek Yüksekokulu;;;;;;;;;;;;
103490526;  Siber Güvenlik Analistliði ve Operatörlüðü;2;TYT;25;1;;;;22, 24, 34, 320;157234;412.60112;;
;Tire Kutsan Meslek Yüksekokulu;;;;;;;;;;;;
103450792;  Bilgisayar Programcýlýðý;2;TYT;60;2;;;;;568232;329.12153;;
103450765;  Gýda Teknolojisi;2;TYT;35;1;;;;321;1125823;282.48470;;
103490568;  Muhasebe ve Vergi Uygulamalarý;2;TYT;30;1;;;;;1269684;273.06677;;
;Urla Denizcilik Meslek Yüksekokulu;;;;;;;;;;;;
103451603;  Deniz Ulaþtýrma ve Ýþletme;2;TYT;35;1;;;;11;427192;347.66766;;
103451621;  Su Altý Teknolojisi;2;TYT;35;1;;;;57;840332;303.37803;;
;ERCÝYES ÜNÝVERSÝTESÝ (KAYSERÝ) (Devlet Üniversitesi);;;;;;;;;;;;YÖKAK
;Halil Bayraktar Saðlýk Hizmetleri Meslek Yüksekokulu;;;;;;;;;;;;
103550685;  Aðýz ve Diþ Saðlýðý;2;TYT;50;2;;;;;424935;348.01460;;
103550904;  Ameliyathane Hizmetleri;2;TYT;60;2;;;;;507244;336.49207;;
103550155;  Anestezi;2;TYT;50;2;;;;;314948;367.66022;;
103550182;  Elektronörofizyoloji;2;TYT;30;1;;;;;656601;319.78321;;
103550931;  Ýlk ve Acil Yardým;2;TYT;35;1;;;;;355017;359.78672;;
103550191;  Odyometri;2;TYT;50;2;;;;;565295;329.45793;;
103550216;  Radyoterapi;2;TYT;50;2;;;;;586009;327.12230;;
103550225;  Týbbi Dokümantasyon ve Sekreterlik;2;TYT;30;1;;;;;445288;344.96842;;
103550879;  Týbbi Görüntüleme Teknikleri;2;TYT;40;1;;;;;403383;351.40150;;
103550852;  Týbbi Laboratuvar Teknikleri;2;TYT;50;2;;;;;487873;339.04031;;
;ERZÝNCAN BÝNALÝ YILDIRIM ÜNÝVERSÝTESÝ (Devlet Üniversitesi);;;;;;;;;;;;YÖKAK
;Çayýrlý Meslek Yüksekokulu;;;;;;;;;;;;
103690078;  Laborant ve Veteriner Saðlýk;2;TYT;50;2;;2;;;1587315;253.79522;;
103650948;  Týbbi Laboratuvar Teknikleri;2;TYT;40;1;;1;;;808064;306.03898;;
;Ýliç Dursun Yýldýrým Meslek Yüksekokulu;;;;;;;;;;;;
103651001;  Elektrik Enerjisi Üretim, Ýletim ve Daðýtýmý;2;TYT;30;1;;1;;;...;----;;
103651064;  Tapu ve Kadastro;2;TYT;60;2;;2;;;1745519;244.70447;;
103690106;  Týbbi Laboratuvar Teknikleri;2;TYT;40;1;;1;;;834505;303.84595;;
;Kemah Meslek Yüksekokulu;;;;;;;;;;;;
103650551;  Bankacýlýk ve Sigortacýlýk;2;TYT;25;1;;1;;;1853139;238.68026;;
103651055;  Bankacýlýk ve Sigortacýlýk (Uzaktan Öðretim);2;TYT;50;2;;2;;7;1592836;253.47121;;
103690083;  Biliþim Güvenliði Teknolojisi;2;TYT;50;2;;2;;;1783462;242.56454;;
103650806;  Çaðrý Merkezi Hizmetleri;2;TYT;30;1;;1;;;1803999;241.41387;;
103690081;  Raylý Sistemler Makinistliði;2;TYT;40;1;;1;;6;1262936;273.50225;;
103651107;  Saðlýk Kurumlarý Ýþletmeciliði;2;TYT;30;1;;1;;;1846853;239.02868;;
;Kemaliye Hacý Ali Akýn Meslek Yüksekokulu;;;;;;;;;;;;
103651019;  Laborant ve Veteriner Saðlýk;2;TYT;70;2;;2;;;1598880;253.11298;;
103650366;  Mimari Restorasyon;2;TYT;30;1;;1;;;1977440;231.86202;;
103690079;  Saðlýk Bilgi Sistemleri Teknikerliði;2;TYT;50;2;;2;;;1667370;249.15802;;
;Meslek Yüksekokulu;;;;;;;;;;;;
103690130;  Basým ve Yayým Teknolojileri;2;TYT;30;1;;1;;;2089240;225.82597;;
103650842;  Bilgisayar Programcýlýðý;2;TYT;60;2;;2;;;1181827;278.75107;;
103650684;  Büro Yönetimi ve Yönetici Asistanlýðý;2;TYT;35;1;;1;;;1553028;255.80171;;
103690137;  Ceza Ýnfaz ve Güvenlik Hizmetleri;2;TYT;40;1;;1;;17;982427;292.49045;;
103650039;  Elektrik;2;TYT;55;2;;2;;;1586434;253.84683;;
103690103;  Elektronik Teknolojisi;2;TYT;30;1;;1;;;1678774;248.50325;;
103650075;  Harita ve Kadastro;2;TYT;30;1;;1;;;1764549;243.63176;;
103650903;  Ýç Mekan Tasarýmý;2;TYT;40;1;;1;;;1778866;242.82589;;
103650463;  Ýnþaat Teknolojisi;2;TYT;30;1;;1;;;1927755;234.56549;;
103650481;  Lojistik;2;TYT;50;2;;2;;;1863417;238.11343;;
103690144;  Mahkeme Büro Hizmetleri;2;TYT;30;1;;1;;;1111758;283.43148;;
103650912;  Moda Tasarýmý;2;TYT;30;1;;1;;;1829596;239.99037;;
103650375;  Muhasebe ve Vergi Uygulamalarý;2;TYT;30;1;;1;;;1864790;238.03792;;
103690060;  Sivil Hava Ulaþtýrma Ýþletmeciliði;2;TYT;35;1;;1;;10;1364049;267.18464;;
103650939;  Sivil Havacýlýk Kabin Hizmetleri;2;TYT;40;1;;1;;10;959271;294.21185;;
103690186;  Talaþlý Üretim Teknikerliði;2;TYT;45;2;;2;;;...;----;;
103650921;  Uçak Teknolojisi;2;TYT;50;2;;2;;10;503863;336.92949;;
103690151;  Uçak Teknolojisi (KKTC Uyruklu);2;TYT;1;;;;;5, 10;;;;
103690193;  Yenilenebilir Enerji Teknikerliði;2;TYT;40;1;;1;;;...;----;;
;Refahiye Bahar Yýldýrým Saðlýk Hizmetleri Meslek Yüksekokulu;;;;;;;;;;;;
103690107;  Çocuk Geliþimi;2;TYT;30;1;;1;;;1462403;261.16447;;
103690108;  Týbbi Dokümantasyon ve Sekreterlik;2;TYT;30;1;;1;;;799517;306.75116;;
;Refahiye Meslek Yüksekokulu;;;;;;;;;;;;
103650648;  Posta Hizmetleri;2;TYT;80;2;;2;;;2013307;229.92821;;
103690082;  Raylý Sistemler Elektrik ve Elektronik;2;TYT;30;1;;1;;6;1262492;273.53163;;
103650303;  Raylý Sistemler Ýþletmeciliði;2;TYT;35;1;;1;;6;1812514;240.94241;;
103650887;  Raylý Sistemler Ýþletmeciliði (Uzaktan Öðretim);2;TYT;35;1;;1;;6, 7;1228606;275.71405;;
103650418;  Raylý Sistemler Yol Teknolojisi;2;TYT;30;1;;1;;6;1775490;243.02546;;
;Saðlýk Hizmetleri Meslek Yüksekokulu;;;;;;;;;;;;
103650657;  Acil Durum ve Afet Yönetimi;2;TYT;50;2;;2;;;924320;296.81867;;
103690069;  Aðýz ve Diþ Saðlýðý;2;TYT;55;2;;2;;;558400;330.25390;;
103690084;  Anestezi;2;TYT;40;1;;1;;;418538;349.00293;;
103650321;  Çocuk Geliþimi;2;TYT;30;1;;1;;;1179868;278.87640;;
103690058;  Eczane Hizmetleri;2;TYT;35;1;;1;;;775410;308.82840;;
103650975;  Evde Hasta Bakýmý;2;TYT;65;2;;2;;;731047;312.74044;;
103651091;  Ýlk ve Acil Yardým;2;TYT;45;2;;2;;;519244;334.94835;;
103650339;  Týbbi Dokümantasyon ve Sekreterlik;2;TYT;30;1;;1;;;659841;319.46807;;
103690085;  Týbbi Görüntüleme Teknikleri;2;TYT;40;1;;1;;;557424;330.36579;;
;Tercan Meslek Yüksekokulu;;;;;;;;;;;;
103650533;  Bilgisayar Programcýlýðý;2;TYT;55;2;;2;;;1677675;248.56368;;
103690200;  Elektrik Enerjisi Üretim, Ýletim ve Daðýtýmý;2;TYT;25;1;;1;;;...;----;;
103651046;  Ýþ Saðlýðý ve Güvenliði;2;TYT;30;1;;1;;;1734647;245.32122;;
103650966;  Sosyal Hizmetler;2;TYT;35;1;;1;;;1766202;243.54188;;
;Turizm ve Otelcilik Meslek Yüksekokulu;;;;;;;;;;;;
103650896;  Aþçýlýk;2;TYT;60;2;;2;;;1414156;264.08658;;
103690061;  Turist Rehberliði;2;TYT;30;1;;1;;;1784144;242.52628;;
103650348;  Turizm ve Otel Ýþletmeciliði;2;TYT;25;1;;1;;;1879706;237.20408;;
;Üzümlü Meslek Yüksekokulu;;;;;;;;;;;;
103650603;  Bilgisayar Programcýlýðý;2;TYT;50;2;;2;;;1634326;251.05458;;
103690086;  Ýç Mekan Tasarýmý;2;TYT;30;1;;1;;;1890991;236.58298;;
103650727;  Maliye;2;TYT;25;1;;1;;;1956265;233.01313;;
103651073;  Sivil Savunma ve Ýtfaiyecilik;2;TYT;70;2;;;;9;1262459;273.53374;;
;ESKÝÞEHÝR OSMANGAZÝ ÜNÝVERSÝTESÝ (Devlet Üniversitesi);;;;;;;;;;;;YÖKAK
;Eskiþehir Meslek Yüksekokulu;;;;;;;;;;;;
103890295;  Cnc Programlama ve Operatörlüðü;2;TYT;60;2;;2;;321;...;----;;
103850258;  Çevre Koruma ve Kontrol;2;TYT;50;2;;2;;;1116817;283.09115;;
103850267;  Mekatronik;2;TYT;60;2;;2;;321;540255;332.38140;;
103890231;  Uçak Teknolojisi;2;TYT;40;1;;1;;10, 321;248805;383.03640;;
;Mahmudiye Atçýlýk Meslek Yüksekokulu;;;;;;;;;;;;
103850328;  Atçýlýk ve Antrenörlüðü;2;TYT;40;1;;1;;;1290740;271.73874;;
;Saðlýk Hizmetleri Meslek Yüksekokulu;;;;;;;;;;;;
103850204;  Ýlk ve Acil Yardým;2;TYT;40;1;;1;;;333276;363.93289;;
103850301;  Optisyenlik;2;TYT;40;1;;1;;;543152;332.03806;;
103850179;  Ortopedik Protez ve Ortez;2;TYT;70;2;;2;;;596544;325.98322;;
103890232;  Ortopedik Protez ve Ortez (KKTC Uyruklu);2;TYT;1;;;;;5;;;;
103850055;  Týbbi Dokümantasyon ve Sekreterlik;2;TYT;30;1;;1;;;460939;342.71348;;
103850188;  Týbbi Görüntüleme Teknikleri;2;TYT;40;1;;1;;;374043;356.36223;;
103850161;  Týbbi Laboratuvar Teknikleri;2;TYT;50;2;;2;;;455918;343.42455;;
103850213;  Yaþlý Bakýmý;2;TYT;75;2;;2;;;841125;303.31041;;
;Sivrihisar Meslek Yüksekokulu;;;;;;;;;;;;
103890302;  Alternatif Enerji Kaynaklarý Teknolojisi;2;TYT;30;1;;1;;;...;----;;
103850125;  Bilgisayar Programcýlýðý;2;TYT;65;2;;2;;;528130;333.83764;;
103850197;  Ýnþaat Teknolojisi;2;TYT;40;1;;1;;;1137199;281.73048;;
103850107;  Makine;2;TYT;50;2;;2;;;991674;291.82462;;
103850134;  Muhasebe ve Vergi Uygulamalarý;2;TYT;30;1;;1;;;1046247;287.94323;;
;ESKÝÞEHÝR TEKNÝK ÜNÝVERSÝTESÝ (Devlet Üniversitesi);;;;;;;;;;;;
;Biliþim Teknolojileri Meslek Yüksekokulu;;;;;;;;;;;;
112490531;  Bilgisayar Programcýlýðý;2;TYT;65;2;;2;;;344698;361.75646;;MEDEK
112490475;  Bulut Biliþim Operatörlüðü;2;TYT;30;1;;1;;320;433810;346.65798;;
112490538;  Ýnsansýz Hava Aracý Teknolojisi ve Operatörlüðü;2;TYT;50;2;;2;;;326519;365.31370;;
112490545;  Mekatronik;2;TYT;60;2;;2;;;473943;340.90885;;MEDEK
112490482;  Oyun Geliþtirme ve Programlama;2;TYT;30;1;;1;;320;396086;352.60431;;
112490489;  Robotik ve Yapay Zeka;2;TYT;30;1;;1;;320;238515;385.76133;;
112490552;  Robotik ve Yapay Zeka (KKTC Uyruklu);2;TYT;1;;;;;5, 320;...;----;;
112490559;  Siber Güvenlik Analistliði ve Operatörlüðü;2;TYT;30;1;;1;;320;...;----;;
112490566;  Uzaktan Algýlama ve Coðrafi Bilgi Sistemleri;2;TYT;30;1;;1;;;...;----;;
;Porsuk Meslek Yüksekokulu;;;;;;;;;;;;
112490446;  Basým ve Yayým Teknolojileri;2;TYT;60;2;;2;;;1098235;284.35215;;
112451243;  Elektrik Enerjisi Üretim, Ýletim ve Daðýtýmý;2;TYT;60;2;;2;;;849161;302.65930;;
112450969;  Grafik Tasarýmý;2;TYT;50;2;;2;;;574508;328.40198;;
112490573;  Hidrojen ve Enerji Depolama Teknikerliði;2;TYT;30;1;;1;;;...;----;;
112490444;  Makine Resim ve Konstrüksiyonu;2;TYT;60;2;;2;;;856598;302.04752;*;MEDEK
112450642;  Radyo ve Televizyon Teknolojisi;2;TYT;60;2;;2;;;951989;294.74638;;
112451234;  Yapý Denetimi;2;TYT;60;2;;2;;;1100943;284.17684;;
;Ulaþtýrma Meslek Yüksekokulu;;;;;;;;;;;;
112450766;  Lojistik;2;TYT;40;1;;1;;;787271;307.79331;*;MEDEK
112490445;  Raylý Sistemler Elektrik ve Elektronik;2;TYT;65;2;;2;;6;614271;324.08640;;
112450475;  Raylý Sistemler Ýþletmeciliði;2;TYT;35;1;;1;;6;809668;305.90307;;
112450484;  Raylý Sistemler Makine Teknolojisi;2;TYT;65;2;;2;;6;680055;317.49477;;
112490443;  Raylý Sistemler Makinistliði;2;TYT;65;2;;2;;6;571149;328.78368;;
112450633;  Raylý Sistemler Yol Teknolojisi;2;TYT;65;2;;2;;6;941916;295.49896;;
112450978;  Sivil Havacýlýk Kabin Hizmetleri;2;TYT;75;2;;2;;10;455361;343.50724;;
112450615;  Ulaþtýrma ve Trafik Hizmetleri;2;TYT;60;2;;2;;;1207760;277.07062;;
;FIRAT ÜNÝVERSÝTESÝ (ELAZIÐ) (Devlet Üniversitesi);;;;;;;;;;;;YÖKAK
;Baskil Meslek Yüksekokulu;;;;;;;;;;;;
103990154;  Alternatif Enerji Kaynaklarý Teknolojisi;2;TYT;35;1;;;4;;1705177;246.99466;;
103951282;  Bahçe Tarýmý;2;TYT;35;1;;;4;;1970970;232.21596;;
103990242;  Organik Tarým;2;TYT;35;1;;;4;;2010027;230.10431;;
103990185;  Raylý Sistemler Makinistliði;2;TYT;35;1;;;4;6;902924;298.43778;;
;Elazýð Organize Sanayi Bölgesi Meslek Yüksekokulu;;;;;;;;;;;;
103950866;  Bilgisayar Programcýlýðý;2;TYT;50;2;;;5;321;1194733;277.91107;;
103990179;  Doðalgaz ve Tesisatý Teknolojisi;2;TYT;25;1;;;3;321;1897608;236.21526;;
103950857;  Elektronik Teknolojisi;2;TYT;25;1;;;3;321;1489896;259.52088;;
103990186;  Endüstri Ürünleri Tasarýmý;2;TYT;30;1;;;3;321;1926002;234.65863;;
103990243;  Giyim Üretim Teknolojisi;2;TYT;30;1;;;3;321;1819361;240.56163;;
103951334;  Ýnþaat Teknolojisi;2;TYT;30;1;;;3;321;1779518;242.78808;;
103951307;  Kaynak Teknolojisi;2;TYT;30;1;;;3;321;1806525;241.27813;;
103950778;  Kimya Teknolojisi;2;TYT;20;1;;;2;321;1687493;248.00075;;
103951291;  Yapý Denetimi;2;TYT;25;1;;;3;;1788187;242.29791;;
;Karakoçan Meslek Yüksekokulu;;;;;;;;;;;;
103951025;  Bilgisayar Programcýlýðý;2;TYT;50;2;;;5;;1499517;258.94722;;
103951325;  Çocuk Geliþimi;2;TYT;30;1;;;3;;1156246;280.44622;;
103951404;  Gýda Teknolojisi;2;TYT;30;1;;;3;;1956437;233.00291;;
103990183;  Tapu ve Kadastro;2;TYT;40;1;;;4;;1359973;267.43933;;
103951458;  Yapý Denetimi;2;TYT;30;1;;;3;;1886368;236.83729;;
;Keban Meslek Yüksekokulu;;;;;;;;;;;;
103950715;  Çevre Koruma ve Kontrol;2;TYT;30;1;;;3;;1821137;240.46156;;
103950812;  Elektrik Enerjisi Üretim, Ýletim ve Daðýtýmý;2;TYT;30;1;;;3;;1555000;255.68562;;
103990259;  Geoteknik;2;TYT;30;1;;;3;;1966815;232.43976;;
103950327;  Gýda Teknolojisi;2;TYT;30;1;;;3;;1947891;233.46961;;
103990155;  Ýþ Saðlýðý ve Güvenliði;2;TYT;30;1;;;3;;1537543;256.70982;;
103990244;  Peyzaj ve Süs Bitkileri Yetiþtiriciliði;2;TYT;30;1;;;3;;2010941;230.05475;;
;Kovancýlar Meslek Yüksekokulu;;;;;;;;;;;;
103950981;  Bilgisayar Programcýlýðý;2;TYT;50;2;;;5;;1408830;264.42221;;
103990105;  Eczane Hizmetleri;2;TYT;35;1;;;4;;757370;310.37246;;
103990266;  Evde Hasta Bakýmý;2;TYT;30;1;;;3;;658732;319.57382;;
103951397;  Ýlk ve Acil Yardým;2;TYT;35;1;;;4;;471990;341.17878;;
103950999;  Ýþletme Yönetimi;2;TYT;30;1;;;3;;1823906;240.31166;;
103990158;  Optisyenlik;2;TYT;30;1;;;3;;850050;302.58983;;
103990188;  Saðlýk Kurumlarý Ýþletmeciliði;2;TYT;30;1;;;3;;1289192;271.83804;;
;Saðlýk Hizmetleri Meslek Yüksekokulu;;;;;;;;;;;;
103950106;  Anestezi;2;TYT;40;1;;;4;;324239;365.77930;;
103950972;  Fizyoterapi;2;TYT;40;1;;;4;;621850;323.30048;;
103990187;  Odyometri;2;TYT;30;1;;;3;;641524;321.29332;;
103950706;  Otopsi Yardýmcýlýðý;2;TYT;30;1;;;3;;738549;312.04895;;
103990413;  Otopsi Yardýmcýlýðý (KKTC Uyruklu);2;TYT;1;;;;;5;...;----;;
103950124;  Týbbi Dokümantasyon ve Sekreterlik;2;TYT;30;1;;;3;;523381;334.42555;;
103950909;  Týbbi Görüntüleme Teknikleri;2;TYT;40;1;;;4;;443132;345.28097;;
103950893;  Týbbi Laboratuvar Teknikleri;2;TYT;40;1;;;4;;552233;330.97544;;
;Sivrice Meslek Yüksekokulu;;;;;;;;;;;;
103951255;  Atçýlýk ve Antrenörlüðü;2;TYT;30;1;;;3;;2013285;229.92940;;
103950424;  Harita ve Kadastro;2;TYT;30;1;;;3;;1524024;257.50167;;
103990157;  Laborant ve Veteriner Saðlýk;2;TYT;30;1;;;3;;840375;303.37496;;
103950451;  Turizm ve Otel Ýþletmeciliði;2;TYT;25;1;;;3;;1796040;241.85559;;
;Sosyal Bilimler Meslek Yüksekokulu;;;;;;;;;;;;
103990184;  Aþçýlýk;2;TYT;40;1;;;4;;899482;298.69438;;
103951413;  Bankacýlýk ve Sigortacýlýk;2;TYT;25;1;;;3;;1288190;271.90248;;
103950954;  Büro Yönetimi ve Yönetici Asistanlýðý;2;TYT;35;1;;;4;;1125837;282.48334;;
103950681;  Dýþ Ticaret;2;TYT;40;1;;;4;;1639747;250.74323;;
103951052;  Halkla Ýliþkiler ve Tanýtým;2;TYT;60;2;;;6;;1565474;255.07390;;
103950787;  Ýþletme Yönetimi;2;TYT;35;1;;;4;;1680100;248.42529;;
103950742;  Muhasebe ve Vergi Uygulamalarý;2;TYT;30;1;;;3;;1408380;264.44838;;
103950699;  Pazarlama;2;TYT;30;1;;;3;;1820958;240.47232;;
103950178;  Turizm ve Otel Ýþletmeciliði;2;TYT;30;1;;;3;;1632891;251.13975;;
103950187;  Yerel Yönetimler;2;TYT;70;2;;;7;;1786755;242.38019;;
;Teknik Bilimler Meslek Yüksekokulu;;;;;;;;;;;;
103950309;  Bilgisayar Programcýlýðý;2;TYT;90;3;;;9;;796399;307.02135;;
103990245;  Bilgisayar Programcýlýðý (Uzaktan Öðretim);2;TYT;100;3;;;10;7, 8;1446483;262.12777;;
103950212;  Biyomedikal Cihaz Teknolojisi;2;TYT;30;1;;;3;;1140585;281.49555;;
103950221;  Elektrik;2;TYT;80;2;;;8;;1064625;286.65512;;
103950839;  Elektronik Teknolojisi;2;TYT;30;1;;;3;;1293833;271.54878;;
103950724;  Grafik Tasarýmý;2;TYT;50;2;;;5;;1260584;273.65239;;
103990252;  Hibrid ve Elektrikli Taþýtlar Teknolojisi;2;TYT;30;1;;;3;;891332;299.32227;;
103990107;  Ýç Mekan Tasarýmý;2;TYT;40;1;;;4;;1361352;267.35227;;
103950918;  Ýnþaat Teknolojisi;2;TYT;35;1;;;4;;1597693;253.18520;;
103951352;  Ýþ Saðlýðý ve Güvenliði;2;TYT;30;1;;;3;;1249338;274.36527;;
103950275;  Makine;2;TYT;50;2;;;5;;1463396;261.10593;;
103951361;  Mekatronik;2;TYT;40;1;;;4;;1108928;283.63147;;
103990159;  Mimari Restorasyon;2;TYT;30;1;;;3;;1440987;262.45783;;
103951343;  Otomotiv Teknolojisi;2;TYT;30;1;;;3;;1539480;256.59545;;
;GALATASARAY ÜNÝVERSÝTESÝ (ÝSTANBUL) (Devlet Üniversitesi);;;;;;;;;;;;
;Denizcilik Meslek Yüksekokulu;;;;;;;;;;;;
104070077;  Deniz Ulaþtýrma ve Ýþletme;2;TYT;25;1;;1;;11, 37;201680;396.67105;;
104070084;  Gemi Makineleri Ýþletmeciliði;2;TYT;25;1;;1;;11, 37;265344;378.87524;;
;GAZÝ ÜNÝVERSÝTESÝ (ANKARA) (Devlet Üniversitesi);;;;;;;;;;;;YÖKAK
;Saðlýk Hizmetleri Meslek Yüksekokulu;;;;;;;;;;;;
104150914;  Aðýz ve Diþ Saðlýðý;2;TYT;50;2;;;;;364424;358.07512;;
104190624;  Aðýz ve Diþ Saðlýðý (KKTC Uyruklu);2;TYT;2;;;;;5;...;----;;
104150632;  Ýlk ve Acil Yardým;2;TYT;35;1;;;;;305034;369.76876;;
104150756;  Patoloji Laboratuvar Teknikleri;2;TYT;60;2;;;;;526970;333.97994;;
104190561;  Patoloji Laboratuvar Teknikleri (KKTC Uyruklu);2;TYT;1;;;;;5;1807000;241.25142;;
104150086;  Týbbi Dokümantasyon ve Sekreterlik;2;TYT;30;1;;;;;438372;345.98175;;
104150598;  Týbbi Görüntüleme Teknikleri;2;TYT;40;1;;;;;353286;360.10630;;
104150589;  Týbbi Laboratuvar Teknikleri;2;TYT;50;2;;;;;436498;346.25850;;
104150641;  Yaþlý Bakýmý;2;TYT;75;2;;;;;778184;308.58198;;
;Teknik Bilimler Meslek Yüksekokulu;;;;;;;;;;;;
104151093;  Elektrik Enerjisi Üretim, Ýletim ve Daðýtýmý;2;TYT;70;2;;;;321;700112;315.59654;;
104190631;  Elektrik Enerjisi Üretim, Ýletim ve Daðýtýmý (KKTC Uyruklu);2;TYT;1;;;;;5;...;----;;
104151039;  Elektronik Teknolojisi;2;TYT;70;2;;;;321;480499;340.00769;;
104151084;  Endüstri Ürünleri Tasarýmý;2;TYT;60;2;;;;321;772146;309.10386;;
104151021;  Endüstriyel Kalýpçýlýk;2;TYT;45;2;;;;321;957179;294.36343;;
104151075;  Kaynak Teknolojisi;2;TYT;45;2;;;;321;894427;299.08213;;
104190336;  Kaynak Teknolojisi (KKTC Uyruklu);2;TYT;1;;;;;5;;;;
104151057;  Kimya Teknolojisi;2;TYT;20;1;;;;321;720120;313.74871;;
104151012;  Makine;2;TYT;70;2;;;;321;488197;338.99600;;
104151048;  Mekatronik;2;TYT;70;2;;;;321;468158;341.69582;;
104151163;  Polimer Teknolojisi;2;TYT;55;2;;;;321;926561;296.64786;;
;Tusaþ-Kazan Meslek Yüksekokulu;;;;;;;;;;;;
104151003;  Bilgisayar Programcýlýðý;2;TYT;70;2;;;;;369912;357.08738;*;MEDEK
104190553;  Biliþim Güvenliði Teknolojisi;2;TYT;50;2;;;;;452652;343.90946;;
104190554;  Kontrol ve Otomasyon Teknolojisi;2;TYT;40;1;;;;;521547;334.65894;;
104151199;  Uçak Teknolojisi;2;TYT;100;3;;;;10;304296;369.94348;;
;GAZÝANTEP ÝSLAM BÝLÝM VE TEKNOLOJÝ ÜNÝVERSÝTESÝ (Devlet Üniversitesi);;;;;;;;;;;;
;Saðlýk Hizmetleri Meslek Yüksekokulu;;;;;;;;;;;;
111210053;  Ameliyathane Hizmetleri;2;TYT;40;1;;1;4;;595593;326.08884;;
111210021;  Ýlk ve Acil Yardým;2;TYT;40;1;;1;4;;448513;344.51048;;
111210022;  Týbbi Laboratuvar Teknikleri;2;TYT;40;1;;1;4;;590154;326.67527;;
;Teknik Bilimler Meslek Yüksekokulu;;;;;;;;;;;;
111210023;  Bilgisayar Programcýlýðý;2;TYT;50;2;;2;5;;731730;312.67927;;
111210024;  Makine;2;TYT;40;1;;1;4;;1295345;271.45111;;
;GAZÝANTEP ÜNÝVERSÝTESÝ (Devlet Üniversitesi);;;;;;;;;;;;
;Araban Meslek Yüksekokulu;;;;;;;;;;;;
104290221;  Çocuk Geliþimi;2;TYT;30;1;;1;3;;1061826;286.84963;;
104251356;  Laborant ve Veteriner Saðlýk;2;TYT;50;2;;2;5;;1260533;273.65483;;
104251074;  Organik Tarým;2;TYT;40;1;;1;4;;1957040;232.96919;;
;Ýslahiye Meslek Yüksekokulu;;;;;;;;;;;;
104290409;  Ýnþaat Teknolojisi;2;TYT;40;1;;1;4;;1845727;239.09164;;
104251056;  Ýþletme Yönetimi;2;TYT;35;1;;1;4;;1789524;242.22368;;
104251259;  Laborant ve Veteriner Saðlýk;2;TYT;50;2;;2;5;;1237917;275.11737;;
104251268;  Lojistik;2;TYT;30;1;;1;3;;1828728;240.03926;;
104251065;  Muhasebe ve Vergi Uygulamalarý;2;TYT;30;1;;1;3;;1672983;248.83204;*;MEDEK
104250888;  Organik Tarým;2;TYT;40;1;;1;4;;1953548;233.16135;;
104290416;  Süt ve Besi Hayvancýlýðý;2;TYT;30;1;;1;3;;2037231;228.62992;;
104251286;  Týbbi Dokümantasyon ve Sekreterlik;2;TYT;30;1;;1;3;;649119;320.53117;;
;Naci Topçuoðlu Meslek Yüksekokulu;;;;;;;;;;;;
104251223;  Ayakkabý Tasarým ve Üretimi;2;TYT;30;1;;1;3;321;1938750;233.96325;;
104290311;  Biyomedikal Cihaz Teknolojisi;2;TYT;35;1;;1;4;321;1149090;280.91979;;
104290423;  Doðalgaz ve Tesisatý Teknolojisi;2;TYT;25;1;;1;3;321;1704795;247.01628;;
104290430;  Elektrik;2;TYT;65;2;;2;7;321;1040969;288.31325;;
104290318;  Elektronik Haberleþme Teknolojisi;2;TYT;40;1;;1;4;321;1544887;256.27519;;
104290325;  Elektronik Teknolojisi;2;TYT;40;1;;1;4;321;1386389;265.80036;;
104290332;  Gýda Kalite Kontrolü ve Analizi;2;TYT;35;1;;1;4;321;1336010;268.91664;;
104250852;  Gýda Teknolojisi;2;TYT;35;1;;1;4;321;1595835;253.29608;;
104290339;  Giyim Üretim Teknolojisi;2;TYT;30;1;;1;3;321;1829319;240.00582;;
104250579;  Halýcýlýk ve Kilimcilik;2;TYT;50;2;;2;5;321;1655155;249.85662;;
104290437;  Ýklimlendirme ve Soðutma Teknolojisi;2;TYT;30;1;;1;3;321;1704286;247.04464;;
104290444;  Ýmalat Yürütme Sistemleri Operatörlüðü;2;TYT;30;1;;1;3;320, 321;1897516;236.21983;;
104251311;  Kimya Teknolojisi;2;TYT;20;1;;1;2;321;1351276;267.97926;;
104290297;  Kontrol ve Otomasyon Teknolojisi;2;TYT;30;1;;1;3;321;1297717;271.30220;;
104251374;  Makine;2;TYT;90;3;;3;9;321;1437129;262.68903;;
104290353;  Mekatronik;2;TYT;40;1;;1;4;321;921586;297.02428;;
104290451;  Otomotiv Teknolojisi;2;TYT;50;2;;2;5;321;1295040;271.47074;;
104290367;  Tekstil Teknolojisi;2;TYT;40;1;;1;4;321;1690215;247.84552;;
104251347;  Tekstil ve Halý Makineleri;2;TYT;40;1;;1;4;321;1881761;237.09483;;
104251171;  Un ve Unlu Mamuller Teknolojisi;2;TYT;30;1;;1;3;321;1951069;233.29395;;
;Nizip Meslek Yüksekokulu;;;;;;;;;;;;
104251002;  Bankacýlýk ve Sigortacýlýk;2;TYT;30;1;;1;3;;1525102;257.43553;;
104250931;  Bilgisayar Programcýlýðý;2;TYT;50;2;;2;5;;1166049;279.78487;;
104250976;  Büro Yönetimi ve Yönetici Asistanlýðý;2;TYT;35;1;;1;4;;1631189;251.23452;;
104251338;  Çaðrý Merkezi Hizmetleri;2;TYT;50;2;;2;5;;1408531;264.43942;;
104250825;  Dýþ Ticaret;2;TYT;40;1;;1;4;;1687295;248.01171;;
104250376;  Gýda Teknolojisi;2;TYT;30;1;;1;3;;1689964;247.85841;;
104250667;  Ýþletme Yönetimi;2;TYT;35;1;;1;4;;1723094;245.97796;;
104250622;  Muhasebe ve Vergi Uygulamalarý;2;TYT;30;1;;1;3;;1621581;251.79457;;
104250525;  Organik Tarým;2;TYT;30;1;;1;3;;1875661;237.42862;;
;Nurdaðý Meslek Yüksekokulu;;;;;;;;;;;;
104290219;  Peyzaj ve Süs Bitkileri Yetiþtiriciliði;2;TYT;30;1;;1;3;;2030264;229.01062;;
104251011;  Týbbi ve Aromatik Bitkiler;2;TYT;30;1;;1;3;;2022420;229.44390;;
;Oðuzeli Meslek Yüksekokulu;;;;;;;;;;;;
104250755;  Bilgisayar Programcýlýðý;2;TYT;50;2;;2;5;;988938;292.02130;;
104290138;  Ceza Ýnfaz ve Güvenlik Hizmetleri;2;TYT;40;1;;1;4;17;768991;309.37826;;
104251241;  Ýþ Saðlýðý ve Güvenliði;2;TYT;30;1;;1;3;;1370894;266.74611;*;MEDEK
104250676;  Ýþletme Yönetimi;2;TYT;35;1;;1;4;;1594730;253.36149;;
104251189;  Lojistik;2;TYT;60;2;;2;6;;1682369;248.29048;*;MEDEK
104250631;  Muhasebe ve Vergi Uygulamalarý;2;TYT;30;1;;1;3;;1369823;266.81683;;
104251144;  Özel Güvenlik ve Koruma;2;TYT;40;1;;1;4;2;1246300;274.56815;;
104251198;  Sivil Savunma ve Ýtfaiyecilik;2;TYT;70;2;;;7;9;888553;299.53562;;
104251383;  Sosyal Güvenlik;2;TYT;70;2;;2;7;;1298259;271.26872;;
;Saðlýk Hizmetleri Meslek Yüksekokulu;;;;;;;;;;;;
104250913;  Aðýz ve Diþ Saðlýðý;2;TYT;70;2;;2;7;;437540;346.10201;;
104251392;  Ameliyathane Hizmetleri;2;TYT;40;1;;1;4;;527031;333.97291;;
104250904;  Diþ Protez Teknolojisi;2;TYT;65;2;;2;7;;493487;338.29748;;
104251038;  Fizyoterapi;2;TYT;50;2;;2;5;;550240;331.20763;;
104250985;  Ýlk ve Acil Yardým;2;TYT;35;1;;1;4;;353729;360.02667;;
104250313;  Týbbi Dokümantasyon ve Sekreterlik;2;TYT;30;1;;1;3;;490421;338.70478;;
104250737;  Týbbi Laboratuvar Teknikleri;2;TYT;50;2;;2;5;;498545;337.61769;;
104250552;  Yaþlý Bakýmý;2;TYT;70;2;;2;7;;794336;307.19394;;
;Sosyal Bilimler Meslek Yüksekokulu;;;;;;;;;;;;
104250094;  Bankacýlýk ve Sigortacýlýk;2;TYT;25;1;;1;3;;884014;299.88869;*;MEDEK
104290287;  Bankacýlýk ve Sigortacýlýk (Uzaktan Öðretim);2;TYT;100;3;;3;10;7;1540374;256.54318;;
104250967;  Büro Yönetimi ve Yönetici Asistanlýðý;2;TYT;40;1;;1;4;;1090963;284.84224;;
104251365;  Çaðrý Merkezi Hizmetleri;2;TYT;35;1;;1;4;;907136;298.10960;;
104250137;  Çocuk Geliþimi;2;TYT;30;1;;1;3;;673328;318.14685;;
104250146;  Dýþ Ticaret;2;TYT;40;1;;1;4;;1039649;288.40307;;
104290290;  E-Ticaret ve Pazarlama;2;TYT;35;1;;1;4;;670461;318.42493;*;MEDEK
104250658;  Ýþletme Yönetimi;2;TYT;35;1;;1;4;;1217417;276.45010;*;MEDEK
104290374;  Lojistik;2;TYT;45;2;;2;5;;1147920;281.00147;;
104250613;  Muhasebe ve Vergi Uygulamalarý;2;TYT;30;1;;1;3;;1007907;290.66417;*;MEDEK
;Teknik Bilimler Meslek Yüksekokulu;;;;;;;;;;;;
104290388;  Arka-Yüz Yazýlým Geliþtirme;2;TYT;30;1;;1;3;320;732644;312.59405;;
104290500;  Kuyumculuk ve Taký Tasarýmý;2;TYT;65;2;;2;7;;1860607;238.26859;;
104290507;  Mimari Dekoratif Sanatlar;2;TYT;50;2;;2;5;;1548714;256.05220;;
104290395;  Ön-Yüz Yazýlým Geliþtirme;2;TYT;30;1;;1;3;320;764811;309.73373;;
104290514;  Radyo ve Televizyon Teknolojisi;2;TYT;40;1;;1;4;;1680329;248.41232;;
104290402;  Robotik ve Yapay Zeka;2;TYT;30;1;;1;3;320;425867;347.86654;;
;Turizm ve Otelcilik Meslek Yüksekokulu;;;;;;;;;;;;
104250085;  Aþçýlýk;2;TYT;70;2;;2;7;;765540;309.66737;;
104250701;  Ýkram Hizmetleri;2;TYT;40;1;;1;4;;1622630;251.73246;;
104250331;  Turizm ve Otel Ýþletmeciliði;2;TYT;30;1;;1;3;;1263449;273.47050;;
104250728;  Turizm ve Seyahat Hizmetleri;2;TYT;30;1;;1;3;;1459848;261.31897;;
;GEBZE TEKNÝK ÜNÝVERSÝTESÝ (Devlet Üniversitesi);;;;;;;;;;;;YÖKAK
;Siber Güvenlik Meslek Yüksekokulu;;;;;;;;;;;;
104410217;  Siber Güvenlik Analistliði ve Operatörlüðü;2;TYT;25;1;;;;22, 24, 34, 320;127718;425.37719;;
104410231;  Siber Güvenlik Analistliði ve Operatörlüðü (KKTC Uyruklu);2;TYT;2;;;;;5, 22, 24, 34, 320;386718;354.17102;;
;GÝRESUN ÜNÝVERSÝTESÝ (Devlet Üniversitesi);;;;;;;;;;;;
;Alucra Turan Bulutçu Meslek Yüksekokulu;;;;;;;;;;;;
104550425;  Bankacýlýk ve Sigortacýlýk;2;TYT;25;1;;1;;;1866829;237.92648;;
104550558;  Halkla Ýliþkiler ve Tanýtým;2;TYT;40;1;;1;;;1945443;233.60289;;
104551017;  Laborant ve Veteriner Saðlýk;2;TYT;60;2;;2;;;1238727;275.06193;;
104550434;  Maliye;2;TYT;30;1;;1;;;1916019;235.20713;;
104550955;  Medya ve Ýletiþim;2;TYT;30;1;;1;;;1999408;230.67617;;
104590115;  Saðlýk Kurumlarý Ýþletmeciliði;2;TYT;30;1;;1;;;1724672;245.88977;;
104590183;  Sosyal Güvenlik;2;TYT;40;1;;1;;;1770488;243.30388;;
104590176;  Týbbi Dokümantasyon ve Sekreterlik;2;TYT;30;1;;1;;;737836;312.11400;;
;Bulancak Meslek Yüksekokulu;;;;;;;;;;;;
104590190;  Elektrik;2;TYT;50;2;;2;;;1427357;263.27527;;
104590197;  Elektronik Teknolojisi;2;TYT;40;1;;1;;;1585893;253.87833;;
104590204;  Fýndýk Eksperliði;2;TYT;30;1;;1;;;1915571;235.23163;;
104590211;  Makine;2;TYT;40;1;;1;;;1505807;258.57503;;
104590218;  Tekstil Teknolojisi;2;TYT;20;1;;1;;;1945865;233.58066;;
;Dereli Meslek Yüksekokulu (Keþap);;;;;;;;;;;;
104551026;  Aþçýlýk;2;TYT;40;1;;1;;;1179077;278.92943;;
104550964;  Çaðrý Merkezi Hizmetleri;2;TYT;30;1;;1;;;1754199;244.21977;;
104550973;  Ýþ Saðlýðý ve Güvenliði;2;TYT;30;1;;1;;;1612576;252.31929;;
104590116;  Ormancýlýk ve Orman Ürünleri;2;TYT;30;1;;1;;;967317;293.61226;;
104550919;  Turizm ve Otel Ýþletmeciliði;2;TYT;30;1;;1;;;1800083;241.62659;;
;Espiye Meslek Yüksekokulu;;;;;;;;;;;;
104590132;  Acil Durum ve Afet Yönetimi (Yaðlýdere);2;TYT;45;2;;2;;;1026163;289.35680;;
104550901;  Gýda Kalite Kontrolü ve Analizi;2;TYT;40;1;;1;;;1833805;239.75748;;
104551008;  Ýþ Saðlýðý ve Güvenliði;2;TYT;30;1;;1;;;1394459;265.30585;;
104550849;  Özel Güvenlik ve Koruma;2;TYT;50;2;;2;;2;1402658;264.80116;;
104550885;  Sivil Savunma ve Ýtfaiyecilik;2;TYT;75;2;;;;9;1071031;286.21081;;
104550937;  Týbbi ve Aromatik Bitkiler;2;TYT;30;1;;1;;;1953763;233.14965;;
;Eynesil Kamil Nalbant Meslek Yüksekokulu;;;;;;;;;;;;
104550497;  Çocuk Geliþimi;2;TYT;40;1;;1;;;1271754;272.93706;;
104590568;  Enerji Tesisleri Ýþletmeciliði;2;TYT;20;1;;1;;;...;----;;
104590470;  Mahkeme Büro Hizmetleri;2;TYT;30;1;;1;;;1206420;277.15614;;
104551089;  Sosyal Hizmetler;2;TYT;40;1;;1;;;1487249;259.68592;;
;Giresun Meslek Yüksekokulu;;;;;;;;;;;;
104590225;  Bankacýlýk ve Sigortacýlýk;2;TYT;25;1;;1;;;1463990;261.07207;;
104590428;  Bilgisayar Programcýlýðý;2;TYT;65;2;;2;;;930949;296.32240;;
104590477;  Bilgisayar Programcýlýðý (KKTC Uyruklu);2;TYT;1;;;;;5;1554186;255.73407;;
104590239;  Büro Yönetimi ve Yönetici Asistanlýðý;2;TYT;40;1;;1;;;1503541;258.70835;;
104590442;  Grafik Tasarýmý;2;TYT;60;2;;2;;;1263203;273.48747;;
104590246;  Halkla Ýliþkiler ve Tanýtým;2;TYT;70;2;;2;;;1795936;241.86105;;
104590456;  Harita ve Kadastro;2;TYT;30;1;;1;;;1407841;264.48168;;
104590267;  Ýþletme Yönetimi;2;TYT;35;1;;1;;;1761643;243.79733;;
104590274;  Mimari Restorasyon;2;TYT;40;1;;1;;;1818064;240.63376;;
104590281;  Moda Tasarýmý;2;TYT;40;1;;1;;;1658243;249.68102;;
104590288;  Muhasebe ve Vergi Uygulamalarý;2;TYT;30;1;;1;;;1680354;248.41073;;
104590316;  Turizm ve Seyahat Hizmetleri;2;TYT;25;1;;1;;;1808412;241.16998;;
104590505;  Yeþil ve Ekolojik Bina Teknikerliði;2;TYT;30;1;;1;;;...;----;;
;Keþap Meslek Yüksekokulu;;;;;;;;;;;;
104550894;  Dýþ Ticaret;2;TYT;35;1;;1;;;1864495;238.05358;;
104590114;  Emlak Yönetimi;2;TYT;30;1;;1;;;1877008;237.35319;;
104590102;  Ýnþaat Teknolojisi;2;TYT;40;1;;1;;;1856655;238.48742;;
104551035;  Saðlýk Kurumlarý Ýþletmeciliði;2;TYT;30;1;;1;;;1506923;258.50927;;
;Saðlýk Hizmetleri Meslek Yüksekokulu;;;;;;;;;;;;
104551053;  Anestezi;2;TYT;40;1;;1;;;401703;351.67703;;
104590091;  Çocuk Geliþimi;2;TYT;40;1;;1;;;978237;292.80149;;
104590084;  Diyaliz;2;TYT;50;2;;2;;;697991;315.78851;;
104590082;  Fizyoterapi;2;TYT;40;1;;1;;;685029;317.01080;;
104550991;  Ýlk ve Acil Yardým;2;TYT;35;1;;1;;;468485;341.65193;;
104550946;  Optisyenlik;2;TYT;40;1;;1;;;732140;312.64240;;
104590512;  Tele-Saðlýk Teknikerliði;2;TYT;30;1;;1;;;...;----;;
104590092;  Týbbi Dokümantasyon ve Sekreterlik;2;TYT;30;1;;1;;;561841;329.86498;;
104550831;  Týbbi Laboratuvar Teknikleri;2;TYT;50;2;;2;;;615976;323.91522;;
104590519;  Yaþlý Bakýmý;2;TYT;40;1;;1;;;...;----;;
;Þebinkarahisar Meslek Yüksekokulu;;;;;;;;;;;;
104590323;  Bankacýlýk ve Sigortacýlýk;2;TYT;25;1;;1;;;1937723;234.01903;;
104590330;  Biliþim Güvenliði Teknolojisi;2;TYT;50;2;;2;;;1658828;249.64946;;
104590337;  Elektrik;2;TYT;50;2;;2;;;1727368;245.73652;;
104590344;  Gýda Teknolojisi;2;TYT;35;1;;1;;;1871256;237.68243;;
104590351;  Halkla Ýliþkiler ve Tanýtým;2;TYT;20;1;;1;;;1937439;234.03456;;
104590358;  Ýç Mekan Tasarýmý;2;TYT;40;1;;1;;;1929361;234.47532;;
104590526;  Ýklimlendirme ve Soðutma Teknolojisi;2;TYT;30;1;;1;;;...;----;;
104590365;  Ýnsan Kaynaklarý Yönetimi;2;TYT;30;1;;1;;;1883585;236.99212;;
104590379;  Mimari Restorasyon;2;TYT;30;1;;1;;;1985501;231.42832;;
104590386;  Moda Tasarýmý;2;TYT;20;1;;1;;;1845234;239.11871;;
;Þebinkarahisar Saðlýk Hizmetleri Meslek Yüksekokulu;;;;;;;;;;;;
104590400;  Ýlk ve Acil Yardým;2;TYT;45;2;;2;;;606408;324.91066;;
104590533;  Týbbi Veri Ýþleme Teknikerliði;2;TYT;40;1;;1;;;...;----;;
;Tirebolu Mehmet Bayrak Meslek Yüksekokulu;;;;;;;;;;;;
104590120;  Alternatif Enerji Kaynaklarý Teknolojisi (Doðankent);2;TYT;30;1;;1;;;1922928;234.82526;;
104550082;  Bankacýlýk ve Sigortacýlýk;2;TYT;25;1;;1;;;1786028;242.42238;;
104550734;  Bilgisayar Programcýlýðý;2;TYT;60;2;;2;;;1195923;277.83358;;
104551044;  Elektrik Enerjisi Üretim, Ýletim ve Daðýtýmý (Doðankent);2;TYT;30;1;;1;;;1652376;250.01530;;
104550858;  Maliye;2;TYT;40;1;;1;;;1925801;234.66878;;
104550601;  Muhasebe ve Vergi Uygulamalarý;2;TYT;30;1;;1;;;1856065;238.51931;;
104590121;  Posta Hizmetleri;2;TYT;50;2;;2;;;1984755;231.46997;;
104590135;  Saðlýk Kurumlarý Ýþletmeciliði;2;TYT;30;1;;1;;;1535833;256.80668;;
104550691;  Turizm ve Seyahat Hizmetleri;2;TYT;25;1;;1;;;1815829;240.75860;;
104590540;  Web Tasarýmý ve Kodlama;2;TYT;30;1;;1;;;...;----;;
;GÜMÜÞHANE ÜNÝVERSÝTESÝ (Devlet Üniversitesi);;;;;;;;;;;;
;Gümüþhane Meslek Yüksekokulu;;;;;;;;;;;;
104750168;  Bilgisayar Programcýlýðý;2;TYT;60;2;;2;;;1308176;270.64399;;
104790071;  Biyomedikal Cihaz Teknolojisi;2;TYT;30;1;;1;;;1333314;269.08565;;
104790044;  Coðrafi Bilgi Sistemleri;2;TYT;30;1;;1;;;1932950;234.27914;;
104750026;  Elektrik;2;TYT;50;2;;2;;;1589576;253.66125;;
104750468;  Grafik Tasarýmý;2;TYT;50;2;;2;;;1710139;246.71445;;
104750423;  Ýç Mekan Tasarýmý;2;TYT;40;1;;1;;;1921961;234.87770;;
104750186;  Ýnþaat Teknolojisi;2;TYT;40;1;;1;;;1943513;233.70809;;
104750459;  Ýþ Saðlýðý ve Güvenliði;2;TYT;30;1;;1;;;1552537;255.82904;;
104750547;  Laboratuvar Teknolojisi;2;TYT;35;1;;1;;;1156087;280.45627;;
104790072;  Madencilik Teknolojisi;2;TYT;25;1;;1;;;1951542;233.26868;;
104750283;  Mekatronik;2;TYT;40;1;;1;;;1690675;247.81884;;
104790065;  Mimari Restorasyon;2;TYT;30;1;;1;;;1956368;233.00725;;
104750238;  Ormancýlýk ve Orman Ürünleri;2;TYT;30;1;;1;;;1043413;288.13965;;
;Gümüþhane Saðlýk Hizmetleri Meslek Yüksekokulu;;;;;;;;;;;;
104750398;  Çocuk Geliþimi;2;TYT;35;1;;1;;;1264639;273.39300;;
104790018;  Diyaliz;2;TYT;65;2;;2;;;776009;308.77547;;
104750565;  Fizyoterapi;2;TYT;40;1;;1;;;799371;306.76248;;
104750229;  Ýlk ve Acil Yardým;2;TYT;35;1;;1;;;570401;328.87028;;
104790082;  Patoloji Laboratuvar Teknikleri;2;TYT;30;1;;1;;;812423;305.66743;;
104750202;  Týbbi Laboratuvar Teknikleri;2;TYT;50;2;;2;;;707049;314.95072;;
104750495;  Yaþlý Bakýmý;2;TYT;65;2;;2;;;1129146;282.26159;;
;Ýrfan Can Köse Meslek Yüksekokulu;;;;;;;;;;;;
104790066;  Ceza Ýnfaz ve Güvenlik Hizmetleri;2;TYT;40;1;;1;;17;1020705;289.74352;;
104750335;  Lojistik;2;TYT;40;1;;1;;;1955057;233.07719;;
104750529;  Posta Hizmetleri;2;TYT;50;2;;2;;;2033944;228.80545;;
104790020;  Sosyal Güvenlik;2;TYT;40;1;;1;;;1903264;235.90565;;
;Kelkit Aydýn Doðan Meslek Yüksekokulu;;;;;;;;;;;;
104750177;  Bilgisayar Programcýlýðý;2;TYT;60;2;;2;;;1617398;252.04097;;
104750556;  Elektrik Enerjisi Üretim, Ýletim ve Daðýtýmý;2;TYT;20;1;;1;;;1746677;244.63783;;
104790057;  Elektronik Teknolojisi;2;TYT;30;1;;1;;;1822308;240.39819;;
104750477;  Laborant ve Veteriner Saðlýk;2;TYT;60;2;;2;;;1469789;260.72148;;
104750132;  Muhasebe ve Vergi Uygulamalarý;2;TYT;20;1;;1;;;1885793;236.86865;;
104750114;  Sivil Hava Ulaþtýrma Ýþletmeciliði;2;TYT;35;1;;1;;10;1402659;264.80101;;
104790022;  Sivil Havacýlýk Kabin Hizmetleri;2;TYT;60;2;;2;;10;1055035;287.32682;;
104790045;  Tapu ve Kadastro;2;TYT;50;2;;2;;;1574201;254.56483;;
;Kelkit Sema Doðan Saðlýk Hizmetleri Meslek Yüksekokulu;;;;;;;;;;;;
104790103;  Anestezi;2;TYT;55;2;;2;;;462200;342.53368;;
104790117;  Çocuk Geliþimi;2;TYT;35;1;;1;;;1440680;262.47661;;
104790096;  Ýlk ve Acil Yardým;2;TYT;35;1;;1;;;615515;323.96369;;
104790194;  Týbbi Görüntüleme Teknikleri;2;TYT;40;1;;1;;;...;----;;
;Kürtün Meslek Yüksekokulu;;;;;;;;;;;;
104750414;  Ormancýlýk ve Orman Ürünleri;2;TYT;30;1;;1;;;1173329;279.29827;;
104790046;  Sivil Savunma ve Ýtfaiyecilik;2;TYT;60;2;;;;9;1256309;273.92461;;
;Sosyal Bilimler Meslek Yüksekokulu;;;;;;;;;;;;
104750123;  Muhasebe ve Vergi Uygulamalarý;2;TYT;30;1;;1;;;1911927;235.43328;;
104790047;  Saðlýk Kurumlarý Ýþletmeciliði;2;TYT;30;1;;1;;;1720944;246.10572;;
104790027;  Sosyal Hizmetler;2;TYT;30;1;;1;;;1574455;254.54857;;
104750362;  Turizm ve Otel Ýþletmeciliði;2;TYT;25;1;;1;;;1802756;241.48080;;
;Þiran Dursun Keleþ Saðlýk Hizmetleri Meslek Yüksekokulu;;;;;;;;;;;;
104790131;  Diyaliz;2;TYT;50;2;;2;;;849117;302.66281;;
104790138;  Eczane Hizmetleri;2;TYT;35;1;;1;;;955086;294.51948;;
104790145;  Fizyoterapi;2;TYT;40;1;;1;;;861474;301.65633;;
104790152;  Ýlk ve Acil Yardým;2;TYT;35;1;;1;;;636288;321.81121;;
104790166;  Týbbi Dokümantasyon ve Sekreterlik;2;TYT;30;1;;1;;;801633;306.57071;;
;Þiran Mustafa Beyaz Meslek Yüksekokulu;;;;;;;;;;;;
104790054;  Acil Durum ve Afet Yönetimi;2;TYT;40;1;;1;;;1087000;285.10739;;
104790024;  Aþçýlýk;2;TYT;50;2;;2;;;1481741;260.00831;;
104790055;  Gýda Kalite Kontrolü ve Analizi;2;TYT;35;1;;1;;;1979163;231.77019;;
104750265;  Laborant ve Veteriner Saðlýk;2;TYT;65;2;;2;;;1499467;258.95029;;
104750538;  Týbbi Laboratuvar Teknikleri;2;TYT;40;1;;1;;;812375;305.67156;;
;Torul Meslek Yüksekokulu;;;;;;;;;;;;
104790058;  Basým ve Yayým Teknolojileri;2;TYT;30;1;;1;;;2148850;222.60402;;
104750371;  Bilgisayar Programcýlýðý;2;TYT;55;2;;2;;;1595730;253.30271;;
104790187;  Mahkeme Büro Hizmetleri;2;TYT;30;1;;1;;;1364302;267.16813;;
104790073;  Optisyenlik;2;TYT;40;1;;1;;;1151853;280.73901;;
104790051;  Özel Güvenlik ve Koruma;2;TYT;55;2;;2;;2;1701991;247.17882;;
104790064;  Sosyal Hizmetler;2;TYT;30;1;;1;;;1715551;246.40947;;
;HACETTEPE ÜNÝVERSÝTESÝ (ANKARA) (Devlet Üniversitesi);;;;;;;;;;;;YÖKAK
;Baþkent Organize Sanayi Bölgesi Teknik Bilimler Meslek Yüksekokulu;;;;;;;;;;;;
104850652;  Bilgisayar Programcýlýðý;2;TYT;60;2;;;;321;290641;372.91997;;
104850661;  Harita ve Kadastro;2;TYT;30;1;;;;;657508;319.69641;;
104850679;  Ýklimlendirme ve Soðutma Teknolojisi;2;TYT;50;2;;;;321;918707;297.24310;;
104850688;  Ýnþaat Teknolojisi;2;TYT;45;2;;;;321;636447;321.79564;;
104890465;  Kaynak Teknolojisi;2;TYT;25;1;;;;321;798773;306.81691;;
104890267;  Makine;2;TYT;60;2;;;;321;548428;331.42227;;
;Hacettepe Ankara Sanayi Odasý 1. OSB Meslek Yüksekokulu;;;;;;;;;;;;
104850519;  Alternatif Enerji Kaynaklarý Teknolojisi;2;TYT;50;2;;;;321;730218;312.81662;;
104850582;  Elektrik;2;TYT;50;2;;;;321;380585;355.20826;;
104850528;  Endüstri Ürünleri Tasarýmý;2;TYT;50;2;;;;321;745208;311.46099;;
104850537;  Makine;2;TYT;50;2;;;;321;433276;346.73633;;
;Saðlýk Hizmetleri Meslek Yüksekokulu;;;;;;;;;;;;
104850564;  Aðýz ve Diþ Saðlýðý;2;TYT;40;1;;;;;291222;372.78130;;
104850591;  Ameliyathane Hizmetleri;2;TYT;60;2;;;;;391056;353.44083;;
104890455;  Dezenfeksiyon, Sterilizasyon ve Antisepsi Teknikerliði;2;TYT;30;1;;;;;568983;329.03778;;
104850388;  Diþ Protez Teknolojisi;2;TYT;40;1;;;;;253689;381.79970;;
104850485;  Eczane Hizmetleri;2;TYT;35;1;;;;;433796;346.66053;;
104850573;  Elektronörofizyoloji;2;TYT;30;1;;;;;507936;336.40055;;
104850501;  Ýlk ve Acil Yardým;2;TYT;35;1;;;;;218424;391.48351;;
104850034;  Odyometri;2;TYT;40;1;;;;;402985;351.45987;;
104850643;  Odyometri (KKTC Uyruklu);2;TYT;1;;;;;5;717227;314.01407;;
104850449;  Ortopedik Protez ve Ortez;2;TYT;70;2;;;;;468245;341.68492;;
104850476;  Radyoterapi;2;TYT;40;1;;;;;443068;345.28915;;
104850061;  Týbbi Dokümantasyon ve Sekreterlik;2;TYT;30;1;;;;;336223;363.35082;;
104850458;  Týbbi Görüntüleme Teknikleri;2;TYT;40;1;;;;;250288;382.65594;;
104850431;  Týbbi Laboratuvar Teknikleri;2;TYT;50;2;;;;;313312;367.99758;;
;Sosyal Bilimler Meslek Yüksekokulu;;;;;;;;;;;;
104850494;  Büro Yönetimi ve Yönetici Asistanlýðý;2;TYT;40;1;;;;;662021;319.25718;;
104850334;  Muhasebe ve Vergi Uygulamalarý;2;TYT;30;1;;;;;630594;322.39415;;
104890456;  Sahne Iþýk ve Ses Teknolojileri;2;TYT;40;1;;;;;629024;322.55334;;
104850113;  Turizm ve Otel Ýþletmeciliði;2;TYT;30;1;;;;;690591;316.48524;;
;HAKKARÝ ÜNÝVERSÝTESÝ (Devlet Üniversitesi);;;;;;;;;;;;
;Çölemerik Meslek Yüksekokulu;;;;;;;;;;;;
104950087;  Bankacýlýk ve Sigortacýlýk;2;TYT;25;1;;1;;;1777719;242.89350;;
104950121;  Bilgisayar Programcýlýðý;2;TYT;50;2;;2;;;1679680;248.45075;;
104970169;  Bitki Koruma;2;TYT;30;1;;1;;;1994696;230.92862;;
104950042;  Elektrik;2;TYT;30;1;;1;;;1683286;248.24016;;
104950254;  Geleneksel El Sanatlarý;2;TYT;25;1;;1;;;2002595;230.50385;;
104970175;  Harita ve Kadastro;2;TYT;30;1;;1;;;1673060;248.82772;;
104950139;  Ýnþaat Teknolojisi;2;TYT;30;1;;1;;;1916328;235.18984;;
104950193;  Laborant ve Veteriner Saðlýk;2;TYT;30;1;;1;;;1419597;263.75030;;
104950096;  Muhasebe ve Vergi Uygulamalarý;2;TYT;25;1;;1;;;1844685;239.15050;;
104970180;  Turizm ve Otel Ýþletmeciliði;2;TYT;25;1;;1;;;1923896;234.77347;;
;Saðlýk Hizmetleri Meslek Yüksekokulu;;;;;;;;;;;;
104950263;  Çevre Saðlýðý;2;TYT;40;1;;1;;;1040054;288.37586;;
104950209;  Çocuk Geliþimi;2;TYT;30;1;;1;;;1377945;266.31380;;
104970171;  Diyaliz;2;TYT;40;1;;1;;;845707;302.93850;;
104950281;  Ýlk ve Acil Yardým;2;TYT;40;1;;1;;;615136;323.99694;;
104950272;  Saðlýk Kurumlarý Ýþletmeciliði;2;TYT;30;1;;1;;;1592889;253.46801;;
104950166;  Týbbi Dokümantasyon ve Sekreterlik;2;TYT;30;1;;1;;;808986;305.95886;;
104970187;  Týbbi Görüntüleme Teknikleri;2;TYT;30;1;;1;;;695721;316.00780;;
104950299;  Týbbi Laboratuvar Teknikleri;2;TYT;40;1;;1;;;806744;306.14802;;
;Yüksekova Meslek Yüksekokulu;;;;;;;;;;;;
104970222;  Arýcýlýk;2;TYT;25;1;;1;;;2042239;228.35893;;
104950324;  Büro Yönetimi ve Yönetici Asistanlýðý;2;TYT;30;1;;1;;;1742740;244.86057;;
104970174;  Doðalgaz ve Tesisatý Teknolojisi;2;TYT;30;1;;1;;;1975340;231.97845;;
104950342;  Lojistik;2;TYT;30;1;;1;;;1945132;233.61968;;
104970229;  Mantarcýlýk;2;TYT;25;1;;1;;;2066965;227.02338;;
104950236;  Posta Hizmetleri;2;TYT;35;1;;1;;;1967093;232.42485;;
104970236;  Süt ve Besi Hayvancýlýðý;2;TYT;25;1;;1;;;2041535;228.39716;;
;HARRAN ÜNÝVERSÝTESÝ (ÞANLIURFA) (Devlet Üniversitesi);;;;;;;;;;;;YÖKAK
;Akçakale Meslek Yüksekokulu;;;;;;;;;;;;
105050684;  Muhasebe ve Vergi Uygulamalarý;2;TYT;30;1;;1;3;;1858435;238.38807;;
105050966;  Organik Tarým;2;TYT;50;2;;2;5;;2066885;227.02716;;
;Birecik Meslek Yüksekokulu;;;;;;;;;;;;
105050824;  Bilgisayar Programcýlýðý;2;TYT;55;2;;2;6;;1594410;253.38097;;
105090093;  Çaðrý Merkezi Hizmetleri;2;TYT;30;1;;1;3;;1622668;251.73008;;
105050648;  Halkla Ýliþkiler ve Tanýtým;2;TYT;30;1;;1;3;;1887835;236.75702;;
105090207;  Laborant ve Veteriner Saðlýk;2;TYT;30;1;;1;3;;1134610;281.90000;;
105050693;  Muhasebe ve Vergi Uygulamalarý;2;TYT;30;1;;1;3;;1880252;237.17328;;
;Bozova Meslek Yüksekokulu;;;;;;;;;;;;
105050612;  Çevre Koruma ve Kontrol;2;TYT;40;1;;1;4;;1998876;230.70504;;
105050709;  Muhasebe ve Vergi Uygulamalarý;2;TYT;30;1;;1;3;;1891738;236.53722;;
;Ceylanpýnar Tarým Meslek Yüksekokulu;;;;;;;;;;;;
105050948;  Tarýmsal Ýþletmecilik;2;TYT;25;1;;1;3;176;1900347;236.06593;;
105090235;  Tohumculuk Teknolojisi;2;TYT;25;1;;1;3;176;1989278;231.21984;;
;Halfeti Meslek Yüksekokulu;;;;;;;;;;;;
105090095;  Aþçýlýk;2;TYT;25;1;;1;3;;1314033;270.27771;;
105090175;  Turist Rehberliði;2;TYT;30;1;;1;3;;1684587;248.16517;;
;Hilvan Meslek Yüksekokulu;;;;;;;;;;;;
105051161;  Bankacýlýk ve Sigortacýlýk;2;TYT;25;1;;1;3;;1654212;249.91264;;
105050939;  Büro Yönetimi ve Yönetici Asistanlýðý;2;TYT;30;1;;1;3;;1716980;246.33217;;
105051258;  Ýþ Saðlýðý ve Güvenliði;2;TYT;20;1;;1;2;;1392100;265.44799;;
105090389;  Yapý Yalýtým Teknolojisi;2;TYT;30;1;;1;3;;...;----;;
;Organize Sanayi Bölgesi Meslek Yüksekokulu;;;;;;;;;;;;
105090186;  Ayakkabý Tasarým ve Üretimi;2;TYT;30;1;;1;3;321;2057257;227.53650;;
105090176;  Elektrik;2;TYT;40;1;;1;4;321;1627186;251.46814;;
105090193;  Elektronik Teknolojisi;2;TYT;40;1;;1;4;321;1776067;242.99249;;
105090177;  Gýda Teknolojisi;2;TYT;35;1;;1;4;321;1874407;237.49970;;
105090178;  Giyim Üretim Teknolojisi;2;TYT;40;1;;1;4;321;2078644;226.39341;;
105090179;  Ýklimlendirme ve Soðutma Teknolojisi;2;TYT;30;1;;1;3;321;1841293;239.33906;;
105090305;  Kimya Teknolojisi;2;TYT;20;1;;1;2;;1907224;235.68840;;
105090125;  Tekstil Teknolojisi;2;TYT;40;1;;1;4;321;1969378;232.30584;;
;Siverek Meslek Yüksekokulu;;;;;;;;;;;;
105050833;  Bilgisayar Programcýlýðý;2;TYT;50;2;;2;5;;1577176;254.39574;;
105090100;  Çocuk Geliþimi;2;TYT;35;1;;1;4;;1289527;271.81717;;
105050481;  Gýda Teknolojisi;2;TYT;35;1;;1;4;;1944771;233.63701;;
105050718;  Muhasebe ve Vergi Uygulamalarý;2;TYT;30;1;;1;3;;1863601;238.10426;;
105090101;  Týbbi Dokümantasyon ve Sekreterlik;2;TYT;30;1;;1;3;;718626;313.88917;;
;Suruç Meslek Yüksekokulu;;;;;;;;;;;;
105090097;  Atçýlýk ve Antrenörlüðü;2;TYT;30;1;;1;3;;2001954;230.53924;;
105050657;  Bankacýlýk ve Sigortacýlýk;2;TYT;25;1;;1;3;;1857228;238.45492;;
;Þanlýurfa Saðlýk Hizmetleri Meslek Yüksekokulu;;;;;;;;;;;;
105090080;  Aðýz ve Diþ Saðlýðý;2;TYT;30;1;;1;3;;443306;345.25550;;
105051134;  Ameliyathane Hizmetleri;2;TYT;30;1;;1;3;;571882;328.69671;;
105050984;  Anestezi;2;TYT;30;1;;1;3;;351285;360.49570;;
105090082;  Biyomedikal Cihaz Teknolojisi;2;TYT;30;1;;1;3;;985488;292.27182;;
105090083;  Diþ Protez Teknolojisi;2;TYT;30;1;;1;3;;585145;327.21451;;
105090084;  Diyaliz;2;TYT;30;1;;1;3;;652200;320.22686;;
105051152;  Eczane Hizmetleri;2;TYT;30;1;;1;3;;663022;319.15318;;
105051231;  Fizyoterapi;2;TYT;30;1;;1;3;;649770;320.46528;;
105051143;  Ýlk ve Acil Yardým;2;TYT;45;2;;2;5;;440901;345.60361;;
105090085;  Odyometri;2;TYT;30;1;;1;3;;730239;312.81478;;
105051125;  Optisyenlik;2;TYT;35;1;;1;4;;757122;310.39393;;
105090086;  Ortopedik Protez ve Ortez;2;TYT;40;1;;1;4;;693399;316.22573;;
105051197;  Podoloji;2;TYT;35;1;;1;4;;690033;316.53705;;
105051213;  Saðlýk Turizmi Ýþletmeciliði;2;TYT;35;1;;1;4;;1368737;266.88490;;
105050296;  Týbbi Dokümantasyon ve Sekreterlik;2;TYT;30;1;;1;3;;550758;331.14648;;
105050851;  Týbbi Görüntüleme Teknikleri;2;TYT;40;1;;1;4;;482721;339.70782;;
105050815;  Týbbi Laboratuvar Teknikleri;2;TYT;40;1;;1;4;;588841;326.82003;;
105051222;  Týbbi Tanýtým ve Pazarlama;2;TYT;40;1;;1;4;;1255488;273.97974;;
105090200;  Yaþlý Bakýmý;2;TYT;40;1;;1;4;;797602;306.91939;;
;Þanlýurfa Sosyal Bilimler Meslek Yüksekokulu;;;;;;;;;;;;
105050799;  Aþçýlýk;2;TYT;60;2;;2;6;;1292559;271.62692;;
105050921;  Büro Yönetimi ve Yönetici Asistanlýðý;2;TYT;35;1;;1;4;;1341596;268.57482;;
105051204;  Çocuk Geliþimi;2;TYT;30;1;;1;3;;945474;295.24047;;
105050084;  Dýþ Ticaret;2;TYT;40;1;;1;4;;1749579;244.47605;;
105050639;  Halkla Ýliþkiler ve Tanýtým;2;TYT;45;2;;2;5;;1647013;250.32051;;
105050754;  Ýþletme Yönetimi;2;TYT;35;1;;1;4;;1663459;249.38080;;
105050675;  Muhasebe ve Vergi Uygulamalarý;2;TYT;30;1;;1;3;;1506561;258.53014;;
105050206;  Pazarlama;2;TYT;40;1;;1;4;;1870796;237.70844;;
105050242;  Turizm ve Otel Ýþletmeciliði;2;TYT;30;1;;1;3;;1741271;244.94605;;
;Þanlýurfa Teknik Bilimler Meslek Yüksekokulu;;;;;;;;;;;;
105051267;  Bilgisayar Programcýlýðý;2;TYT;70;2;;2;7;;1085579;285.21063;;
105050093;  Elektrik;2;TYT;65;2;;2;7;;1444728;262.23533;;
105050127;  Harita ve Kadastro;2;TYT;30;1;;1;3;;1362329;267.29257;;
105090312;  Ýmalat Yürütme Sistemleri Operatörlüðü;2;TYT;30;1;;1;3;320;1996160;230.84982;;
105050887;  Ýnþaat Teknolojisi;2;TYT;30;1;;1;3;;1752463;244.31734;;
105090319;  Kurumsal Biliþim Uzmanlýðý;2;TYT;30;1;;1;3;320;1325934;269.54477;;
105050172;  Makine;2;TYT;50;2;;2;5;;1731638;245.49078;;
105050666;  Mimari Restorasyon;2;TYT;40;1;;1;4;;1573811;254.58794;;
105050736;  Otomotiv Teknolojisi;2;TYT;30;1;;1;3;;1726381;245.79380;;
105090326;  Otonom Sistemler Teknikerliði;2;TYT;30;1;;1;3;320;1131230;282.12300;;
105090333;  Robotik ve Yapay Zeka;2;TYT;30;1;;1;3;320;680195;317.48100;;
105090102;  Sivil Savunma ve Ýtfaiyecilik;2;TYT;30;1;;;3;9;926713;296.63695;;
105050912;  Ulaþtýrma ve Trafik Hizmetleri;2;TYT;40;1;;1;4;;1740981;244.96204;;
105090291;  Web Tasarýmý ve Kodlama;2;TYT;50;2;;2;5;;1322165;269.77837;;
;Viranþehir Meslek Yüksekokulu;;;;;;;;;;;;
105050842;  Bilgisayar Programcýlýðý;2;TYT;50;2;;2;5;;1689240;247.90083;;
105051276;  Çocuk Geliþimi;2;TYT;30;1;;1;3;;1306570;270.74660;;
105050727;  Muhasebe ve Vergi Uygulamalarý;2;TYT;30;1;;1;3;;1902715;235.93420;;
;HATAY MUSTAFA KEMAL ÜNÝVERSÝTESÝ (Devlet Üniversitesi);;;;;;;;;;;;
;Altýnözü Tarým Bilimleri Meslek Yüksekokulu;;;;;;;;;;;;
107790395;  Dijital Tarým Teknolojileri;2;TYT;20;1;;1;2;;...;----;;
107751536;  Gýda Teknolojisi;2;TYT;20;1;;1;2;;1859553;238.32681;;
107751633;  Kimya Teknolojisi;2;TYT;20;1;;1;2;;1766210;243.54150;;
107790402;  Su ve Atýk Yönetimi Teknikerliði;2;TYT;20;1;;1;2;;...;----;;
107751457;  Týbbi ve Aromatik Bitkiler;2;TYT;20;1;;1;2;;1968799;232.33616;;
;Antakya Meslek Yüksekokulu;;;;;;;;;;;;
107790210;  Aþçýlýk;2;TYT;20;1;;1;2;47;880807;300.14717;;
107750105;  Bilgisayar Programcýlýðý;2;TYT;40;1;;1;4;47;886508;299.69195;;
107751051;  Bilgisayar Teknolojisi;2;TYT;50;2;;2;5;47;1401017;264.90090;;
107751572;  Çocuk Geliþimi;2;TYT;20;1;;1;2;47;870027;300.99471;;
107750035;  Dýþ Ticaret;2;TYT;20;1;;1;2;47;1343243;268.47390;;
107750044;  Elektrik;2;TYT;20;1;;1;2;47;1216448;276.50841;;
107751015;  Elektronik Teknolojisi;2;TYT;20;1;;1;2;47;1485723;259.77409;;
107790270;  Emlak Yönetimi;2;TYT;30;1;;1;3;47;1757685;244.02342;;
107790315;  Harita ve Kadastro;2;TYT;30;1;;1;3;47;1309051;270.58824;;
107751103;  Ýnþaat Teknolojisi;2;TYT;20;1;;1;2;47;1296875;271.35303;;
107790409;  Kurumsal Biliþim Uzmanlýðý;2;TYT;20;1;;1;2;47, 320;...;----;;
107751024;  Lojistik;2;TYT;20;1;;1;2;47;1469587;260.73493;;
107790416;  Medya ve Ýletiþim;2;TYT;20;1;;1;2;47;...;----;;
107750838;  Muhasebe ve Vergi Uygulamalarý;2;TYT;20;1;;1;2;47;1166107;279.78162;;
107790423;  Ofis Teknolojileri ve Veri Yönetimi;2;TYT;20;1;;1;2;47;...;----;;
107751563;  Özel Güvenlik ve Koruma;2;TYT;20;1;;1;2;2, 47;1242664;274.80442;;
107750089;  Pazarlama;2;TYT;20;1;;1;2;47;1664020;249.34852;;
107790243;  Saðlýk Bilgi Sistemleri Teknikerliði;2;TYT;20;1;;1;2;47;994347;291.63070;;
107751403;  Turizm ve Otel Ýþletmeciliði;2;TYT;20;1;;1;2;47;1433073;262.93000;;
107751263;  Turizm ve Seyahat Hizmetleri;2;TYT;20;1;;1;2;47;1708246;246.82361;;
107750583;  Yerel Yönetimler;2;TYT;20;1;;1;2;47;1821244;240.45523;;
;Hassa Meslek Yüksekokulu (Kýrýkhan);;;;;;;;;;;;
107751466;  Bilgisayar Programcýlýðý;2;TYT;40;1;;1;4;;1516008;257.96935;;
107751475;  Biyomedikal Cihaz Teknolojisi;2;TYT;20;1;;1;2;;1306720;270.73794;;
107790430;  Çevresel Ölçüm ve Ýzleme Sistemleri Teknikerliði;2;TYT;20;1;;1;2;;...;----;;
;Hatay Saðlýk Hizmetleri Meslek Yüksekokulu;;;;;;;;;;;;
107750759;  Anestezi;2;TYT;30;1;;1;3;;375443;356.11247;;
107751396;  Ýlk ve Acil Yardým;2;TYT;30;1;;1;3;;421484;348.54551;;
107790273;  Ýþ ve Uðraþý Terapisi;2;TYT;20;1;;1;2;;778799;308.52484;;
107750777;  Týbbi Dokümantasyon ve Sekreterlik;2;TYT;30;1;;1;3;;526797;334.00190;;
107751096;  Týbbi Görüntüleme Teknikleri;2;TYT;20;1;;1;2;;464295;342.24078;;
107751087;  Týbbi Laboratuvar Teknikleri;2;TYT;25;1;;1;3;;556170;330.51504;;
107751615;  Yaþlý Bakýmý;2;TYT;30;1;;1;3;;880585;300.16535;;
;Kýrýkhan Meslek Yüksekokulu;;;;;;;;;;;;
107790277;  Aðýz ve Diþ Saðlýðý;2;TYT;20;1;;1;2;;523430;334.41856;;
107790437;  Arka-Yüz Yazýlým Geliþtirme;2;TYT;30;1;;1;3;320;...;----;;
107751209;  Bilgisayar Teknolojisi;2;TYT;50;2;;2;5;;1767905;243.44942;;
107790268;  Biliþim Güvenliði Teknolojisi;2;TYT;50;2;;2;5;;1789205;242.24081;;
107750829;  Dýþ Ticaret;2;TYT;20;1;;1;2;;1844251;239.17475;;
107790316;  Diþ Protez Teknolojisi;2;TYT;20;1;;1;2;;580520;327.73107;;
107790317;  Eczane Hizmetleri;2;TYT;30;1;;1;3;;778677;308.53583;;
107790318;  Evde Hasta Bakýmý;2;TYT;20;1;;1;2;;636652;321.77822;;
107751678;  Ýþ Saðlýðý ve Güvenliði;2;TYT;20;1;;1;2;;1201810;277.45157;;
107750856;  Muhasebe ve Vergi Uygulamalarý;2;TYT;20;1;;1;2;;1741281;244.94573;;
107790444;  Ofis Teknolojileri ve Veri Yönetimi;2;TYT;20;1;;1;2;;...;----;;
107790276;  Optisyenlik;2;TYT;20;1;;1;2;;617770;323.73525;;
107790211;  Yerel Yönetimler;2;TYT;20;1;;1;2;;1890533;236.60848;;
;Reyhanlý Sosyal Bilimler Meslek Yüksekokulu;;;;;;;;;;;;
107750635;  Bankacýlýk ve Sigortacýlýk;2;TYT;25;1;;1;3;;1685424;248.11908;;
107750432;  Dýþ Ticaret;2;TYT;40;1;;1;4;;1961891;232.70290;;
107751033;  Lojistik;2;TYT;50;2;;2;5;;1938755;233.96268;;
107750865;  Muhasebe ve Vergi Uygulamalarý;2;TYT;30;1;;1;3;;1916358;235.18800;;
107790271;  Sosyal Güvenlik;2;TYT;40;1;;1;4;;1736399;245.22413;;
107751696;  Sosyal Hizmetler;2;TYT;30;1;;1;3;;1439276;262.56017;;
;Samandað Meslek Yüksekokulu;;;;;;;;;;;;
107790451;  Akýllý Sera Teknolojileri;2;TYT;20;1;;1;2;;...;----;;
107751624;  Bitki Koruma;2;TYT;20;1;;1;2;;1681991;248.31253;;
107790212;  Laborant ve Veteriner Saðlýk;2;TYT;20;1;;1;2;;1004791;290.88349;;
;Sanat ve Tasarým Meslek Yüksekokulu;;;;;;;;;;;;
107751651;  Eser Koruma;2;TYT;20;1;;1;2;;1926334;234.63934;;
107751669;  Grafik Tasarýmý;2;TYT;30;1;;1;3;;1227304;275.79893;;
107751581;  Mimari Dekoratif Sanatlar;2;TYT;20;1;;1;2;;1794439;241.94603;;
107751157;  Mimari Restorasyon;2;TYT;30;1;;1;3;;1445694;262.17617;;
;Yayladaðý Sosyal Bilimler Meslek Yüksekokulu;;;;;;;;;;;;
107751687;  Bankacýlýk ve Sigortacýlýk;2;TYT;20;1;;1;2;47;1583103;254.04426;;
107790207;  Çocuk Geliþimi;2;TYT;30;1;;1;3;47;1112009;283.41482;;
107790245;  Çocuk Koruma ve Bakým Hizmetleri;2;TYT;20;1;;1;2;47;1449167;261.96557;;
107750486;  Dýþ Ticaret;2;TYT;20;1;;1;2;47;1899401;236.11701;;
107751448;  Lojistik;2;TYT;30;1;;1;3;47;1922009;234.87478;;
107750874;  Muhasebe ve Vergi Uygulamalarý;2;TYT;20;1;;1;2;47;1850135;238.84724;;
;HÝTÝT ÜNÝVERSÝTESÝ (ÇORUM) (Devlet Üniversitesi);;;;;;;;;;;;
;Alaca Avni Çelik Meslek Yüksekokulu;;;;;;;;;;;;
105190067;  Aþçýlýk;2;TYT;40;1;;1;;;1363128;267.24216;;
105150383;  Elektronik Haberleþme Teknolojisi;2;TYT;25;1;;1;;;1796363;241.83623;;
105150392;  Gýda Teknolojisi;2;TYT;30;1;;1;;;1910336;235.51681;;
105150568;  Laborant ve Veteriner Saðlýk;2;TYT;40;1;;1;;;1263886;273.44149;;
105150505;  Sivil Savunma ve Ýtfaiyecilik;2;TYT;55;2;;;;9;1169523;279.55339;;
105190087;  Týbbi Laboratuvar Teknikleri;2;TYT;40;1;;1;;;708515;314.81383;;
;Ýskilip Meslek Yüksekokulu;;;;;;;;;;;;
105150514;  Grafik Tasarýmý;2;TYT;50;2;;2;;;1773747;243.12347;;
105150523;  Ýç Mekan Tasarýmý;2;TYT;50;2;;2;;;1978903;231.78412;;
105190088;  Ýlk ve Acil Yardým;2;TYT;30;1;;1;;;577411;328.07899;;
105150365;  Mimari Restorasyon;2;TYT;30;1;;1;;;2000654;230.60753;;
;Osmancýk Ömer Derindere Meslek Yüksekokulu;;;;;;;;;;;;
105150302;  Bilgisayar Programcýlýðý;2;TYT;60;2;;2;;;1497868;259.04831;;
105150338;  Büro Yönetimi ve Yönetici Asistanlýðý;2;TYT;25;1;;1;;;1763817;243.67313;;
105150259;  Elektronik Teknolojisi;2;TYT;30;1;;1;;;1749497;244.48031;;
105190086;  Endüstri Ürünleri Tasarýmý;2;TYT;20;1;;1;;;1922929;234.82521;;
105150462;  Harita ve Kadastro;2;TYT;30;1;;1;;;1805744;241.32039;;
105150471;  Ýþ Saðlýðý ve Güvenliði;2;TYT;30;1;;1;;;1713810;246.50741;;
105150577;  Lojistik;2;TYT;35;1;;1;;;1920913;234.93348;;
105190059;  Tapu ve Kadastro;2;TYT;40;1;;1;;;1445253;262.20343;;
105150453;  Týbbi Dokümantasyon ve Sekreterlik;2;TYT;30;1;;1;;;748391;311.17201;;
;Saðlýk Hizmetleri Meslek Yüksekokulu;;;;;;;;;;;;
105190243;  Çevre Saðlýðý ve Çevresel Risk Yönetimi Teknikerliði;2;TYT;40;1;;1;;;...;----;;
105190120;  Çocuk Koruma ve Bakým Hizmetleri;2;TYT;40;1;;1;;;1310989;270.46857;;
105190121;  Eczane Hizmetleri;2;TYT;30;1;;1;;;793768;307.24060;;
105190098;  Engelli Bakýmý ve Rehabilitasyon;2;TYT;40;1;;1;;;1276324;272.64134;*;MEDEK
105190122;  Ýþ ve Uðraþý Terapisi;2;TYT;40;1;;1;;;965903;293.71362;;
105190123;  Odyometri;2;TYT;30;1;;1;;;743455;311.61237;;
;Sosyal Bilimler Meslek Yüksekokulu;;;;;;;;;;;;
105190138;  Aþçýlýk;2;TYT;30;1;;1;;;1248056;274.44893;;
105150426;  Bankacýlýk ve Sigortacýlýk;2;TYT;25;1;;1;;;1578674;254.30937;;
105150329;  Büro Yönetimi ve Yönetici Asistanlýðý;2;TYT;35;1;;1;;;1649081;250.20453;;
105150232;  Ýþletme Yönetimi;2;TYT;35;1;;1;;;1839191;239.45727;;
105190145;  Mahkeme Büro Hizmetleri;2;TYT;30;1;;1;;;1060298;286.95579;;
105150586;  Medya ve Ýletiþim;2;TYT;40;1;;1;;;1904445;235.84051;*;MEDEK
105150214;  Muhasebe ve Vergi Uygulamalarý;2;TYT;30;1;;1;;;1745791;244.68829;;
105150559;  Sivil Hava Ulaþtýrma Ýþletmeciliði;2;TYT;35;1;;1;;10;1333759;269.05698;*;MEDEK
105190064;  Sosyal Güvenlik;2;TYT;60;2;;2;;;1600328;253.03089;;
105190084;  Sosyal Hizmetler;2;TYT;30;1;;1;;;1299141;271.21351;;
105150435;  Turizm ve Otel Ýþletmeciliði;2;TYT;25;1;;1;;;1749172;244.49845;;
105150541;  Yerel Yönetimler;2;TYT;40;1;;1;;;1913345;235.35583;;
;Sungurlu Meslek Yüksekokulu;;;;;;;;;;;;
105150295;  Bilgisayar Programcýlýðý;2;TYT;60;2;;2;;;1396181;265.19618;;
105150189;  Çocuk Geliþimi;2;TYT;30;1;;1;;;1304228;270.89376;;
105150532;  Fizyoterapi;2;TYT;40;1;;1;;;798114;306.87643;;
105150241;  Ýþletme Yönetimi;2;TYT;30;1;;1;;;1877797;237.30969;;
105150268;  Saðlýk Kurumlarý Ýþletmeciliði;2;TYT;30;1;;1;;;1672024;248.88989;;
105190069;  Sosyal Hizmetler;2;TYT;30;1;;1;;;1596499;253.25600;;
105150356;  Týbbi Tanýtým ve Pazarlama;2;TYT;35;1;;1;;;1790723;242.16046;;
;Teknik Bilimler Meslek Yüksekokulu;;;;;;;;;;;;
105150286;  Bilgisayar Programcýlýðý;2;TYT;60;2;;2;;;1032945;288.87450;*;MEDEK
105150038;  Elektrik;2;TYT;40;1;;1;;316, 321;1386842;265.77299;;
105150047;  Harita ve Kadastro;2;TYT;30;1;;1;;;1552222;255.84823;;
105150665;  Harita ve Kadastro (Kargý);2;TYT;30;1;;1;;;1898204;236.18152;;
105150602;  Ýç Mekan Tasarýmý (Bayat);2;TYT;40;1;;1;;;1976448;231.91693;;
105190250;  Ýmalat Yürütme Sistemleri Operatörlüðü;2;TYT;30;1;;1;;320;...;----;;
105150277;  Ýnþaat Teknolojisi;2;TYT;40;1;;1;;;1914095;235.31539;*;MEDEK
105150611;  Ýþ Saðlýðý ve Güvenliði;2;TYT;30;1;;1;;;1468643;260.79246;*;MEDEK
105150629;  Ýþ Saðlýðý ve Güvenliði (Kargý);2;TYT;30;1;;1;;;1840351;239.39147;;
105190124;  Kaynak Teknolojisi;2;TYT;30;1;;1;;316, 321;1685562;248.11114;;
105190152;  Kuyumculuk ve Taký Tasarýmý;2;TYT;30;1;;1;;;1539286;256.60637;;
105190085;  Laboratuvar Teknolojisi;2;TYT;30;1;;1;;;981473;292.56042;;
105150074;  Makine;2;TYT;50;2;;2;;316, 321;1530968;257.09306;;
105150374;  Mekatronik;2;TYT;45;2;;2;;316, 321;1511592;258.23483;;
105150638;  Mimari Dekoratif Sanatlar;2;TYT;40;1;;1;;;1916757;235.16558;;
105150647;  Moda Tasarýmý;2;TYT;30;1;;1;;;1652838;249.98962;;
105190099;  Nükleer Teknoloji ve Radyasyon Güvenliði;2;TYT;30;1;;1;;;1520610;257.70262;;
105150223;  Otomotiv Teknolojisi;2;TYT;30;1;;1;;;1486004;259.75924;;
105190159;  Su ve Atýk Yönetimi Teknikerliði;2;TYT;30;1;;1;;;...;----;;
105150311;  Yapý Denetimi;2;TYT;30;1;;1;;;1884671;236.93308;;
105190166;  Yeþil ve Ekolojik Bina Teknikerliði;2;TYT;30;1;;1;;;...;----;;
;IÐDIR ÜNÝVERSÝTESÝ (Devlet Üniversitesi);;;;;;;;;;;;YÖKAK
;Iðdýr Meslek Yüksekokulu;;;;;;;;;;;;
105290022;  Aþçýlýk;2;TYT;50;2;;2;;;1586430;253.84696;;
105250179;  Bankacýlýk ve Sigortacýlýk;2;TYT;25;1;;1;;;1857676;238.42899;;
105250301;  Çaðrý Merkezi Hizmetleri;2;TYT;45;2;;2;;;1851950;238.74511;;
105250213;  Lojistik;2;TYT;40;1;;1;;;1956945;232.97423;;
105250055;  Maliye;2;TYT;40;1;;1;;;1947765;233.47558;;
105250107;  Muhasebe ve Vergi Uygulamalarý;2;TYT;30;1;;1;;;1925730;234.67266;;
105290019;  Özel Güvenlik ve Koruma;2;TYT;40;1;;1;;2;1642290;250.59303;;
105250267;  Saðlýk Kurumlarý Ýþletmeciliði;2;TYT;30;1;;1;;;1758905;243.95328;;
105290032;  Sivil Hava Ulaþtýrma Ýþletmeciliði;2;TYT;35;1;;1;;10;1723450;245.95807;;
105290033;  Sivil Havacýlýk Kabin Hizmetleri;2;TYT;35;1;;1;;10;1229563;275.65073;;
105290051;  Sivil Savunma ve Ýtfaiyecilik;2;TYT;60;2;;;;9;1367641;266.95740;;
;Iðdýr Teknik Bilimler Meslek Yüksekokulu;;;;;;;;;;;;
105290084;  Avcýlýk ve Yaban Hayatý;2;TYT;35;1;;1;;;1562249;255.25691;;
105250125;  Bilgisayar Programcýlýðý;2;TYT;60;2;;2;;;1546785;256.16364;;
105290050;  Elektrik;2;TYT;40;1;;1;;;1721932;246.04425;;
105250161;  Geleneksel El Sanatlarý;2;TYT;30;1;;1;;;2061692;227.30344;;
105290063;  Harita ve Kadastro;2;TYT;30;1;;1;;;1884442;236.94592;;
105290064;  Ýç Mekan Tasarýmý;2;TYT;35;1;;1;;;1937311;234.04154;;
105290053;  Ýnþaat Teknolojisi;2;TYT;35;1;;1;;;1920988;234.92951;;
105290072;  Kozmetik Teknolojisi;2;TYT;30;1;;1;;;1996166;230.84965;;
105250046;  Makine;2;TYT;30;1;;1;;;1788176;242.29879;;
105290054;  Otomotiv Teknolojisi;2;TYT;25;1;;1;;;1854448;238.60792;;
105290056;  Tapu ve Kadastro;2;TYT;50;2;;2;;;1741070;244.95687;;
;Saðlýk Hizmetleri Meslek Yüksekokulu;;;;;;;;;;;;
105290130;  Aðýz ve Diþ Saðlýðý;2;TYT;30;1;;1;;;560963;329.96496;;
105290085;  Çevre Saðlýðý;2;TYT;40;1;;1;;;1012992;290.30246;;
105290086;  Çocuk Geliþimi;2;TYT;30;1;;1;;;1324034;269.66415;;
105290165;  Diþ Protez Teknolojisi;2;TYT;20;1;;1;;;707343;314.92434;;
105290088;  Evde Hasta Bakýmý;2;TYT;50;2;;2;;;718022;313.94393;;
105290090;  Fizyoterapi;2;TYT;40;1;;1;;;846097;302.90588;;
105290091;  Ýlk ve Acil Yardým;2;TYT;40;1;;1;;;593583;326.30392;;
105290093;  Optisyenlik;2;TYT;40;1;;1;;;1191617;278.11267;;
105290095;  Týbbi Dokümantasyon ve Sekreterlik;2;TYT;30;1;;1;;;755800;310.51152;;
105290097;  Týbbi Görüntüleme Teknikleri;2;TYT;40;1;;1;;;653970;320.04543;;
105290098;  Týbbi Laboratuvar Teknikleri;2;TYT;50;2;;2;;;758613;310.26515;;
105290100;  Yaþlý Bakýmý;2;TYT;50;2;;2;;;1022510;289.61483;;
;Tuzluca Meslek Yüksekokulu;;;;;;;;;;;;
105290020;  Çocuk Geliþimi;2;TYT;30;1;;1;;;1559978;255.38985;;
105290036;  Eczane Hizmetleri;2;TYT;35;1;;1;;;1057283;287.16599;;
105290057;  Engelli Bakýmý ve Rehabilitasyon;2;TYT;60;2;;2;;;1504660;258.64312;;
105250294;  Laborant ve Veteriner Saðlýk;2;TYT;70;2;;2;;;1588015;253.75344;;
105290172;  Mahkeme Büro Hizmetleri;2;TYT;30;1;;1;;;1576590;254.42753;;
105290059;  Posta Hizmetleri;2;TYT;30;1;;1;;;1993789;230.97784;;
105250319;  Sosyal Hizmetler;2;TYT;30;1;;1;;;1804759;241.37419;;
;ISPARTA UYGULAMALI BÝLÝMLER ÜNÝVERSÝTESÝ (Devlet Üniversitesi);;;;;;;;;;;;
;Aksu Mehmet Süreyya Demiraslan Meslek Yüksekokulu;;;;;;;;;;;;
112553152;  Bankacýlýk ve Sigortacýlýk;2;TYT;25;1;;1;;;1749392;244.48545;;
112551817;  Çevre Koruma ve Kontrol;2;TYT;25;1;;1;;;1876840;237.36394;;
112553134;  Ýnsan Kaynaklarý Yönetimi;2;TYT;20;1;;1;;;1731695;245.48757;;
;Atabey Meslek Yüksekokulu;;;;;;;;;;;;
112550801;  Bilgisayar Programcýlýðý;2;TYT;55;2;;2;;;975530;292.99961;;
112553382;  Bitki Koruma;2;TYT;30;1;;1;;;1264331;273.41362;;
112552499;  Büro Yönetimi ve Yönetici Asistanlýðý;2;TYT;25;1;;1;;;1513896;258.09259;;
112552621;  Fidan Yetiþtiriciliði;2;TYT;25;1;;1;;;1384434;265.92213;;
112552199;  Ormancýlýk ve Orman Ürünleri;2;TYT;30;1;;1;;;801910;306.54744;;
112550749;  Týbbi ve Aromatik Bitkiler;2;TYT;20;1;;1;;;1828884;240.03068;;
;Eðirdir Meslek Yüksekokulu;;;;;;;;;;;;
112552684;  Aþçýlýk;2;TYT;60;2;;2;;;1072557;286.10215;;
112552506;  Büro Yönetimi ve Yönetici Asistanlýðý;2;TYT;45;2;;2;;;1500025;258.91872;;
112553179;  Gýda Kalite Kontrolü ve Analizi;2;TYT;40;1;;1;;;1689914;247.86159;*;MEDEK
112552287;  Ýnsan Kaynaklarý Yönetimi;2;TYT;30;1;;1;;;1681629;248.33504;;
112551995;  Muhasebe ve Vergi Uygulamalarý;2;TYT;30;1;;1;;;1685030;248.14159;;
112550864;  Turizm ve Otel Ýþletmeciliði;2;TYT;30;1;;1;;;1561703;255.29181;;
;Gelendost Meslek Yüksekokulu;;;;;;;;;;;;
112572422;  Eczane Hizmetleri;2;TYT;35;1;;1;;;824940;304.62938;;
112550907;  Gýda Teknolojisi;2;TYT;35;1;;1;;;1791055;242.14341;;
112552296;  Ýnsan Kaynaklarý Yönetimi;2;TYT;30;1;;1;;;1849217;238.89950;;
112552984;  Maliye;2;TYT;40;1;;1;;;1904087;235.86136;;
;Gönen Meslek Yüksekokulu;;;;;;;;;;;;
112552736;  Bankacýlýk ve Sigortacýlýk;2;TYT;25;1;;1;;;1860739;238.26124;;
112552515;  Büro Yönetimi ve Yönetici Asistanlýðý;2;TYT;20;1;;1;;;1667370;249.15790;;
112552718;  Çaðrý Merkezi Hizmetleri;2;TYT;60;2;;2;;;1742223;244.89162;;
112551844;  Kuyumculuk ve Taký Tasarýmý;2;TYT;30;1;;1;;;1935879;234.11753;;
112552657;  Mimari Dekoratif Sanatlar;2;TYT;40;1;;1;;;1927744;234.56606;;
112553028;  Moda Tasarýmý;2;TYT;30;1;;1;;;1576008;254.46194;;
;Isparta Biliþim Teknolojileri Meslek Yüksekokulu;;;;;;;;;;;;
112572462;  Bulut Biliþim Operatörlüðü;2;TYT;30;1;;1;;320;...;----;;
112572469;  Ýmalat Yürütme Sistemleri Operatörlüðü;2;TYT;30;1;;1;;320;...;----;;
;Isparta Meslek Yüksekokulu;;;;;;;;;;;;
112552693;  Aþçýlýk;2;TYT;60;2;;2;;;838677;303.51223;*;MEDEK
112552921;  Bankacýlýk ve Sigortacýlýk;2;TYT;30;1;;1;;;1233951;275.37166;;
112551889;  Dýþ Ticaret;2;TYT;40;1;;1;;;1425798;263.37188;;
112553276;  Grafik Tasarýmý;2;TYT;60;2;;2;;;969897;293.41183;;
112551923;  Halkla Ýliþkiler ve Tanýtým;2;TYT;90;3;;3;;;1542998;256.38539;;
112552709;  Ýnsan Kaynaklarý Yönetimi;2;TYT;50;2;;2;;;1463031;261.12661;;
112552084;  Ýþletme Yönetimi;2;TYT;35;1;;1;;;1499657;258.93935;;
112552939;  Lojistik;2;TYT;50;2;;2;;;1436694;262.71583;;
112551977;  Muhasebe ve Vergi Uygulamalarý;2;TYT;30;1;;1;;;1393061;265.38839;;
112550573;  Pazarlama;2;TYT;30;1;;1;;;1644371;250.47070;;
112552612;  Saðlýk Kurumlarý Ýþletmeciliði;2;TYT;35;1;;1;;;1230991;275.55727;;
112550607;  Turizm ve Otel Ýþletmeciliði;2;TYT;30;1;;1;;;1429555;263.13981;;
;Isparta Osb Meslek Yüksekokulu;;;;;;;;;;;;
112572425;  Mekatronik;2;TYT;50;2;;2;;321;1157336;280.37590;*;MEDEK
112572434;  Silah Sanayi Teknikerliði;2;TYT;30;1;;1;;321;715847;314.13797;;
;Keçiborlu Meslek Yüksekokulu;;;;;;;;;;;;
112553064;  Bankacýlýk ve Sigortacýlýk;2;TYT;25;1;;1;;;1887327;236.78601;;
112551129;  Bilgisayar Programcýlýðý;2;TYT;60;2;;2;;;1225804;275.89783;;
112572476;  Ýþ Makineleri Operatörlüðü;2;TYT;40;1;;1;;;...;----;;
112552075;  Otomotiv Teknolojisi;2;TYT;30;1;;1;;;1441968;262.40189;;
112572483;  Sivil Hava Ulaþtýrma Ýþletmeciliði;2;TYT;30;1;;1;;10;...;----;;
112572406;  Sivil Havacýlýk Kabin Hizmetleri;2;TYT;60;2;;2;;10;740566;311.87188;;
112572405;  Uçak Teknolojisi;2;TYT;40;1;;1;;10;434018;346.62442;;
112572490;  Yenilenebilir Enerji Teknikerliði;2;TYT;30;1;;1;;;...;----;;
;Senirkent Meslek Yüksekokulu;;;;;;;;;;;;
112552393;  Bilgisayar Programcýlýðý;2;TYT;60;2;;2;;;1324729;269.62061;;
112551695;  Lojistik;2;TYT;40;1;;1;;;1846560;239.04360;;
112553197;  Optisyenlik;2;TYT;40;1;;1;;;949830;294.90730;;
112552903;  Saðlýk Kurumlarý Ýþletmeciliði;2;TYT;30;1;;1;;;1704967;247.00769;;
112572497;  Yapý Ressamlýðý;2;TYT;35;1;;1;;;...;----;;
;Sütçüler Prof.Dr.Hasan Gürbüz Meslek Yüksekokulu;;;;;;;;;;;;
112552878;  Avcýlýk ve Yaban Hayatý;2;TYT;50;2;;2;;;1238448;275.08100;;
112553161;  Ýþ Saðlýðý ve Güvenliði;2;TYT;30;1;;1;;;1568912;254.87132;;
112552975;  Lojistik;2;TYT;30;1;;1;;;1894579;236.38115;;
112552966;  Maliye;2;TYT;20;1;;1;;;1731286;245.50900;;
112552215;  Ormancýlýk ve Orman Ürünleri;2;TYT;30;1;;1;;;919033;297.21623;;
112572420;  Posta Hizmetleri;2;TYT;30;1;;1;;;1953971;233.13818;;
;Þarkikaraaðaç Meslek Yüksekokulu;;;;;;;;;;;;
112551305;  Gýda Teknolojisi;2;TYT;35;1;;1;;;1829773;239.98112;;
112552118;  Ýþletme Yönetimi;2;TYT;30;1;;1;;;1858565;238.38094;;
112552472;  Laborant ve Veteriner Saðlýk;2;TYT;80;2;;2;;;1109142;283.61685;;
112553391;  Saðlýk Kurumlarý Ýþletmeciliði;2;TYT;30;1;;1;;;1738107;245.12576;;
;Þarkikaraaðaç Turizm Meslek Yüksekokulu;;;;;;;;;;;;
112553346;  Aþçýlýk;2;TYT;90;3;;3;;;1353035;267.87175;;
;Teknik Bilimler Meslek Yüksekokulu;;;;;;;;;;;;
112552427;  Bilgisayar Programcýlýðý;2;TYT;70;2;;2;;;652716;320.17549;*;MEDEK
112550476;  Biyomedikal Cihaz Teknolojisi;2;TYT;35;1;;1;;;1059647;287.00161;;
112550494;  Elektrik;2;TYT;50;2;;2;;;1031230;288.99530;;
112552224;  Elektronik Teknolojisi;2;TYT;40;1;;1;;;1219325;276.32366;;
112553125;  Fotoðrafçýlýk ve Kameramanlýk;2;TYT;70;2;;2;;;1547426;256.12527;;
112551826;  Geleneksel El Sanatlarý;2;TYT;25;1;;1;;;...;----;;
112550519;  Harita ve Kadastro;2;TYT;30;1;;1;;;1156358;280.43819;;
112572417;  Harita ve Kadastro (KKTC Uyruklu);2;TYT;1;;;;;5;;;;
112552357;  Ýnþaat Teknolojisi;2;TYT;40;1;;1;;;1384999;265.88597;;
112553116;  Ýþ Saðlýðý ve Güvenliði;2;TYT;30;1;;1;;;1165500;279.82186;;
112572441;  Kozmetik Teknolojisi;2;TYT;30;1;;1;;;1662476;249.43644;;
112550555;  Makine;2;TYT;50;2;;2;;;1182305;278.71764;;
112572426;  Nükleer Teknoloji ve Radyasyon Güvenliði;2;TYT;40;1;;1;;;1319939;269.91672;;
112553319;  Optisyenlik;2;TYT;40;1;;1;;;704165;315.21393;;
112551898;  Tekstil Teknolojisi;2;TYT;40;1;;1;;;1767337;243.47991;;
112553204;  Ulaþtýrma ve Trafik Hizmetleri;2;TYT;60;2;;2;;;1804252;241.40032;;
112572504;  Yapý Yalýtým Teknolojisi;2;TYT;60;2;;2;;;...;----;;
;Uluborlu Selahattin Karasoy Meslek Yüksekokulu;;;;;;;;;;;;
112572415;  Biliþim Güvenliði Teknolojisi;2;TYT;50;2;;2;;;1329101;269.34779;;
112553294;  Biyomedikal Cihaz Teknolojisi;2;TYT;30;1;;1;;;1339751;268.68831;;
112572511;  Dijital Saðlýk Sistemleri Teknikerliði;2;TYT;50;2;;2;;;...;----;;
112553373;  Engelli Bakýmý ve Rehabilitasyon;2;TYT;55;2;;2;;;1394144;265.32464;*;MEDEK
112572408;  Evde Hasta Bakýmý;2;TYT;55;2;;2;;;789682;307.59050;;
112553231;  Grafik Tasarýmý;2;TYT;50;2;;2;;;1477701;260.24196;;
112551677;  Harita ve Kadastro;2;TYT;30;1;;1;;;1658366;249.67412;;
112572416;  Ýnternet ve Að Teknolojileri;2;TYT;50;2;;2;;;1642590;250.57778;;
;Uzaktan Eðitim Meslek Yüksekokulu;;;;;;;;;;;;
112552375;  Bilgisayar Programcýlýðý (Uzaktan Öðretim);2;TYT;100;3;;3;;7, 8;1209370;276.96636;;
112553073;  Çaðrý Merkezi Hizmetleri (Uzaktan Öðretim);2;TYT;50;2;;2;;7;1497414;259.07432;;
112572413;  Saðlýk Bilgi Sistemleri Teknikerliði (Uzaktan Öðretim);2;TYT;50;2;;2;;7;1271933;272.92445;;
112552445;  Týbbi Dokümantasyon ve Sekreterlik (Uzaktan Öðretim);2;TYT;100;3;;3;;7;985091;292.29973;;
;Yalvaç Meslek Yüksekokulu;;;;;;;;;;;;
112553019;  Aþçýlýk;2;TYT;70;2;;2;;;1207199;277.10745;;
112552666;  Bankacýlýk ve Sigortacýlýk;2;TYT;25;1;;1;;;1736384;245.22513;;
112551914;  Halkla Ýliþkiler ve Tanýtým;2;TYT;40;1;;1;;;1875918;237.41424;;
112551544;  Turist Rehberliði;2;TYT;40;1;;1;;;1243419;274.75409;;
;Yalvaç Teknik Bilimler Meslek Yüksekokulu;;;;;;;;;;;;
112552409;  Bilgisayar Programcýlýðý;2;TYT;50;2;;2;;;1106436;283.80526;;
112572427;  Çevre Koruma ve Kontrol;2;TYT;30;1;;1;;;1842387;239.27963;;
112552463;  Elektrik Enerjisi Üretim, Ýletim ve Daðýtýmý;2;TYT;30;1;;1;;;1543994;256.32930;;
112572455;  Giyim Üretim Teknolojisi;2;TYT;25;1;;1;;;2004627;230.39286;;
112551941;  Mimari Restorasyon;2;TYT;35;1;;1;;;1934171;234.21089;;
112552418;  Yapý Denetimi;2;TYT;40;1;;1;;;1944696;233.64163;;
;Yeniþarbademli Meslek Yüksekokulu;;;;;;;;;;;;
112553091;  Avcýlýk ve Yaban Hayatý;2;TYT;50;2;;2;;;1392587;265.41675;;
112552206;  Ormancýlýk ve Orman Ürünleri;2;TYT;30;1;;1;;;1012267;290.35284;;
;ÝNÖNÜ ÜNÝVERSÝTESÝ (MALATYA) (Devlet Üniversitesi);;;;;;;;;;;;YÖKAK
;Malatya Meslek Yüksekokulu;;;;;;;;;;;;
105390336;  Bankacýlýk ve Sigortacýlýk;2;TYT;25;1;;1;3;;1185291;278.52425;*;MEDEK
105390447;  Ceza Ýnfaz ve Güvenlik Hizmetleri;2;TYT;30;1;;1;3;17;749029;311.11557;;
105350575;  Harita ve Kadastro;2;TYT;30;1;;1;3;;1225257;275.93369;;
105390341;  Ýþ Saðlýðý ve Güvenliði;2;TYT;30;1;;1;3;;1069876;286.28974;*;MEDEK
105350715;  Ýþletme Yönetimi;2;TYT;35;1;;1;4;;1577364;254.38617;*;MEDEK
105390454;  Mahkeme Büro Hizmetleri;2;TYT;30;1;;1;3;;849242;302.65432;;
105350663;  Muhasebe ve Vergi Uygulamalarý;2;TYT;30;1;;1;3;;1527848;257.27954;*;MEDEK
105350981;  Özel Güvenlik ve Koruma;2;TYT;50;2;;2;5;2;1132762;282.02417;;
105351104;  Sosyal Güvenlik;2;TYT;60;2;;2;6;;1166066;279.78392;;
;Malatya Osb Meslek Yüksekokulu;;;;;;;;;;;;
105350275;  Bilgisayar Programcýlýðý;2;TYT;50;2;;2;5;321;846972;302.83317;;
105350115;  Elektrik;2;TYT;50;2;;2;5;321;1085048;285.24936;*;MEDEK
105350751;  Elektronik Haberleþme Teknolojisi;2;TYT;35;1;;1;4;321;1653870;249.93107;;
105350769;  Elektronik Teknolojisi;2;TYT;40;1;;1;4;321;1429500;263.14361;;
105390343;  Endüstriyel Kalýpçýlýk;2;TYT;25;1;;1;3;321;1832380;239.83801;*;MEDEK
105390344;  Gýda Teknolojisi;2;TYT;30;1;;1;3;321;1537908;256.69103;*;MEDEK
105390342;  Hibrid ve Elektrikli Taþýtlar Teknolojisi;2;TYT;40;1;;1;4;321;1011397;290.41647;;
105350742;  Ýklimlendirme ve Soðutma Teknolojisi;2;TYT;35;1;;1;4;321;1764702;243.62238;;
105390283;  Ýnþaat Teknolojisi;2;TYT;35;1;;1;4;321;1412003;264.22257;*;MEDEK
105390284;  Kaynak Teknolojisi;2;TYT;30;1;;1;3;321;1736300;245.22913;*;MEDEK
105390285;  Makine;2;TYT;35;1;;1;4;321;1392837;265.40175;*;MEDEK
105390337;  Tekstil Teknolojisi;2;TYT;30;1;;1;3;321;1887605;236.76929;;
;Saðlýk Hizmetleri Meslek Yüksekokulu;;;;;;;;;;;;
105351122;  Aðýz ve Diþ Saðlýðý;2;TYT;65;2;;2;7;;468289;341.67846;;
105350293;  Anestezi;2;TYT;40;1;;1;4;;341684;362.31708;;
105350309;  Çocuk Geliþimi;2;TYT;30;1;;1;3;;870976;300.92055;;
105350893;  Eczane Hizmetleri;2;TYT;35;1;;1;4;;688193;316.71058;;
105350584;  Evde Hasta Bakýmý;2;TYT;65;2;;2;7;;586095;327.11509;;
105390338;  Fizyoterapi;2;TYT;40;1;;1;4;;604368;325.12802;;
105350848;  Ýlk ve Acil Yardým;2;TYT;35;1;;1;4;;407913;350.67058;;
105390339;  Patoloji Laboratuvar Teknikleri;2;TYT;40;1;;1;4;;650382;320.40703;;
105350327;  Týbbi Dokümantasyon ve Sekreterlik;2;TYT;30;1;;1;3;;519884;334.86683;;
105350812;  Týbbi Görüntüleme Teknikleri;2;TYT;40;1;;1;4;;481319;339.90239;;
105350803;  Týbbi Laboratuvar Teknikleri;2;TYT;50;2;;2;5;;573040;328.56692;;
;ÝSKENDERUN TEKNÝK ÜNÝVERSÝTESÝ (HATAY) (Devlet Üniversitesi);;;;;;;;;;;;
;Denizcilik Teknolojileri Meslek Yüksekokulu;;;;;;;;;;;;
110790081;  Deniz ve Liman Ýþletmeciliði;2;TYT;35;1;;1;4;;1367104;266.99274;;
110790088;  Lojistik;2;TYT;50;2;;2;5;;1554982;255.68687;;
110790095;  Su Altý Kaynak Teknolojisi;2;TYT;20;1;;1;2;57, 320;1448757;261.99163;;
110790102;  Su Altý Teknolojisi;2;TYT;30;1;;1;3;57;1579956;254.23326;;
;Dörtyol Meslek Yüksekokulu;;;;;;;;;;;;
110750078;  Büro Yönetimi ve Yönetici Asistanlýðý;2;TYT;45;2;;2;5;;1702437;247.15284;;
110750139;  Muhasebe ve Vergi Uygulamalarý;2;TYT;30;1;;1;3;;1807211;241.23988;;
110790026;  Sosyal Güvenlik;2;TYT;45;2;;2;5;;1500559;258.88502;;
;Dörtyol Saðlýk Hizmetleri Meslek Yüksekokulu;;;;;;;;;;;;
110790034;  Týbbi Dokümantasyon ve Sekreterlik;2;TYT;30;1;;1;3;;671336;318.33993;;
;Erzin Organize Sanayi Bölgesi Meslek Yüksekokulu;;;;;;;;;;;;
110790046;  Bilgisayar Programcýlýðý;2;TYT;50;2;;2;5;;1455509;261.58048;;
110790053;  Kontrol ve Otomasyon Teknolojisi;2;TYT;40;1;;1;4;;1628047;251.41504;;
110790060;  Makine;2;TYT;40;1;;1;4;;1691645;247.76571;;
;Ýskenderun Meslek Yüksekokulu;;;;;;;;;;;;
110790027;  Basým ve Yayým Teknolojileri;2;TYT;50;2;;2;5;;1927371;234.58681;;
110750157;  Bilgisayar Programcýlýðý;2;TYT;60;2;;2;6;;972052;293.25801;;
110750175;  Büro Yönetimi ve Yönetici Asistanlýðý;2;TYT;35;1;;1;4;;1591681;253.53826;;
110750184;  Çevre Koruma ve Kontrol;2;TYT;30;1;;1;3;;1730827;245.53465;;
110750193;  Elektrik;2;TYT;60;2;;2;6;;1155143;280.51843;;
110750227;  Geleneksel El Sanatlarý;2;TYT;30;1;;1;3;;1827484;240.11389;;
110750236;  Giyim Üretim Teknolojisi;2;TYT;25;1;;1;3;;1800071;241.62712;;
110750245;  Harita ve Kadastro;2;TYT;30;1;;1;3;;1471527;260.61765;;
110790033;  Hibrid ve Elektrikli Taþýtlar Teknolojisi;2;TYT;40;1;;1;4;;1005684;290.82193;;
110790028;  Ýnsansýz Hava Aracý Teknolojisi ve Operatörlüðü;2;TYT;40;1;;1;4;;630856;322.36613;;
110750263;  Ýnþaat Teknolojisi;2;TYT;40;1;;1;4;;1742734;244.86123;;
110750281;  Makine;2;TYT;60;2;;2;6;;1424558;263.44824;;
110750306;  Mekatronik;2;TYT;40;1;;1;4;;1270824;272.99688;;
110750315;  Metalurji;2;TYT;40;1;;1;4;;1824408;240.28095;;
110750324;  Muhasebe ve Vergi Uygulamalarý;2;TYT;30;1;;1;3;;1643536;250.52000;;
110750333;  Otomotiv Teknolojisi;2;TYT;30;1;;1;3;;1375540;266.45798;;
;Ýskenderun Organize Sanayi Bölgesi Kaynakçýlýk Meslek Yüksekokulu;;;;;;;;;;;;
110790109;  Kaynak Teknolojisi;2;TYT;20;1;;1;2;321;1684257;248.18456;;
;ÝSTANBUL TEKNÝK ÜNÝVERSÝTESÝ (Devlet Üniversitesi);;;;;;;;;;;;YÖKAK
;Siber Güvenlik Meslek Yüksekokulu;;;;;;;;;;;;
105590209;  Siber Güvenlik Analistliði ve Operatörlüðü;2;TYT;25;1;;;;22, 24, 34, 320;72154;456.51172;;
;ÝSTANBUL ÜNÝVERSÝTESÝ (Devlet Üniversitesi);;;;;;;;;;;;YÖKAK
;Açýk ve Uzaktan Eðitim Fakültesi;;;;;;;;;;;;
105650969;  Acil Durum ve Afet Yönetimi (Uzaktan Öðretim);2;TYT;200;5;;;;7;1061299;286.88486;;
105650696;  Bankacýlýk ve Sigortacýlýk (Uzaktan Öðretim);2;TYT;100;3;;;;7;1152581;280.68898;;
105690767;  Bilgisayar Programcýlýðý (Açýköðretim);2;TYT;2000;50;;;;13;1203823;277.32234;;
105650924;  Coðrafi Bilgi Sistemleri (Uzaktan Öðretim);2;TYT;250;7;;;;7, 8;1742404;244.88043;;
105650703;  Dýþ Ticaret (Uzaktan Öðretim);2;TYT;100;3;;;;7;1118352;282.98527;;
105690760;  E-Ticaret ve Pazarlama (Açýköðretim);2;TYT;1000;25;;;;13;1273556;272.81779;;
105690752;  Grafik Tasarýmý (Açýköðretim);2;TYT;2000;50;;;;13;1549436;256.01068;;
105690774;  Ýlahiyat (Açýköðretim);2;TYT;500;13;;;;13;789910;307.57139;;
105690589;  Ýþ Saðlýðý ve Güvenliði (Açýköðretim);2;TYT;250;7;;;;13;1297676;271.30470;;
105690872;  Ýþletme Yönetimi (Açýköðretim);2;TYT;300;8;;;;13;1350206;268.04181;;
105650906;  Kültürel Miras ve Turizm (Açýköðretim);2;TYT;400;10;;;;13;1554262;255.72967;;
105690753;  Marka Ýletiþimi (Açýköðretim);2;TYT;2000;50;;;;13;1883463;236.99901;;
105650951;  Medya ve Ýletiþim (Uzaktan Öðretim);2;TYT;150;4;;;;7;1353808;267.82416;;
105650881;  Saðlýk Kurumlarý Ýþletmeciliði (Açýköðretim);2;TYT;150;4;;;;13;1650187;250.14165;;
105651013;  Sivil Hava Ulaþtýrma Ýþletmeciliði (Açýköðretim);2;TYT;150;4;;;;10, 13;1664207;249.33802;;
105650863;  Sosyal Hizmetler (Açýköðretim);2;TYT;500;13;;;;13;1714564;246.46488;;
105650872;  Týbbi Dokümantasyon ve Sekreterlik (Açýköðretim);2;TYT;200;5;;;;13;997154;291.42667;;
105690816;  Web Tasarýmý ve Kodlama (Açýköðretim);2;TYT;4000;100;;;;13;1866665;237.93522;;
105690479;  Yaþlý Bakýmý (Açýköðretim);2;TYT;150;4;;;;13;1200174;277.56063;;
;Güvenlik ve Koruma Bilimleri Meslek Yüksekokulu;;;;;;;;;;;;
105690879;  Ceza Ýnfaz ve Güvenlik Hizmetleri;2;TYT;40;1;;;;17;696986;315.88478;;
;ÝSTANBUL ÜNÝVERSÝTESÝ-CERRAHPAÞA (Devlet Üniversitesi);;;;;;;;;;;;YÖKAK
;Ormancýlýk Meslek Yüksekokulu;;;;;;;;;;;;
111650854;  Avcýlýk ve Yaban Hayatý;2;TYT;30;1;;;;;762422;309.93672;;
111650509;  Mobilya ve Dekorasyon;2;TYT;40;1;;;;;890038;299.42222;;
111690604;  Peyzaj ve Süs Bitkileri Yetiþtiriciliði;2;TYT;50;2;;;;;869816;301.01016;*;MEDEK
111650051;  Sulama Teknolojisi;2;TYT;40;1;;;;;998337;291.34174;*;MEDEK
;Saðlýk Hizmetleri Meslek Yüksekokulu;;;;;;;;;;;;
111650078;  Aðýz ve Diþ Saðlýðý;2;TYT;40;1;;;;;400537;351.86401;;
111650599;  Diþ Protez Teknolojisi;2;TYT;30;1;;;;;403833;351.32114;;
111651031;  Nükleer Týp Teknikleri;2;TYT;50;2;;;;;660083;319.44448;;
111650712;  Radyoterapi;2;TYT;40;1;;;;;576117;328.21939;;
111650103;  Týbbi Dokümantasyon ve Sekreterlik;2;TYT;30;1;;;;;458409;343.07267;;
111650633;  Týbbi Görüntüleme Teknikleri;2;TYT;40;1;;;;;405516;351.04496;;
111650615;  Týbbi Laboratuvar Teknikleri;2;TYT;50;2;;;;;451921;344.01665;*;MEDEK
;Sosyal Bilimler Meslek Yüksekokulu;;;;;;;;;;;;
111650518;  Bankacýlýk ve Sigortacýlýk;2;TYT;30;1;;;;;676660;317.82436;;
111690694;  Bankacýlýk ve Sigortacýlýk (Uzaktan Öðretim);2;TYT;100;3;;;;7;1378127;266.30350;;
111650484;  Dýþ Ticaret;2;TYT;40;1;;;;;582334;327.53263;;
111690695;  Dýþ Ticaret (Uzaktan Öðretim);2;TYT;100;3;;;;7;1336193;268.90600;;
111690608;  Emlak Yönetimi;2;TYT;65;2;;;;;864043;301.45118;;
111690696;  Emlak Yönetimi (Uzaktan Öðretim);2;TYT;200;5;;;;7;1634115;251.06631;;
111650545;  Ýþletme Yönetimi;2;TYT;35;1;;;;;647553;320.68780;;
111690697;  Ýþletme Yönetimi (Uzaktan Öðretim);2;TYT;35;1;;;;7;1417265;263.89694;;
111650527;  Muhasebe ve Vergi Uygulamalarý;2;TYT;30;1;;;;;704524;315.18067;;
111690698;  Muhasebe ve Vergi Uygulamalarý (Uzaktan Öðretim);2;TYT;100;3;;;;7;1402445;264.81577;;
111650175;  Pazarlama;2;TYT;30;1;;;;;770448;309.25512;;
111690699;  Pazarlama (Uzaktan Öðretim);2;TYT;100;3;;;;7;1668764;249.07442;;
111650193;  Turizm ve Otel Ýþletmeciliði;2;TYT;30;1;;;;;700173;315.59064;*;TUADER
111690700;  Turizm ve Otel Ýþletmeciliði (Uzaktan Öðretim);2;TYT;100;3;;;;7;1523858;257.51210;;
;Teknik Bilimler Meslek Yüksekokulu;;;;;;;;;;;;
111650651;  Ayakkabý Tasarým ve Üretimi;2;TYT;50;2;;;;;983555;292.40909;;
111690606;  Basým ve Yayým Teknolojileri;2;TYT;65;2;;;;;856187;302.08293;;
111650421;  Bilgisayar Programcýlýðý;2;TYT;60;2;;;;;253940;381.72794;*;MEDEK
111650236;  Biyomedikal Cihaz Teknolojisi;2;TYT;35;1;;;;;745607;311.42443;;
111650272;  Elektrik;2;TYT;60;2;;;;;530211;333.58051;;
111650563;  Elektronik Haberleþme Teknolojisi;2;TYT;60;2;;;;;677245;317.76682;*;MEDEK
111650572;  Elektronik Teknolojisi;2;TYT;60;2;;;;;583967;327.34950;;
111690459;  Grafik Tasarýmý;2;TYT;40;1;;;;;404646;351.18875;;
111690692;  Grafik Tasarýmý (KKTC Uyruklu);2;TYT;2;;;;;5;464561;342.20998;;
111650554;  Ýklimlendirme ve Soðutma Teknolojisi;2;TYT;60;2;;;;;943411;295.39420;;
111650581;  Kontrol ve Otomasyon Teknolojisi;2;TYT;60;2;;;;;603917;325.17596;;
111650342;  Makine;2;TYT;60;2;;;;;462634;342.46868;;
111650536;  Otomotiv Teknolojisi;2;TYT;30;1;;;;;557148;330.40004;;
111650996;  Özel Güvenlik ve Koruma;2;TYT;30;1;;;;2;856453;302.06007;;
111690605;  Polimer Teknolojisi;2;TYT;50;2;;;;;881217;300.11036;;
111690728;  Sanal ve Artýrýlmýþ Gerçeklik;2;TYT;25;1;;;;;318211;366.98971;;
111690607;  Seramik ve Cam Tasarýmý;2;TYT;60;2;;;;;797017;306.96874;;
111650678;  Sivil Havacýlýk Kabin Hizmetleri;2;TYT;40;1;;;;10;415753;349.43677;;
111650466;  Sivil Savunma ve Ýtfaiyecilik;2;TYT;50;2;;;;9;623883;323.08104;;
111650378;  Su Altý Teknolojisi;2;TYT;30;1;;;;57;778039;308.59463;;
111690756;  Su ve Atýk Yönetimi Teknikerliði;2;TYT;40;1;;;;;...;----;;
111650687;  Uçak Teknolojisi;2;TYT;20;1;;;;10;281475;374.98993;;
;Veterinerlik Meslek Yüksekokulu;;;;;;;;;;;;
111650845;  Atçýlýk ve Antrenörlüðü;2;TYT;50;2;;;;;694036;316.16646;;
111650024;  Gýda Teknolojisi;2;TYT;30;1;;;;;657864;319.66186;;
;ÝZMÝR BAKIRÇAY ÜNÝVERSÝTESÝ (Devlet Üniversitesi);;;;;;;;;;;;
;Menemen Meslek Yüksekokulu;;;;;;;;;;;;
112910030;  Laborant ve Veteriner Saðlýk;2;TYT;50;2;;2;;;650497;320.39565;;
;ÝZMÝR DEMOKRASÝ ÜNÝVERSÝTESÝ (Devlet Üniversitesi);;;;;;;;;;;;
;Meslek Yüksekokulu;;;;;;;;;;;;
111110182;  Bankacýlýk ve Sigortacýlýk (Ýngilizce);2;TYT;25;1;;1;;22, 23, 24, 291;826126;304.53190;;
111110082;  Peyzaj ve Süs Bitkileri Yetiþtiriciliði;2;TYT;40;1;;1;;;1157142;280.38783;;
;Saðlýk Hizmetleri Meslek Yüksekokulu;;;;;;;;;;;;
111110088;  Biyomedikal Cihaz Teknolojisi;2;TYT;30;1;;1;;46, 321;797920;306.89426;;
111110080;  Yaþlý Bakýmý;2;TYT;65;2;;2;;;922400;296.96066;;
;ÝZMÝR KATÝP ÇELEBÝ ÜNÝVERSÝTESÝ (Devlet Üniversitesi);;;;;;;;;;;;YÖKAK
;Saðlýk Hizmetleri Meslek Yüksekokulu;;;;;;;;;;;;
105750014;  Aðýz ve Diþ Saðlýðý;2;TYT;50;2;;2;;;450727;344.19098;;
105750041;  Fizyoterapi;2;TYT;40;1;;1;;;497948;337.70548;;
105750023;  Ýlk ve Acil Yardým;2;TYT;35;1;;1;;;397267;352.40755;;
105761207;  Týbbi Laboratuvar Teknikleri;2;TYT;30;1;;1;;;473434;340.98112;;
105750032;  Yaþlý Bakýmý;2;TYT;75;2;;2;;;869973;300.99913;;
;KAFKAS ÜNÝVERSÝTESÝ (KARS) (Devlet Üniversitesi);;;;;;;;;;;;
;Atatürk Saðlýk Hizmetleri Meslek Yüksekokulu;;;;;;;;;;;;
105950463;  Anestezi;2;TYT;50;2;;2;;;472783;341.07234;;
105950842;  Evde Hasta Bakýmý;2;TYT;70;2;;2;;;786683;307.84388;;
105950648;  Ýlk ve Acil Yardým;2;TYT;35;1;;1;;;585871;327.13687;;
105950815;  Týbbi Dokümantasyon ve Sekreterlik;2;TYT;30;1;;1;;;755534;310.53424;;
105950596;  Týbbi Görüntüleme Teknikleri;2;TYT;40;1;;1;;;640030;321.43937;;
105950569;  Týbbi Laboratuvar Teknikleri;2;TYT;40;1;;1;;;733627;312.50350;;
105950824;  Týbbi Tanýtým ve Pazarlama;2;TYT;60;2;;2;;;1797454;241.77481;;
105950833;  Yaþlý Bakýmý;2;TYT;75;2;;2;;;1062990;286.76988;;
;Güzel Sanatlar Meslek Yüksekokulu;;;;;;;;;;;;
105990125;  Moda Tasarýmý;2;TYT;20;1;;1;;;1820116;240.52004;;
;Kaðýzman Meslek Yüksekokulu;;;;;;;;;;;;
105990111;  Eczane Hizmetleri;2;TYT;35;1;;1;;;1011847;290.38538;;
105990263;  Engelli Bakýmý ve Rehabilitasyon;2;TYT;40;1;;1;;;1519055;257.78941;;
105990113;  Optisyenlik;2;TYT;40;1;;1;;;1374280;266.53567;;
105950869;  Saðlýk Kurumlarý Ýþletmeciliði;2;TYT;30;1;;1;;;1873117;237.57396;;
105990112;  Sosyal Hizmetler;2;TYT;30;1;;1;;;1820296;240.51057;;
;Kars Meslek Yüksekokulu;;;;;;;;;;;;
105950993;  Biyokimya;2;TYT;40;1;;1;;;1455091;261.60650;;
105990133;  Gýda Kalite Kontrolü ve Analizi;2;TYT;40;1;;1;;;1942608;233.75621;;
105950745;  Laborant ve Veteriner Saðlýk;2;TYT;70;2;;2;;;1250955;274.25986;;
105950896;  Laboratuvar Teknolojisi;2;TYT;40;1;;1;;;1208997;276.99077;;
105990156;  Polimer Teknolojisi;2;TYT;40;1;;1;;;1970713;232.23130;;
105990106;  Süt ve Besi Hayvancýlýðý;2;TYT;30;1;;1;;;2029887;229.03132;;
;Kazým Karabekir Teknik Bilimler Meslek Yüksekokulu;;;;;;;;;;;;
105990158;  Bilgisayar Destekli Tasarým ve Animasyon;2;TYT;50;2;;2;;;1784254;242.51970;;
105990319;  Elektrik;2;TYT;30;1;;1;;;...;----;;
105990326;  Eser Koruma;2;TYT;30;1;;1;;;...;----;;
105990157;  Makine;2;TYT;40;1;;1;;;1736699;245.20697;;
105990104;  Mimari Restorasyon;2;TYT;30;1;;1;;;1955738;233.04124;;
;Sarýkamýþ Meslek Yüksekokulu;;;;;;;;;;;;
105990130;  Aþçýlýk;2;TYT;60;2;;2;;;1668428;249.09555;;
105951001;  Çocuk Geliþimi;2;TYT;40;1;;1;;;1502723;258.75679;;
105951019;  Ýþ Saðlýðý ve Güvenliði;2;TYT;30;1;;1;;;1826665;240.15963;;
105950612;  Lojistik;2;TYT;50;2;;2;;;1946371;233.55300;;
105950921;  Özel Güvenlik ve Koruma;2;TYT;55;2;;2;;2;1809992;241.08302;;
105990186;  Tapu ve Kadastro;2;TYT;50;2;;2;;;1832275;239.84439;;
;Sosyal Bilimler Meslek Yüksekokulu;;;;;;;;;;;;
105950499;  Bankacýlýk ve Sigortacýlýk;2;TYT;25;1;;1;;;1719021;246.21347;;
105990270;  Ceza Ýnfaz ve Güvenlik Hizmetleri;2;TYT;30;1;;1;;17;1081838;285.46199;;
105950481;  Halkla Ýliþkiler ve Tanýtým;2;TYT;30;1;;1;;;1916186;235.19779;;
105950506;  Muhasebe ve Vergi Uygulamalarý;2;TYT;30;1;;1;;;1868131;237.85568;;
105990333;  Ofis Teknolojileri ve Veri Yönetimi;2;TYT;25;1;;1;;;...;----;;
105990099;  Özel Güvenlik ve Koruma;2;TYT;60;2;;2;;2;1615685;252.13922;;
105990109;  Posta Hizmetleri;2;TYT;50;2;;2;;;1992814;231.03012;;
;Susuz Meslek Yüksekokulu;;;;;;;;;;;;
105990277;  Mahkeme Büro Hizmetleri;2;TYT;30;1;;1;;232;1568456;254.89747;;
105990129;  Saðlýk Kurumlarý Ýþletmeciliði;2;TYT;30;1;;1;;232;1864683;238.04355;;
105990193;  Sivil Havacýlýk Kabin Hizmetleri;2;TYT;40;1;;1;;10, 232;1279981;272.41060;;
;KAHRAMANMARAÞ ÝSTÝKLAL ÜNÝVERSÝTESÝ (Devlet Üniversitesi);;;;;;;;;;;;
;Aýrbus-Tusaþ Havacýlýk Meslek Yüksekokulu;;;;;;;;;;;;
112270873;  Makine;2;TYT;20;1;;1;2;;627265;322.73194;;
112270880;  Metalurji;2;TYT;20;1;;1;2;;749329;311.08789;;
112270887;  Uçak Teknolojisi;2;TYT;20;1;;1;2;10;349133;360.90607;;
;Elbistan Meslek Yüksekokulu;;;;;;;;;;;;
112250363;  Elektrik;2;TYT;40;1;;1;4;;1495121;259.21021;;
112250884;  Elektronik Teknolojisi;2;TYT;30;1;;1;3;;1722895;245.98854;;
112251052;  Ýnþaat Teknolojisi;2;TYT;30;1;;1;3;;1897634;236.21409;;
112251158;  Laborant ve Veteriner Saðlýk;2;TYT;40;1;;1;4;;1295433;271.44606;;
112250399;  Makine;2;TYT;40;1;;1;4;;1768624;243.40953;;
112250733;  Muhasebe ve Vergi Uygulamalarý;2;TYT;25;1;;1;3;;1835977;239.63465;;
112270957;  Ofis Teknolojileri ve Veri Yönetimi;2;TYT;30;1;;1;3;;...;----;;
112250769;  Otomotiv Teknolojisi;2;TYT;30;1;;1;3;;1790796;242.15649;;
112270852;  Sivil Savunma ve Ýtfaiyecilik;2;TYT;40;1;;;4;9;1095891;284.50794;;
;Elbistan Saðlýk Hizmetleri Meslek Yüksekokulu;;;;;;;;;;;;
112270822;  Eczane Hizmetleri;2;TYT;30;1;;1;3;;868488;301.11046;;
112270823;  Optisyenlik;2;TYT;30;1;;1;3;;1015367;290.13088;;
112270817;  Yaþlý Bakýmý;2;TYT;40;1;;1;4;;1104042;283.96720;;
;Türkoðlu Meslek Yüksekokulu;;;;;;;;;;;;
112270894;  Alternatif Enerji Kaynaklarý Teknolojisi;2;TYT;30;1;;1;3;;1718004;246.27162;;
112270936;  Gýda Kalite Kontrolü ve Analizi;2;TYT;30;1;;1;3;;...;----;;
112270943;  Gýda Teknolojisi;2;TYT;30;1;;1;3;;...;----;;
112270901;  Kimya Teknolojisi;2;TYT;20;1;;1;2;;1920447;234.95943;;
112270826;  Lojistik;2;TYT;30;1;;1;3;;...;----;;
112270827;  Özel Güvenlik ve Koruma;2;TYT;30;1;;1;3;2;1419030;263.78310;;
112270828;  Sivil Savunma ve Ýtfaiyecilik;2;TYT;30;1;;;3;9;929739;296.41200;;
112270950;  Tekstil Teknolojisi;2;TYT;30;1;;1;3;;...;----;;
;KAHRAMANMARAÞ SÜTÇÜ ÝMAM ÜNÝVERSÝTESÝ (Devlet Üniversitesi);;;;;;;;;;;;
;Afþin Meslek Yüksekokulu;;;;;;;;;;;;
106050936;  Bilgisayar Programcýlýðý;2;TYT;60;2;;2;6;;1588258;253.73937;;
106050972;  Büro Yönetimi ve Yönetici Asistanlýðý;2;TYT;40;1;;1;4;;1767063;243.49520;;
106051176;  Ýþ Saðlýðý ve Güvenliði;2;TYT;30;1;;1;3;;1550661;255.93786;;
106051237;  Kimya Teknolojisi;2;TYT;20;1;;1;2;;1843478;239.22021;;
106090115;  Madencilik Teknolojisi;2;TYT;35;1;;1;4;;1995003;230.91326;;
106050724;  Muhasebe ve Vergi Uygulamalarý;2;TYT;30;1;;1;3;;1886229;236.84516;;
;Andýrýn Meslek Yüksekokulu;;;;;;;;;;;;
106051104;  Elektrik Enerjisi Üretim, Ýletim ve Daðýtýmý;2;TYT;40;1;;1;4;;1723942;245.93041;;
106051113;  Ormancýlýk ve Orman Ürünleri;2;TYT;30;1;;1;3;;832147;304.04083;;
106090099;  Yapý Denetimi;2;TYT;30;1;;1;3;;1880455;237.16218;;
;Göksun Meslek Yüksekokulu;;;;;;;;;;;;
106050627;  Bankacýlýk ve Sigortacýlýk;2;TYT;25;1;;1;3;;1814265;240.84503;;
106050503;  Bilgisayar Programcýlýðý;2;TYT;60;2;;2;6;;1441265;262.44208;;
106051343;  Çocuk Geliþimi;2;TYT;30;1;;1;3;;1179140;278.92480;;
106051149;  Dýþ Ticaret;2;TYT;30;1;;1;3;;1947839;233.47218;;
106050654;  Harita ve Kadastro;2;TYT;30;1;;1;3;;1542992;256.38599;;
106051273;  Ýlk ve Acil Yardým;2;TYT;45;2;;2;5;;532820;333.27413;;
106050821;  Ýþletme Yönetimi;2;TYT;35;1;;1;4;;1919284;235.02475;;
106050742;  Muhasebe ve Vergi Uygulamalarý;2;TYT;30;1;;1;3;;1875323;237.44686;;
106050663;  Organik Tarým;2;TYT;30;1;;1;3;;1947984;233.46470;;
106051228;  Tapu ve Kadastro;2;TYT;60;2;;2;6;;1106290;283.81555;;
;Kahramanmaraþ Saðlýk Hizmetleri Meslek Yüksekokulu;;;;;;;;;;;;
106050636;  Anestezi;2;TYT;50;2;;2;5;;394597;352.84760;;
106050672;  Çocuk Geliþimi;2;TYT;30;1;;1;3;;949476;294.93587;;
106051167;  Fizyoterapi;2;TYT;40;1;;1;4;;674711;318.00874;;
106051219;  Ýlk ve Acil Yardým;2;TYT;40;1;;1;4;;459037;342.97972;;
106090053;  Optisyenlik;2;TYT;40;1;;1;4;;746512;311.34271;;
106050212;  Týbbi Dokümantasyon ve Sekreterlik;2;TYT;30;1;;1;3;;549594;331.28574;;
106090054;  Týbbi Görüntüleme Teknikleri;2;TYT;40;1;;1;4;;478764;340.24139;;
106050909;  Týbbi Laboratuvar Teknikleri;2;TYT;40;1;;1;4;;588402;326.86937;;
106050893;  Yaþlý Bakýmý;2;TYT;70;2;;2;7;;950115;294.88560;*;MEDEK
;Pazarcýk Meslek Yüksekokulu;;;;;;;;;;;;
106051361;  Çaðrý Merkezi Hizmetleri;2;TYT;90;3;;3;9;;1820794;240.48211;;
106051088;  Dýþ Ticaret;2;TYT;40;1;;1;4;;1976442;231.91727;;
106090059;  Sosyal Güvenlik;2;TYT;60;2;;2;6;;1789755;242.21093;;
106051097;  Yerel Yönetimler;2;TYT;40;1;;1;4;;1980181;231.71557;;
;Sosyal Bilimler Meslek Yüksekokulu;;;;;;;;;;;;
106051316;  Aþçýlýk;2;TYT;50;2;;2;5;;1118293;282.98992;*;MEDEK
106051061;  Bankacýlýk ve Sigortacýlýk;2;TYT;30;1;;1;3;;1456059;261.54866;;
106050963;  Büro Yönetimi ve Yönetici Asistanlýðý;2;TYT;40;1;;1;4;;1479979;260.10981;;
106051201;  Çaðrý Merkezi Hizmetleri (Uzaktan Öðretim);2;TYT;60;2;;2;6;7;1422503;263.57301;;
106051194;  Halkla Ýliþkiler ve Tanýtým;2;TYT;60;2;;2;6;;1766551;243.52311;;
106050796;  Ýþletme Yönetimi;2;TYT;35;1;;1;4;;1736072;245.24099;;
106051016;  Lojistik;2;TYT;60;2;;2;6;;1836131;239.62585;;
106051291;  Maliye;2;TYT;50;2;;2;5;;1641726;250.62534;;
106050715;  Muhasebe ve Vergi Uygulamalarý;2;TYT;30;1;;1;3;;1577215;254.39399;;
106050151;  Pazarlama;2;TYT;30;1;;1;3;;1915079;235.26029;;
106050178;  Turizm ve Otel Ýþletmeciliði;2;TYT;30;1;;1;3;;1762641;243.74031;;
;Teknik Bilimler Meslek Yüksekokulu;;;;;;;;;;;;
106051185;  Bilgisayar Destekli Tasarým ve Animasyon;2;TYT;50;2;;2;5;;1290028;271.78460;;
106050203;  Bilgisayar Programcýlýðý;2;TYT;60;2;;2;6;;919617;297.17253;;
106090114;  Doðalgaz ve Tesisatý Teknolojisi;2;TYT;30;1;;1;3;;1860892;238.25290;;
106050072;  Elektrik;2;TYT;55;2;;2;6;;1067912;286.42908;;
106050875;  Elektronik Teknolojisi;2;TYT;50;2;;2;5;;1515106;258.01983;;
106050999;  Geleneksel El Sanatlarý;2;TYT;40;1;;1;4;;1982854;231.57384;;
106051122;  Gýda Teknolojisi;2;TYT;35;1;;1;4;;1714493;246.46830;;
106050954;  Giyim Üretim Teknolojisi;2;TYT;30;1;;1;3;;1971733;232.17368;;
106050857;  Ýklimlendirme ve Soðutma Teknolojisi;2;TYT;30;1;;1;3;;1831773;239.87474;;
106050927;  Ýnþaat Teknolojisi;2;TYT;40;1;;1;4;;1716814;246.34111;;
106051079;  Kuyumculuk ve Taký Tasarýmý;2;TYT;45;2;;2;5;;1767233;243.48587;;
106050124;  Makine;2;TYT;40;1;;1;4;;1244928;274.65438;;
106090060;  Mimari Restorasyon;2;TYT;40;1;;1;4;;1650937;250.09882;;
106051307;  Mobilya ve Dekorasyon;2;TYT;30;1;;1;3;;1854275;238.61743;;
106051007;  Moda Tasarýmý;2;TYT;50;2;;2;5;;1734351;245.33819;;
106050751;  Otomotiv Teknolojisi;2;TYT;30;1;;1;3;;1544321;256.30918;*;MEDEK
106050681;  Tekstil Teknolojisi;2;TYT;40;1;;1;4;;1733825;245.36666;;
;KARABÜK ÜNÝVERSÝTESÝ (Devlet Üniversitesi);;;;;;;;;;;;
;Biliþim Teknolojileri Meslek Yüksekokulu;;;;;;;;;;;;
106190264;  Arka-Yüz Yazýlým Geliþtirme;2;TYT;30;1;;1;;320;...;----;;
106190271;  Bulut Biliþim Operatörlüðü;2;TYT;30;1;;1;;320;...;----;;
106190278;  Otonom Sistemler Teknikerliði;2;TYT;30;1;;1;;320;...;----;;
106190166;  Oyun Geliþtirme ve Programlama;2;TYT;30;1;;1;;320;892225;299.25268;;
106190173;  Ön-Yüz Yazýlým Geliþtirme;2;TYT;30;1;;1;;320;891654;299.29709;;
106190180;  Yapay Zeka Operatörlüðü;2;TYT;30;1;;1;;320;726959;313.11511;;
;Eflani Meslek Yüksekokulu;;;;;;;;;;;;
106190071;  Aþçýlýk;2;TYT;50;2;;2;;;1447575;262.06013;;
106190187;  Atçýlýk ve Antrenörlüðü;2;TYT;30;1;;1;;;2091744;225.69083;;
106190087;  Gýda Kalite Kontrolü ve Analizi;2;TYT;30;1;;1;;;1931589;234.35232;;
106150662;  Ýþ Saðlýðý ve Güvenliði;2;TYT;30;1;;1;;;1817850;240.64538;;
;Eskipazar Meslek Yüksekokulu;;;;;;;;;;;;
106190097;  Biliþim Güvenliði Teknolojisi;2;TYT;50;2;;2;;;1562374;255.24972;;
106190194;  Eser Koruma;2;TYT;30;1;;1;;;2068402;226.94260;;
106150371;  Ýþ Saðlýðý ve Güvenliði;2;TYT;30;1;;1;;;1744005;244.78788;;
106150423;  Özel Güvenlik ve Koruma;2;TYT;40;1;;1;;2;1736806;245.20020;;
106190098;  Raylý Sistemler Elektrik ve Elektronik;2;TYT;50;2;;2;;6;1340424;268.64724;;
106190095;  Raylý Sistemler Makinistliði;2;TYT;60;2;;2;;6;1131596;282.10090;;
;Safranbolu Þefik Yýlmaz Dizdar Meslek Yüksekokulu;;;;;;;;;;;;
106190118;  Bilgisayar Teknolojisi;2;TYT;50;2;;2;;;1227090;275.81313;;
106190119;  Çocuk Geliþimi;2;TYT;35;1;;1;;;1221589;276.17382;;
106190122;  Geleneksel El Sanatlarý;2;TYT;20;1;;1;;;1904024;235.86497;;
106190123;  Ýç Mekan Tasarýmý;2;TYT;40;1;;1;;;1617179;252.05320;;
106190125;  Ýþletme Yönetimi;2;TYT;35;1;;1;;;1801549;241.54815;;
106190126;  Mimari Restorasyon;2;TYT;40;1;;1;;;1902412;235.95170;;
106190128;  Moda Tasarýmý;2;TYT;40;1;;1;;;1805974;241.30706;;
106190129;  Muhasebe ve Vergi Uygulamalarý;2;TYT;30;1;;1;;;1750831;244.40892;;
106190132;  Turist Rehberliði;2;TYT;40;1;;1;;;1571164;254.73941;;
106190133;  Turizm ve Otel Ýþletmeciliði;2;TYT;30;1;;1;;;1753584;244.25381;;
;Saðlýk Hizmetleri Meslek Yüksekokulu;;;;;;;;;;;;
106150635;  Aðýz ve Diþ Saðlýðý;2;TYT;65;2;;2;;;629046;322.55170;;
106190072;  Ameliyathane Hizmetleri;2;TYT;60;2;;2;;;721382;313.63118;;
106150592;  Fizyoterapi;2;TYT;40;1;;1;;;780769;308.35849;;
106150486;  Ýlk ve Acil Yardým;2;TYT;35;1;;1;;;560639;329.99876;;
106190152;  Odyometri;2;TYT;25;1;;1;;;774022;308.94462;;
106190070;  Optisyenlik;2;TYT;40;1;;1;;;975135;293.02750;;
106190073;  Ortopedik Protez ve Ortez;2;TYT;60;2;;2;;;880235;300.19294;;
106150608;  Saðlýk Kurumlarý Ýþletmeciliði;2;TYT;30;1;;1;;;1517064;257.90951;;
106150617;  Týbbi Dokümantasyon ve Sekreterlik;2;TYT;30;1;;1;;;716817;314.04871;;
106150502;  Týbbi Laboratuvar Teknikleri;2;TYT;50;2;;2;;;683050;317.19737;;
106150495;  Týbbi Tanýtým ve Pazarlama;2;TYT;60;2;;2;;;1659585;249.60527;;
106150626;  Yaþlý Bakýmý;2;TYT;60;2;;2;;;1186251;278.46258;;
;Türkiye Odalar ve Borsalar Birliði Teknik Bilimler Meslek Yüksekokulu;;;;;;;;;;;;
106150265;  Bilgisayar Programcýlýðý;2;TYT;60;2;;2;;321;1212009;276.79944;;
106150026;  Elektrik;2;TYT;60;2;;2;;321;1258470;273.78471;;
106150698;  Elektronik Teknolojisi;2;TYT;60;2;;2;;321;1693316;247.67149;;
106190285;  Hibrid ve Elektrikli Taþýtlar Teknolojisi;2;TYT;25;1;;1;;;...;----;;
106150247;  Ýklimlendirme ve Soðutma Teknolojisi;2;TYT;30;1;;1;;321;1905963;235.75404;;
106150159;  Ýþ Saðlýðý ve Güvenliði;2;TYT;30;1;;1;;;1616775;252.07813;;
106150671;  Kaynak Teknolojisi;2;TYT;35;1;;1;;321;1737226;245.17600;;
106150044;  Makine;2;TYT;60;2;;2;;321;1451133;261.84613;;
106190103;  Metalurji;2;TYT;35;1;;1;;321;1868622;237.82833;;
106150565;  Otobüs Kaptanlýðý;2;TYT;30;1;;1;;;1952577;233.21221;;
106150229;  Otomotiv Teknolojisi;2;TYT;30;1;;1;;321;1517518;257.88091;;
106150177;  Sivil Savunma ve Ýtfaiyecilik;2;TYT;60;2;;;;9;1073489;286.03680;;
106150574;  Ulaþtýrma ve Trafik Hizmetleri;2;TYT;55;2;;2;;;1984202;231.50049;;
;Yenice Meslek Yüksekokulu;;;;;;;;;;;;
106190078;  Bilgisayar Programcýlýðý;2;TYT;60;2;;2;;;1413605;264.12065;;
106150653;  Ýþ Saðlýðý ve Güvenliði;2;TYT;30;1;;1;;;1826462;240.17052;;
106190077;  Raylý Sistemler Makine Teknolojisi;2;TYT;50;2;;2;;6;1593332;253.44395;;
;KARADENÝZ TEKNÝK ÜNÝVERSÝTESÝ (TRABZON) (Devlet Üniversitesi);;;;;;;;;;;;YÖKAK
;Araklý Ali Cevat Özyurt Meslek Yüksekokulu;;;;;;;;;;;;
106290358;  Dijital Dönüþüm Elektroniði;2;TYT;30;1;;;;320;1133883;281.94847;;
106251289;  Ýþ Saðlýðý ve Güvenliði;2;TYT;30;1;;;;;1242661;274.80466;;
106251235;  Lojistik;2;TYT;50;2;;;;;1496889;259.10558;;
106290365;  Yapay Zeka Operatörlüðü;2;TYT;30;1;;;;320;579874;327.80536;;
;Arsin Meslek Yüksekokulu;;;;;;;;;;;;
106290229;  Doðalgaz ve Tesisatý Teknolojisi;2;TYT;30;1;;;;;1584761;253.94644;;
106251253;  Grafik Tasarýmý;2;TYT;35;1;;;;;978939;292.74984;;
106290231;  Ýç Mekan Tasarýmý;2;TYT;35;1;;;;;1086953;285.11102;;
106290309;  Mobilya ve Dekorasyon;2;TYT;20;1;;;;;1565404;255.07864;;
;Maçka Meslek Yüksekokulu;;;;;;;;;;;;
106251226;  Biyokimya;2;TYT;40;1;;;;;1009518;290.55010;;
106290295;  Eczane Hizmetleri;2;TYT;30;1;;;;;684154;317.09412;;
106251165;  Gýda Kalite Kontrolü ve Analizi;2;TYT;40;1;;;;;1632247;251.17605;;
106251174;  Gýda Teknolojisi;2;TYT;35;1;;;;;1569329;254.84747;;
106290129;  Laborant ve Veteriner Saðlýk;2;TYT;40;1;;;;;881270;300.10617;;
106250882;  Laboratuvar Teknolojisi;2;TYT;30;1;;;;;968722;293.50149;;
106250758;  Turizm ve Otel Ýþletmeciliði;2;TYT;30;1;;;;;1551536;255.88848;;
;Saðlýk Hizmetleri Meslek Yüksekokulu;;;;;;;;;;;;
106251192;  Ýlk ve Acil Yardým;2;TYT;35;1;;;;;412995;349.87698;;
106250582;  Týbbi Dokümantasyon ve Sekreterlik;2;TYT;30;1;;;;;524728;334.25713;;
106250997;  Týbbi Görüntüleme Teknikleri;2;TYT;40;1;;;;;463390;342.36716;;
106250952;  Týbbi Laboratuvar Teknikleri;2;TYT;50;2;;;;;531485;333.43139;;
;Sürmene Abdullah Kanca Meslek Yüksekokulu;;;;;;;;;;;;
106250801;  Elektrik;2;TYT;40;1;;;;;1240115;274.97320;;
106251005;  Elektronik Teknolojisi;2;TYT;40;1;;;;;1420356;263.70666;;
106251217;  Gemi Ýnþaatý;2;TYT;50;2;;;;;926276;296.66959;;
106290230;  Gemi Makineleri Ýþletmeciliði;2;TYT;35;1;;;;11;772304;309.09006;;
106290351;  Kaynak Teknolojisi;2;TYT;25;1;;;;;1602818;252.89014;;
106251014;  Makine;2;TYT;40;1;;;;;1290171;271.77645;;
106250819;  Mekatronik;2;TYT;45;2;;;;;1037048;288.58687;;
;Trabzon Meslek Yüksekokulu;;;;;;;;;;;;
106250961;  Bilgisayar Programcýlýðý;2;TYT;70;2;;;;;569267;329.00476;;
106250564;  Biyomedikal Cihaz Teknolojisi;2;TYT;35;1;;;;;988510;292.05255;;
106250485;  Elektrik;2;TYT;70;2;;;;;1094947;284.57434;;
106250934;  Elektronik Teknolojisi;2;TYT;50;2;;;;;1217530;276.44267;;
106250828;  Geleneksel El Sanatlarý;2;TYT;30;1;;;;;1515755;257.98269;;
106250501;  Harita ve Kadastro;2;TYT;30;1;;;;;1041617;288.26771;;
106290372;  Harita ve Kadastro (KKTC Uyruklu);2;TYT;1;;;;;5;;;;
106251041;  Ýnþaat Teknolojisi;2;TYT;40;1;;;;;1160137;280.18637;;
106250519;  Makine;2;TYT;60;2;;;;;1093404;284.68090;;
106290288;  Moda Tasarýmý;2;TYT;30;1;;;;;1163145;279.98245;;
;KARAMANOÐLU MEHMETBEY ÜNÝVERSÝTESÝ (KARAMAN) (Devlet Üniversitesi);;;;;;;;;;;;
;Ermenek Meslek Yüksekokulu;;;;;;;;;;;;
106350184;  Bilgisayar Programcýlýðý;2;TYT;80;2;;2;;;1542710;256.40324;;
106390276;  Çevresel Ölçüm ve Ýzleme Sistemleri Teknikerliði;2;TYT;30;1;;1;;;...;----;;
106350087;  Elektrik;2;TYT;60;2;;2;;;1705755;246.96390;;
106350227;  Saðlýk Kurumlarý Ýþletmeciliði;2;TYT;30;1;;1;;;1709499;246.75328;;
106390036;  Sosyal Güvenlik;2;TYT;60;2;;2;;;1841396;239.33337;;
;Ermenek Uysal ve Hasan Kalan Saðlýk Hizmetleri Meslek Yüksekokulu;;;;;;;;;;;;
106390085;  Eczane Hizmetleri;2;TYT;30;1;;1;;;916006;297.43930;;
106390086;  Ýlk ve Acil Yardým;2;TYT;35;1;;1;;;595886;326.05569;;
;Kazým Karabekir Meslek Yüksekokulu;;;;;;;;;;;;
106350396;  Çaðrý Merkezi Hizmetleri;2;TYT;30;1;;1;;;1567162;254.97266;;
106390108;  Çevre Saðlýðý;2;TYT;30;1;;1;;;1042857;288.18035;;
106350421;  Sosyal Hizmetler;2;TYT;30;1;;1;;;1455548;261.57821;;
106390283;  Su ve Atýk Yönetimi Teknikerliði;2;TYT;40;1;;1;;;...;----;;
106350387;  Týbbi Dokümantasyon ve Sekreterlik;2;TYT;30;1;;1;;;666148;318.84682;;
106350351;  Týbbi Tanýtým ve Pazarlama;2;TYT;40;1;;1;;;1827502;240.11290;;
;Saðlýk Hizmetleri Meslek Yüksekokulu;;;;;;;;;;;;
106390087;  Aðýz ve Diþ Saðlýðý;2;TYT;30;1;;1;;;529290;333.69217;;
106350439;  Ameliyathane Hizmetleri;2;TYT;40;1;;1;;;626576;322.79808;;
106350245;  Çocuk Geliþimi;2;TYT;30;1;;1;;;999212;291.28129;;
106350324;  Diyaliz;2;TYT;60;2;;2;;;709494;314.72673;;
106390052;  Eczane Hizmetleri;2;TYT;35;1;;1;;;773252;309.00983;;
106350333;  Engelli Bakýmý ve Rehabilitasyon;2;TYT;55;2;;2;;;1218008;276.41011;;
106350281;  Evde Hasta Bakýmý;2;TYT;55;2;;2;;;750074;311.02064;;
106390034;  Fizyoterapi;2;TYT;40;1;;1;;;715768;314.14489;;
106350369;  Ýlk ve Acil Yardým;2;TYT;40;1;;1;;;484376;339.48994;;
106390088;  Ýþ ve Uðraþý Terapisi;2;TYT;40;1;;1;;;926270;296.66984;;
106390089;  Odyometri;2;TYT;30;1;;1;;;740162;311.90877;;
106390070;  Optisyenlik;2;TYT;30;1;;1;;;830859;304.14398;;
106390090;  Týbbi Görüntüleme Teknikleri;2;TYT;30;1;;1;;;517779;335.13624;;
106350254;  Yaþlý Bakýmý;2;TYT;55;2;;2;;;1029217;289.13649;;
;Sosyal Bilimler Meslek Yüksekokulu;;;;;;;;;;;;
106350403;  Aþçýlýk;2;TYT;60;2;;2;;;1162751;280.01025;;
106350218;  Bankacýlýk ve Sigortacýlýk;2;TYT;25;1;;1;;;1535639;256.81671;;
106390064;  Emlak Yönetimi;2;TYT;45;2;;2;;;1826318;240.17841;;
106350299;  Lojistik;2;TYT;45;2;;2;;;1659309;249.61949;;
106350263;  Muhasebe ve Vergi Uygulamalarý;2;TYT;30;1;;1;;;1607685;252.60736;;
106390091;  Özel Güvenlik ve Koruma;2;TYT;30;1;;1;;2;1403568;264.74773;;
106390067;  Pastacýlýk ve Ekmekçilik;2;TYT;30;1;;1;;;1324605;269.62800;;
106390136;  Pastacýlýk ve Ekmekçilik (KKTC Uyruklu);2;TYT;1;;;;;5;;;;
106390068;  Saðlýk Kurumlarý Ýþletmeciliði;2;TYT;30;1;;1;;;1447409;262.07046;;
106390047;  Sosyal Güvenlik;2;TYT;40;1;;1;;;1242883;274.78992;;
106350342;  Turizm ve Otel Ýþletmeciliði;2;TYT;25;1;;1;;;1634281;251.05730;;
;Teknik Bilimler Meslek Yüksekokulu;;;;;;;;;;;;
106350175;  Bilgisayar Programcýlýðý;2;TYT;60;2;;2;;;1044505;288.06195;;
106390290;  Dijital Tarým Teknolojileri;2;TYT;25;1;;1;;;...;----;;
106390061;  Elektrik;2;TYT;50;2;;2;;;1404023;264.71866;;
106350272;  Geleneksel El Sanatlarý;2;TYT;20;1;;1;;;1890516;236.60957;;
106350024;  Gýda Teknolojisi;2;TYT;35;1;;1;;;1577612;254.37139;;
106390062;  Grafik Tasarýmý;2;TYT;40;1;;1;;;1374219;266.54017;;
106390071;  Harita ve Kadastro;2;TYT;30;1;;1;;;1314960;270.21939;;
106350378;  Ýþ Saðlýðý ve Güvenliði;2;TYT;30;1;;1;;;1405603;264.62009;;
106350042;  Makine;2;TYT;40;1;;1;;;1544002;256.32872;;
106350051;  Mimari Dekoratif Sanatlar;2;TYT;60;2;;2;;;1921905;234.88071;;
106350209;  Organik Tarým;2;TYT;40;1;;1;;;1856338;238.50386;;
106350157;  Otomotiv Teknolojisi;2;TYT;30;1;;1;;;1564395;255.13707;;
106390297;  Tarým Makineleri ve Teknolojileri;2;TYT;30;1;;1;;;...;----;;
106390072;  Üretimde Kalite Kontrol;2;TYT;30;1;;1;;;1731184;245.51429;;
;KASTAMONU ÜNÝVERSÝTESÝ (Devlet Üniversitesi);;;;;;;;;;;;YÖKAK
;Abana Sabahat Mesut Yýlmaz Meslek Yüksekokulu;;;;;;;;;;;;
106450571;  Doðalgaz ve Tesisatý Teknolojisi;2;TYT;40;1;;1;;;1968683;232.34227;;
106490234;  Elektrikli Cihaz Teknolojisi;2;TYT;30;1;;1;;;...;----;;
106490169;  Sosyal Hizmetler;2;TYT;30;1;;1;;;1488146;259.62905;;
106490241;  Su ve Atýk Yönetimi Teknikerliði;2;TYT;30;1;;1;;;...;----;;
106450544;  Yapý Denetimi;2;TYT;40;1;;1;;;1967187;232.42064;;
106450783;  Yerel Yönetimler;2;TYT;30;1;;1;;;1985941;231.40550;;
;Araç Rafet Vergili Meslek Yüksekokulu;;;;;;;;;;;;
106450668;  Avcýlýk ve Yaban Hayatý;2;TYT;50;2;;2;;;1373394;266.59015;;
106450377;  Ormancýlýk ve Orman Ürünleri;2;TYT;30;1;;1;;;992184;291.78978;;
106450492;  Týbbi Dokümantasyon ve Sekreterlik;2;TYT;30;1;;1;;;800620;306.65659;;
106450508;  Týbbi Tanýtým ve Pazarlama;2;TYT;35;1;;1;;;1838587;239.49085;;
;Bozkurt Meslek Yüksekokulu;;;;;;;;;;;;
106490170;  Elektronik Haberleþme Teknolojisi;2;TYT;40;1;;1;;;1832738;239.81740;;
106450747;  Sivil Savunma ve Ýtfaiyecilik;2;TYT;70;2;;;;9;1170654;279.48306;;
;Cide Rýfat Ilgaz Meslek Yüksekokulu;;;;;;;;;;;;
106490248;  Bilgisayar Destekli Tasarým ve Animasyon;2;TYT;30;1;;1;;;...;----;;
106450271;  Bilgisayar Programcýlýðý;2;TYT;60;2;;2;;;1231939;275.49615;;
106490149;  Çocuk Geliþimi;2;TYT;35;1;;1;;;1280116;272.40144;;
106450262;  Elektronik Teknolojisi;2;TYT;40;1;;1;;;1792356;242.06747;;
106490192;  Mahkeme Büro Hizmetleri;2;TYT;30;1;;1;;;1179763;278.88326;;
106450165;  Muhasebe ve Vergi Uygulamalarý;2;TYT;30;1;;1;;;1856159;238.51323;;
;Çatalzeytin Meslek Yüksekokulu;;;;;;;;;;;;
106490255;  Bilgisayar Programcýlýðý;2;TYT;20;1;;1;;;...;----;;
106450702;  Engelli Bakýmý ve Rehabilitasyon;2;TYT;50;2;;2;;;1435250;262.80006;;
106490142;  Fizyoterapi;2;TYT;40;1;;1;;;781563;308.28618;;
106450695;  Yaþlý Bakýmý;2;TYT;50;2;;2;;;1197880;277.70579;;
;Daday Nafi ve Ümit Çeri Meslek Yüksekokulu;;;;;;;;;;;;
106490143;  Aþçýlýk;2;TYT;40;1;;1;;;1336674;268.87647;;
106490144;  Atçýlýk ve Antrenörlüðü;2;TYT;40;1;;1;;;2016958;229.73429;;
106450862;  Bankacýlýk ve Sigortacýlýk;2;TYT;25;1;;1;;;1911978;235.43023;;
106450871;  Maliye;2;TYT;40;1;;1;;;1960213;232.79309;;
106450853;  Saðlýk Kurumlarý Ýþletmeciliði;2;TYT;30;1;;1;;;1783287;242.57442;;
;Devrekani Türkiye Odalar ve Borsalar Birliði Meslek Yüksekokulu;;;;;;;;;;;;
106450411;  Büro Yönetimi ve Yönetici Asistanlýðý;2;TYT;30;1;;1;;;1758297;243.98832;;
106490262;  Dijital Tarým Teknolojileri;2;TYT;30;1;;1;;;...;----;;
106490185;  Eczane Hizmetleri;2;TYT;35;1;;1;;;984232;292.36296;;
106490171;  Laborant ve Veteriner Saðlýk;2;TYT;55;2;;2;;;1403995;264.72021;;
;Ýhsangazi Meslek Yüksekokulu;;;;;;;;;;;;
106450677;  Harita ve Kadastro;2;TYT;30;1;;1;;;1638092;250.83837;;
106450686;  Laborant ve Veteriner Saðlýk;2;TYT;55;2;;2;;;1343763;268.44374;;
106490199;  Mahkeme Büro Hizmetleri;2;TYT;30;1;;1;;;1344920;268.37193;;
;Ýnebolu Meslek Yüksekokulu;;;;;;;;;;;;
106450605;  Deniz ve Liman Ýþletmeciliði;2;TYT;35;1;;1;;;1637909;250.84966;;
106490172;  Eczane Hizmetleri;2;TYT;35;1;;1;;;883601;299.92273;;
106450174;  Muhasebe ve Vergi Uygulamalarý;2;TYT;30;1;;1;;;1897270;236.23214;;
106450835;  Saðlýk Kurumlarý Ýþletmeciliði;2;TYT;30;1;;1;;;1710981;246.66622;;
;Küre Meslek Yüksekokulu;;;;;;;;;;;;
106450738;  Ýþ Makineleri Operatörlüðü;2;TYT;30;1;;1;;;1511208;258.25751;;
106450535;  Lojistik;2;TYT;35;1;;1;;;1895631;236.32254;;
;Meslek Yüksekokulu;;;;;;;;;;;;
106490158;  Basým ve Yayým Teknolojileri;2;TYT;50;2;;2;;;1959126;232.85416;;
106450253;  Bilgisayar Programcýlýðý;2;TYT;60;2;;2;;;932232;296.22706;;
106490269;  Biliþim Güvenliði Teknolojisi;2;TYT;30;1;;1;;;...;----;;
106490160;  Çocuk Geliþimi;2;TYT;35;1;;1;;;1096454;284.47041;;
106450023;  Elektrik;2;TYT;60;2;;2;;;1433682;262.89334;;
106450226;  Elektronik Teknolojisi;2;TYT;50;2;;2;;;1669633;249.02416;;
106450359;  Grafik Tasarýmý;2;TYT;60;2;;2;;;1344960;268.36926;;
106450217;  Ýnsan Kaynaklarý Yönetimi;2;TYT;45;2;;2;;;1613591;252.25941;;
106450244;  Ýnþaat Teknolojisi;2;TYT;40;1;;1;;;1849751;238.87033;;
106450192;  Ýþletme Yönetimi;2;TYT;35;1;;1;;;1840933;239.35768;;
106450077;  Makine;2;TYT;60;2;;2;;;1530935;257.09466;;
106450129;  Mekatronik;2;TYT;60;2;;2;;;1416916;263.91850;;
106450817;  Özel Güvenlik ve Koruma (Azdavay);2;TYT;50;2;;2;;2;1646502;250.35030;;
106450208;  Radyo ve Televizyon Teknolojisi;2;TYT;60;2;;2;;;1927483;234.58091;;
106450774;  Sosyal Güvenlik (Azdavay);2;TYT;60;2;;2;;;1930138;234.43329;;
;Taþköprü Meslek Yüksekokulu;;;;;;;;;;;;
106450386;  Bankacýlýk ve Sigortacýlýk;2;TYT;25;1;;1;;;1823965;240.30718;;
106450456;  Bilgisayar Programcýlýðý;2;TYT;60;2;;2;;;1364025;267.18648;;
106490276;  Elektrikli Cihaz Teknolojisi;2;TYT;60;2;;2;;;...;----;;
106450447;  Ýlk ve Acil Yardým;2;TYT;40;1;;1;;;585985;327.12419;;
106490283;  Ýnsansýz Araç Teknikerliði;2;TYT;33;1;;1;;320;...;----;;
106450483;  Týbbi Dokümantasyon ve Sekreterlik;2;TYT;30;1;;1;;;764999;309.71561;;
;Tosya Meslek Yüksekokulu;;;;;;;;;;;;
106450368;  Biyomedikal Cihaz Teknolojisi;2;TYT;30;1;;1;;;1371926;266.67704;;
106450341;  Elektrik;2;TYT;50;2;;2;;;1720823;246.11321;;
106450465;  Evde Hasta Bakýmý;2;TYT;60;2;;2;;;889892;299.43379;;
106450765;  Ýþ Saðlýðý ve Güvenliði;2;TYT;30;1;;1;;;1618404;251.97805;;
106450395;  Mobilya ve Dekorasyon;2;TYT;20;1;;1;;;...;----;;
106450289;  Muhasebe ve Vergi Uygulamalarý;2;TYT;30;1;;1;;;1900731;236.04314;;
106490290;  Robotik ve Yapay Zeka;2;TYT;42;2;;2;;320;...;----;;
106450614;  Týbbi Dokümantasyon ve Sekreterlik;2;TYT;30;1;;1;;;774365;308.91546;;
106490297;  Yapay Zeka Operatörlüðü;2;TYT;42;2;;2;;320;...;----;;
;KAYSERÝ ÜNÝVERSÝTESÝ (Devlet Üniversitesi);;;;;;;;;;;;
;Biliþim Teknolojileri Meslek Yüksekokulu;;;;;;;;;;;;
112370854;  Dijital Dönüþüm Elektroniði;2;TYT;30;1;;1;;320;889404;299.46918;;
112370861;  Ýnsansýz Araç Teknikerliði;2;TYT;30;1;;1;;320;602374;325.34540;;
112370868;  Otonom Sistemler Teknikerliði;2;TYT;30;1;;1;;320;696369;315.94600;;
112370931;  Yapay Zeka Operatörlüðü;2;TYT;30;1;;1;;320;...;----;;
;Bünyan Meslek Yüksekokulu;;;;;;;;;;;;
112370753;  Özel Güvenlik ve Koruma;2;TYT;50;2;;2;;2;1354113;267.80328;;
112370757;  Posta Hizmetleri;2;TYT;30;1;;1;;;1723932;245.93110;;
112370743;  Sivil Savunma ve Ýtfaiyecilik;2;TYT;50;2;;;;9;912038;297.74099;;
;Develi Hüseyin Þahin Meslek Yüksekokulu;;;;;;;;;;;;
112370759;  Aþçýlýk;2;TYT;40;1;;1;;;1037367;288.56323;*;TUADER
112370766;  Bahçe Tarýmý;2;TYT;30;1;;1;;;1810041;241.08044;;
112350897;  Bilgisayar Programcýlýðý;2;TYT;55;2;;2;;;964518;293.81914;;
112350958;  Bilgisayar Teknolojisi;2;TYT;50;2;;2;;;1181238;278.78957;;
112350304;  Çocuk Geliþimi;2;TYT;35;1;;1;;;968823;293.49379;;
112370938;  Ýkram Hizmetleri;2;TYT;20;1;;1;;;...;----;;
112350322;  Lojistik;2;TYT;40;1;;1;;;1560214;255.37556;;
112370945;  Ofis Teknolojileri ve Veri Yönetimi;2;TYT;35;1;;1;;;...;----;;
;Ýncesu Ayþe ve Saffet Arslan Saðlýk Hizmetleri Meslek Yüksekokulu;;;;;;;;;;;;
112370805;  Diyaliz;2;TYT;40;1;;1;;;666975;318.76781;;
112370875;  Engelli Bakýmý ve Rehabilitasyon;2;TYT;30;1;;1;;;1162423;280.03378;;
112370882;  Fizyoterapi;2;TYT;30;1;;1;;;653045;320.14230;;
112370812;  Ýlk ve Acil Yardým;2;TYT;40;1;;1;;;463628;342.33416;*;MEDEK
;Mustafa Çýkrýkçýoðlu Meslek Yüksekokulu;;;;;;;;;;;;
112350976;  Alternatif Enerji Kaynaklarý Teknolojisi;2;TYT;45;2;;2;;;1390550;265.54416;;
112370756;  Basým ve Yayým Teknolojileri;2;TYT;60;2;;2;;;1668988;249.06163;;
112370755;  Doðalgaz ve Tesisatý Teknolojisi;2;TYT;30;1;;1;;;1643816;250.50396;;
112350719;  Geleneksel El Sanatlarý;2;TYT;55;2;;2;;;1752680;244.30423;;
112350701;  Grafik Tasarýmý;2;TYT;50;2;;2;;;953740;294.61874;;
112351092;  Ýþ Saðlýðý ve Güvenliði;2;TYT;30;1;;1;;;1001840;291.09411;*;MEDEK
112350755;  Kimya Teknolojisi;2;TYT;20;1;;1;;;1278350;272.51480;*;MEDEK
112370758;  Laboratuvar Teknolojisi;2;TYT;30;1;;1;;;785974;307.90139;*;MEDEK
112350737;  Tekstil Teknolojisi;2;TYT;40;1;;1;;;1604358;252.79929;;
;Organize Sanayi Bölgesi Meslek Yüksekokulu;;;;;;;;;;;;
112370819;  Endüstri Ürünleri Tasarýmý;2;TYT;25;1;;1;;321;1212452;276.76917;;
112370826;  Kaynak Teknolojisi;2;TYT;25;1;;1;;321;1413249;264.14310;;
112370833;  Polimer Teknolojisi;2;TYT;25;1;;1;;321;1652280;250.02161;;
;Pýnarbaþý Meslek Yüksekokulu;;;;;;;;;;;;
112370747;  Bankacýlýk ve Sigortacýlýk;2;TYT;25;1;;1;;;1464174;261.06157;*;MEDEK
112351144;  Muhasebe ve Vergi Uygulamalarý;2;TYT;30;1;;1;;;1568380;254.90122;;
112351153;  Pazarlama;2;TYT;25;1;;1;;;1632499;251.16159;*;MEDEK
;Safiye Çýkrýkçýoðlu Meslek Yüksekokulu;;;;;;;;;;;;
112370917;  Aþçýlýk;2;TYT;20;1;;1;;;...;----;;
112350764;  Bahçe Tarýmý;2;TYT;30;1;;1;;;1541232;256.49131;;
112350428;  Gýda Teknolojisi;2;TYT;35;1;;1;;;1286337;272.01900;;
112370760;  Gýda Teknolojisi (KKTC Uyruklu);2;TYT;2;;;;;5;;;;
112350949;  Laborant ve Veteriner Saðlýk;2;TYT;60;2;;2;;;821999;304.86896;;
112350446;  Organik Tarým;2;TYT;40;1;;1;;;1700015;247.29293;*;MEDEK
;Sosyal Bilimler Meslek Yüksekokulu;;;;;;;;;;;;
112370840;  Dýþ Ticaret;2;TYT;40;1;;1;;;1036639;288.61572;;
112350773;  Ýþletme Yönetimi;2;TYT;35;1;;1;;;1133836;281.95188;*;MEDEK
112370889;  Mahkeme Büro Hizmetleri;2;TYT;30;1;;1;;;776056;308.77135;;
112370748;  Saðlýk Kurumlarý Ýþletmeciliði;2;TYT;35;1;;1;;;954912;294.53315;*;MEDEK
112370768;  Sivil Hava Ulaþtýrma Ýþletmeciliði;2;TYT;35;1;;1;;10;727787;313.03899;*;MEDEK
;Teknik Bilimler Meslek Yüksekokulu;;;;;;;;;;;;
112370769;  Bilgisayar Programcýlýðý;2;TYT;75;2;;2;;;572386;328.63950;*;MEDEK
112370771;  Biyomedikal Cihaz Teknolojisi;2;TYT;30;1;;1;;;1007691;290.67962;;
112370775;  Elektrik;2;TYT;75;2;;2;;;875409;300.56103;*;MEDEK
112370777;  Elektronik Haberleþme Teknolojisi;2;TYT;50;2;;2;;;1385368;265.86257;;
112370778;  Elektronik Teknolojisi;2;TYT;70;2;;2;;;1220228;276.26431;*;MEDEK
112370780;  Ýç Mekan Tasarýmý;2;TYT;50;2;;2;;;1008946;290.58938;;
112370781;  Ýnþaat Teknolojisi;2;TYT;40;1;;1;;;1254510;274.03765;*;MEDEK
112370783;  Kontrol ve Otomasyon Teknolojisi;2;TYT;50;2;;2;;;1197724;277.71712;;
112370784;  Makine;2;TYT;75;2;;2;;;993569;291.68923;*;MEDEK
112370786;  Mekatronik;2;TYT;50;2;;2;;;896119;298.95079;;
112370924;  Mekatronik (KKTC Uyruklu);2;TYT;2;;;;;5;...;----;;
112370788;  Radyo ve Televizyon Teknolojisi;2;TYT;65;2;;2;;;1471636;260.61060;;
;Tomarza Mustafa Akýncýoðlu Meslek Yüksekokulu;;;;;;;;;;;;
112351117;  Harita ve Kadastro;2;TYT;30;1;;1;;;1375387;266.46752;;
112351126;  Ýnþaat Teknolojisi;2;TYT;35;1;;1;;;1818917;240.58668;*;MEDEK
112351135;  Mimari Restorasyon;2;TYT;40;1;;1;;;1745054;244.73003;*;MEDEK
112351074;  Yapý Denetimi;2;TYT;40;1;;1;;;1711352;246.64595;*;MEDEK
;Yahyalý Meslek Yüksekokulu;;;;;;;;;;;;
112370790;  Alternatif Enerji Kaynaklarý Teknolojisi;2;TYT;40;1;;1;;;1848045;238.96385;;
;Yeþilhisar Meslek Yüksekokulu;;;;;;;;;;;;
112370791;  Bitki Koruma;2;TYT;30;1;;1;;;1684928;248.14746;;
112370751;  Laborant ve Veteriner Saðlýk;2;TYT;40;1;;1;;;1099887;284.24493;*;MEDEK
;KIRIKKALE ÜNÝVERSÝTESÝ (Devlet Üniversitesi);;;;;;;;;;;;YÖKAK
;Delice Meslek Yüksekokulu;;;;;;;;;;;;
106690251;  Bitki Koruma;2;TYT;30;1;;1;;;1888549;236.71782;;
106690524;  Dijital Tarým Teknolojileri;2;TYT;40;1;;1;;;...;----;;
106650603;  Laborant ve Veteriner Saðlýk;2;TYT;50;2;;2;;;1055591;287.28744;;
106650754;  Sosyal Hizmetler;2;TYT;30;1;;1;;;1382972;266.01178;;
;Fatma Þenses Sosyal Bilimler Meslek Yüksekokulu;;;;;;;;;;;;
106650569;  Büro Yönetimi ve Yönetici Asistanlýðý;2;TYT;35;1;;1;;;1456396;261.52852;;
106690175;  Emlak Yönetimi;2;TYT;65;2;;2;;;1842896;239.25162;;
106650445;  Ýþletme Yönetimi;2;TYT;35;1;;1;;;1740572;244.98355;;
106690342;  Mahkeme Büro Hizmetleri;2;TYT;30;1;;1;;;875167;300.58073;;
106650409;  Muhasebe ve Vergi Uygulamalarý;2;TYT;30;1;;1;;;1637657;250.86469;;
106650181;  Turizm ve Otel Ýþletmeciliði;2;TYT;30;1;;1;;;1690170;247.84854;;
;Hacýlar Hüseyin Aytemiz Meslek Yüksekokulu;;;;;;;;;;;;
106650736;  Biyomedikal Cihaz Teknolojisi;2;TYT;30;1;;1;;;1203107;277.37070;;
106650321;  Ýþ Saðlýðý ve Güvenliði;2;TYT;30;1;;1;;;1320848;269.85952;;
;Keskin Meslek Yüksekokulu;;;;;;;;;;;;
106650224;  Çocuk Geliþimi;2;TYT;35;1;;1;;;1213134;276.72345;;
106650393;  Halkla Ýliþkiler ve Tanýtým;2;TYT;60;2;;2;;;1845639;239.09623;;
106650763;  Ýnsan Kaynaklarý Yönetimi;2;TYT;45;2;;2;;;1763929;243.66684;;
106650418;  Muhasebe ve Vergi Uygulamalarý;2;TYT;30;1;;1;;;1753137;244.27933;;
106650269;  Pazarlama;2;TYT;20;1;;1;;;1829049;240.02010;;
106650287;  Yerel Yönetimler;2;TYT;40;1;;1;;;1876413;237.38690;;
;Kýrýkkale Meslek Yüksekokulu;;;;;;;;;;;;
106690258;  Atçýlýk ve Antrenörlüðü;2;TYT;40;1;;1;;;1795390;241.89433;;
106650215;  Bilgisayar Programcýlýðý;2;TYT;60;2;;2;;;634220;322.01868;;
106690349;  Biliþim Güvenliði Teknolojisi;2;TYT;30;1;;1;;;798506;306.84025;;
106690531;  Elektrik Enerjisi Üretim, Ýletim ve Daðýtýmý;2;TYT;60;2;;2;;;...;----;;
106650463;  Elektronik Haberleþme Teknolojisi;2;TYT;50;2;;2;;;1245186;274.63704;;
106650472;  Elektronik Teknolojisi;2;TYT;50;2;;2;;;1094256;284.62124;;
106650084;  Grafik Tasarýmý;2;TYT;65;2;;2;;;1071717;286.16082;;
106690222;  Ýç Mekan Tasarýmý;2;TYT;30;1;;1;;;1096177;284.48945;;
106650454;  Ýklimlendirme ve Soðutma Teknolojisi;2;TYT;45;2;;2;;;1611826;252.36462;;
106690265;  Ýnsansýz Hava Aracý Teknolojisi ve Operatörlüðü;2;TYT;60;2;;2;;;586761;327.04387;;
106650533;  Ýnþaat Teknolojisi;2;TYT;40;1;;1;;;1311956;270.40697;;
106650745;  Ýnþaat Teknolojisi (KKTC Uyruklu);2;TYT;1;;;;;5;;;;
106650481;  Kontrol ve Otomasyon Teknolojisi;2;TYT;50;2;;2;;;1285393;272.07778;;
106650136;  Mantarcýlýk;2;TYT;30;1;;1;;;1943590;233.70455;;
106650348;  Organik Tarým;2;TYT;45;2;;2;;;1868635;237.82780;;
106690223;  Otomotiv Teknolojisi;2;TYT;30;1;;1;;;929808;296.40634;;
106690272;  Polimer Teknolojisi;2;TYT;40;1;;1;;;1600128;253.04167;;
106650427;  Rafineri ve Petro-Kimya Teknolojisi;2;TYT;20;1;;1;;;1168322;279.63432;;
106690279;  Silah Sanayi Teknikerliði;2;TYT;60;2;;2;;;745936;311.39476;;
106690538;  Talaþlý Üretim Teknikerliði;2;TYT;55;2;;2;;;...;----;;
;Saðlýk Hizmetleri Meslek Yüksekokulu;;;;;;;;;;;;
106650657;  Aðýz ve Diþ Saðlýðý;2;TYT;50;2;;2;;;547227;331.56188;;
106650648;  Anestezi;2;TYT;40;1;;1;;;401576;351.69517;;
106690335;  Anestezi (KKTC Uyruklu);2;TYT;1;;;;;5;1200801;277.51828;;
106650621;  Diþ Protez Teknolojisi;2;TYT;50;2;;2;;;546842;331.60614;;
106690286;  Evde Hasta Bakýmý;2;TYT;50;2;;2;;;771352;309.17694;;
106650612;  Ýlk ve Acil Yardým;2;TYT;35;1;;1;;;474284;340.86280;;
106690230;  Týbbi Görüntüleme Teknikleri;2;TYT;35;1;;1;;;461851;342.58757;;
106650515;  Týbbi Laboratuvar Teknikleri;2;TYT;50;2;;2;;;600918;325.50579;;
106690545;  Týbbi Veri Ýþleme Teknikerliði;2;TYT;30;1;;1;;;...;----;;
;KIRKLARELÝ ÜNÝVERSÝTESÝ (Devlet Üniversitesi);;;;;;;;;;;;YÖKAK
;Babaeski Meslek Yüksekokulu;;;;;;;;;;;;
106750065;  Bankacýlýk ve Sigortacýlýk;2;TYT;30;1;;1;;;1875751;237.42406;;
106750559;  Büro Yönetimi ve Yönetici Asistanlýðý;2;TYT;25;1;;1;;;1783830;242.54438;;
106750753;  Çaðrý Merkezi Hizmetleri;2;TYT;25;1;;1;;;1794642;241.93497;;
106750453;  Dýþ Ticaret;2;TYT;25;1;;1;;;1881818;237.09226;;
;Lüleburgaz Meslek Yüksekokulu;;;;;;;;;;;;
106750356;  Bilgisayar Programcýlýðý;2;TYT;60;2;;2;;;968796;293.49587;;
106770731;  Bilgisayar Programcýlýðý (Uzaktan Öðretim);2;TYT;150;4;;4;;7, 8;1643315;250.53271;;
106750541;  Büro Yönetimi ve Yönetici Asistanlýðý;2;TYT;30;1;;1;;;1726510;245.78617;;
106750117;  Elektrik;2;TYT;45;2;;2;;;1501133;258.84974;;
106750241;  Grafik Tasarýmý;2;TYT;60;2;;2;;;1264103;273.42722;;
106750629;  Ýnsan Kaynaklarý Yönetimi;2;TYT;30;1;;1;;;1693333;247.67072;;
106750708;  Ýþ Saðlýðý ve Güvenliði;2;TYT;30;1;;1;;;1517698;257.87110;;
106750302;  Kimya Teknolojisi;2;TYT;20;1;;1;;;1380928;266.13038;;
106750286;  Muhasebe ve Vergi Uygulamalarý;2;TYT;30;1;;1;;;1818057;240.63408;;
106750611;  Otomotiv Teknolojisi;2;TYT;30;1;;1;;;1562280;255.25515;;
106750153;  Pazarlama;2;TYT;25;1;;1;;;1864925;238.02968;;
106750692;  Sosyal Güvenlik;2;TYT;60;2;;2;;;1860365;238.28270;;
106750268;  Tekstil Teknolojisi;2;TYT;20;1;;1;;;1845759;239.09025;;
;Pýnarhisar Meslek Yüksekokulu;;;;;;;;;;;;
106750805;  Aþçýlýk;2;TYT;60;2;;2;;;1311496;270.43585;;
106750365;  Bilgisayar Programcýlýðý;2;TYT;65;2;;2;;;1156640;280.42088;;
106750674;  Halkla Ýliþkiler ve Tanýtým;2;TYT;30;1;;1;;;1879225;237.23145;;
106750789;  Kontrol ve Otomasyon Teknolojisi;2;TYT;30;1;;1;;;1622340;251.75005;;
106750798;  Medya ve Ýletiþim;2;TYT;30;1;;1;;;1913632;235.33977;;
106750198;  Turizm ve Otel Ýþletmeciliði;2;TYT;25;1;;1;;;1757172;244.05434;;
106750683;  Yapý Denetimi;2;TYT;30;1;;1;;;1899098;236.13307;;
;Saðlýk Hizmetleri Meslek Yüksekokulu;;;;;;;;;;;;
106750514;  Çocuk Geliþimi;2;TYT;35;1;;1;;;1166230;279.77239;;
106750726;  Optisyenlik;2;TYT;50;2;;2;;;942622;295.44838;;
106750505;  Saðlýk Kurumlarý Ýþletmeciliði;2;TYT;30;1;;1;;;1476138;260.33574;;
106750489;  Týbbi Dokümantasyon ve Sekreterlik;2;TYT;30;1;;1;;;732597;312.59702;;
106750462;  Týbbi Laboratuvar Teknikleri;2;TYT;50;2;;2;;;696311;315.95157;;
106750498;  Týbbi Tanýtým ve Pazarlama;2;TYT;60;2;;2;;;1726682;245.77601;;
106750471;  Yaþlý Bakýmý;2;TYT;60;2;;2;;;1147844;281.00617;;
;Sosyal Bilimler Meslek Yüksekokulu;;;;;;;;;;;;
106770732;  Basým ve Yayým Teknolojileri;2;TYT;40;1;;1;;;1970741;232.22931;;
106750417;  Dýþ Ticaret;2;TYT;40;1;;1;;;1765311;243.58983;;
106750311;  Ýþletme Yönetimi;2;TYT;35;1;;1;;;1816450;240.72318;;
106750771;  Lojistik;2;TYT;50;2;;2;;;1639840;250.73833;;
106750232;  Maliye;2;TYT;40;1;;1;;;1808649;241.15829;;
106750277;  Muhasebe ve Vergi Uygulamalarý;2;TYT;30;1;;1;;;1743123;244.83842;;
106750568;  Sivil Havacýlýk Kabin Hizmetleri;2;TYT;60;2;;2;;10;790029;307.56181;;
106770787;  Sivil Havacýlýk Kabin Hizmetleri (KKTC Uyruklu);2;TYT;1;;;;;5, 10;...;----;;
;Teknik Bilimler Meslek Yüksekokulu;;;;;;;;;;;;
106750408;  Bilgisayar Programcýlýðý;2;TYT;60;2;;2;;;865871;301.30945;;
106750595;  Elektrik;2;TYT;60;2;;2;;;1481493;260.02233;;
106750383;  Elektronik Teknolojisi;2;TYT;55;2;;2;;;1642790;250.56511;;
106750038;  Gýda Teknolojisi;2;TYT;35;1;;1;;;1704321;247.04257;;
106750577;  Ýç Mekan Tasarýmý;2;TYT;40;1;;1;;;1575261;254.50456;;
106750347;  Ýnþaat Teknolojisi;2;TYT;40;1;;1;;;1783500;242.56223;;
106750602;  Makine;2;TYT;55;2;;2;;;1417026;263.91200;;
106750532;  Mekatronik;2;TYT;55;2;;2;;;1283005;272.22331;;
106770723;  Moda Tasarýmý;2;TYT;40;1;;1;;;1657964;249.69798;;
;Vize Meslek Yüksekokulu;;;;;;;;;;;;
106750374;  Bankacýlýk ve Sigortacýlýk;2;TYT;25;1;;1;;;1908228;235.63332;;
106750717;  Ýþ Saðlýðý ve Güvenliði;2;TYT;30;1;;1;;;1708487;246.80875;;
106750735;  Lojistik;2;TYT;40;1;;1;;;1891763;236.53528;;
106750295;  Muhasebe ve Vergi Uygulamalarý;2;TYT;30;1;;1;;;1872403;237.61245;;
106750814;  Sosyal Hizmetler;2;TYT;40;1;;1;;;1713235;246.54075;;
;KIRÞEHÝR AHÝ EVRAN ÜNÝVERSÝTESÝ (Devlet Üniversitesi);;;;;;;;;;;;YÖKAK
;Çiçekdaðý Meslek Yüksekokulu;;;;;;;;;;;;
100650515;  Büro Yönetimi ve Yönetici Asistanlýðý;2;TYT;30;1;;1;;;1733477;245.38561;;
100690066;  Çocuk Geliþimi;2;TYT;35;1;;1;;;1201866;277.44753;;
100650657;  Laborant ve Veteriner Saðlýk;2;TYT;80;2;;2;;;1368471;266.90328;;
100650718;  Saðlýk Bilgi Sistemleri Teknikerliði;2;TYT;50;2;;2;;;1470931;260.65178;;
100690081;  Süt ve Besi Hayvancýlýðý;2;TYT;20;1;;1;;;1935464;234.13999;;
;Kaman Meslek Yüksekokulu;;;;;;;;;;;;
100690157;  Akýllý Altyapýlar Teknikerliði;2;TYT;30;1;;1;;;...;----;;
100650506;  Büro Yönetimi ve Yönetici Asistanlýðý;2;TYT;30;1;;1;;;1812976;240.91791;;
100650393;  Elektrik;2;TYT;30;1;;1;;;1596984;253.22736;;
100650303;  Elektronik Haberleþme Teknolojisi;2;TYT;25;1;;1;;;1783715;242.55103;;
100650093;  Gýda Teknolojisi;2;TYT;30;1;;1;;;1920289;234.96863;;
100650145;  Harita ve Kadastro;2;TYT;30;1;;1;;;1726992;245.75764;;
100650357;  Ýnþaat Teknolojisi;2;TYT;35;1;;1;;;1956923;232.97579;;
100650463;  Makine;2;TYT;30;1;;1;;;1464739;261.02700;;
100650242;  Sondaj Teknolojisi;2;TYT;30;1;;1;;;2001323;230.57337;;
;Mucur Meslek Yüksekokulu;;;;;;;;;;;;
100650666;  Bankacýlýk ve Sigortacýlýk;2;TYT;25;1;;1;;;1867735;237.87593;;
100650612;  Bilgisayar Destekli Tasarým ve Animasyon;2;TYT;50;2;;2;;;1680936;248.37701;;
100650621;  Fotoðrafçýlýk ve Kameramanlýk;2;TYT;55;2;;2;;;1904368;235.84484;;
100690136;  Fotoðrafçýlýk ve Kameramanlýk (KKTC Uyruklu);2;TYT;1;;;;;5;;;;
100690129;  Görsel Ýletiþim;2;TYT;30;1;;1;;;1982155;231.61052;;
100650224;  Grafik Tasarýmý;2;TYT;45;2;;2;;;1627988;251.41837;;
100650675;  Kimya Teknolojisi;2;TYT;20;1;;1;;;1792908;242.03619;;
100650684;  Lojistik;2;TYT;30;1;;1;;;1870365;237.73451;;
100690093;  Web Tasarýmý ve Kodlama;2;TYT;50;2;;2;;;1471052;260.64471;;
100690112;  Web Tasarýmý ve Kodlama (KKTC Uyruklu);2;TYT;1;;;;;5;;;;
;Saðlýk Hizmetleri Meslek Yüksekokulu;;;;;;;;;;;;
100690078;  Elektronörofizyoloji;2;TYT;30;1;;1;;;791128;307.46555;;
100690075;  Fizyoterapi;2;TYT;40;1;;1;;;698397;315.75379;;
100650524;  Ýlk ve Acil Yardým;2;TYT;35;1;;1;;;494783;338.12618;;
100690074;  Optisyenlik;2;TYT;40;1;;1;;;856597;302.04767;;
100690076;  Ortopedik Protez ve Ortez;2;TYT;55;2;;2;;;756461;310.45410;;
100650533;  Týbbi Dokümantasyon ve Sekreterlik;2;TYT;30;1;;1;;;591190;326.56184;;
100690090;  Týbbi Görüntüleme Teknikleri;2;TYT;35;1;;1;;;508777;336.29274;;
100690073;  Týbbi Laboratuvar Teknikleri;2;TYT;35;1;;1;;;576945;328.13154;;
100650587;  Yaþlý Bakýmý;2;TYT;65;2;;2;;;1045795;287.97593;;
;Sosyal Bilimler Meslek Yüksekokulu;;;;;;;;;;;;
100650569;  Bankacýlýk ve Sigortacýlýk;2;TYT;30;1;;1;;;1624430;251.62721;;
100650499;  Büro Yönetimi ve Yönetici Asistanlýðý;2;TYT;35;1;;1;;;1557244;255.55320;;
100650727;  Çaðrý Merkezi Hizmetleri;2;TYT;80;2;;2;;;1597679;253.18598;;
100650578;  Dýþ Ticaret;2;TYT;40;1;;1;;;1821719;240.42903;;
100650454;  Halkla Ýliþkiler ve Tanýtým;2;TYT;80;2;;2;;;1881553;237.10524;;
100650296;  Ýþletme Yönetimi;2;TYT;35;1;;1;;;1875840;237.41929;;
100650251;  Muhasebe ve Vergi Uygulamalarý;2;TYT;30;1;;1;;;1702529;247.14658;;
100650172;  Turizm ve Otel Ýþletmeciliði;2;TYT;30;1;;1;;;1746989;244.62038;;
100690113;  Turizm ve Otel Ýþletmeciliði (KKTC Uyruklu);2;TYT;1;;;;;5;;;;
;Teknik Bilimler Meslek Yüksekokulu;;;;;;;;;;;;
100690164;  Akýllý Sera Teknolojileri;2;TYT;30;1;;1;;;...;----;;
100650436;  Bilgisayar Programcýlýðý;2;TYT;60;2;;2;;;994487;291.61868;;
100650551;  Bilgisayar Teknolojisi;2;TYT;50;2;;2;;;1330734;269.24844;;
100690118;  Bitki Koruma;2;TYT;30;1;;1;;;1421469;263.63644;;
100690119;  Biyomedikal Cihaz Teknolojisi;2;TYT;30;1;;1;;;1188481;278.32003;;
100690171;  Büyük Veri Analistliði;2;TYT;30;1;;1;;320;...;----;;
100650012;  Elektrik;2;TYT;45;2;;2;;;1364557;267.15066;;
100650348;  Ýnþaat Teknolojisi;2;TYT;35;1;;1;;;1939558;233.91808;;
100650472;  Mekatronik;2;TYT;40;1;;1;;;1404411;264.69728;;
100650481;  Organik Tarým;2;TYT;30;1;;1;;;1914402;235.29789;;
100690178;  Yenilenebilir Enerji Teknikerliði;2;TYT;30;1;;1;;;...;----;;
;KÝLÝS 7 ARALIK ÜNÝVERSÝTESÝ (Devlet Üniversitesi);;;;;;;;;;;;
;Saðlýk Hizmetleri Meslek Yüksekokulu;;;;;;;;;;;;
106850258;  Çocuk Geliþimi;2;TYT;35;1;;1;4;;1170863;279.47185;;
106870280;  Eczane Hizmetleri;2;TYT;35;1;;1;4;;843272;303.13331;;
106850276;  Fizyoterapi;2;TYT;50;2;;2;5;;779377;308.47313;;
106850152;  Ýlk ve Acil Yardým;2;TYT;35;1;;1;4;;532774;333.27972;;
106850249;  Optisyenlik;2;TYT;50;2;;2;5;;1064647;286.65344;;
106850161;  Týbbi Dokümantasyon ve Sekreterlik;2;TYT;30;1;;1;3;;706728;314.98038;;
106850213;  Yaþlý Bakýmý;2;TYT;80;2;;2;8;;1087967;285.04143;;
;Sosyal Bilimler Meslek Yüksekokulu;;;;;;;;;;;;
106850082;  Dýþ Ticaret;2;TYT;40;1;;1;4;;1864995;238.02500;;
106850107;  Ýþletme Yönetimi;2;TYT;35;1;;1;4;;1872377;237.61380;;
106870460;  Mahkeme Büro Hizmetleri;2;TYT;30;1;;1;3;;1126562;282.43453;;
106850091;  Muhasebe ve Vergi Uygulamalarý;2;TYT;30;1;;1;3;;1678051;248.54229;;
;Teknik Bilimler Meslek Yüksekokulu;;;;;;;;;;;;
106850143;  Bahçe Tarýmý;2;TYT;25;1;;1;3;;1816940;240.69594;;
106850179;  Bilgisayar Programcýlýðý;2;TYT;75;2;;2;8;;1366107;267.05426;;
106850019;  Elektrik;2;TYT;50;2;;2;5;;1556140;255.61973;;
106870263;  Geleneksel El Sanatlarý;2;TYT;40;1;;1;4;;1838709;239.48490;;
106850285;  Gýda Teknolojisi;2;TYT;35;1;;1;4;;1854213;238.62115;;
106850125;  Ýnþaat Teknolojisi;2;TYT;35;1;;1;4;;1929003;234.49597;;
106850231;  Ýþ Saðlýðý ve Güvenliði;2;TYT;30;1;;1;3;;1416187;263.96270;;
106850055;  Makine;2;TYT;30;1;;1;3;;1745257;244.71883;;
106870266;  Özel Güvenlik ve Koruma;2;TYT;75;2;;2;8;2;1539456;256.59669;;
106870281;  Tapu ve Kadastro;2;TYT;50;2;;2;5;;1264491;273.40348;;
106850222;  Týbbi ve Aromatik Bitkiler;2;TYT;20;1;;1;2;;1936233;234.09982;;
106850204;  Yapý Denetimi;2;TYT;30;1;;1;3;;1896437;236.27786;;
;Turizm ve Otelcilik Meslek Yüksekokulu;;;;;;;;;;;;
106850267;  Aþçýlýk;2;TYT;60;2;;2;6;;1437018;262.69673;;
106850197;  Turizm ve Otel Ýþletmeciliði;2;TYT;25;1;;1;3;;1780328;242.74432;;
;KOCAELÝ ÜNÝVERSÝTESÝ (Devlet Üniversitesi);;;;;;;;;;;;YÖKAK
;Ali Rýza Veziroðlu Meslek Yüksekokulu;;;;;;;;;;;;
106990627;  Emlak Yönetimi;2;TYT;65;2;;2;;;1521427;257.65605;;
106951458;  Ýþletme Yönetimi;2;TYT;35;1;;1;;;1205320;277.22498;;
106951652;  Ýþletme Yönetimi (Uzaktan Öðretim);2;TYT;35;1;;1;;7;1525188;257.42982;;
106951334;  Muhasebe ve Vergi Uygulamalarý;2;TYT;30;1;;1;;;1241144;274.90485;;
106951925;  Muhasebe ve Vergi Uygulamalarý (Uzaktan Öðretim);2;TYT;100;3;;3;;7;1568351;254.90332;;
106951291;  Pazarlama;2;TYT;30;1;;1;;;1428187;263.22339;;
106950893;  Yerel Yönetimler;2;TYT;65;2;;2;;;1486843;259.70968;;
;Deðirmendere Ali Özbay Meslek Yüksekokulu;;;;;;;;;;;;
106951201;  Kuyumculuk ve Taký Tasarýmý;2;TYT;40;1;;1;;;1421342;263.64462;;
106990615;  Seramik ve Cam Tasarýmý;2;TYT;30;1;;1;;;1146158;281.11941;;
;Ford Otosan Ýhsaniye Otomotiv Meslek Yüksekokulu;;;;;;;;;;;;
106952023;  Endüstriyel Kalýpçýlýk;2;TYT;35;1;;1;;;1120174;282.86364;;
106990785;  Ýmalat Yürütme Sistemleri Operatörlüðü;2;TYT;30;1;;1;;320;838975;303.48870;;
106990613;  Makine Resim ve Konstrüksiyonu;2;TYT;45;2;;2;;;994042;291.65454;;
106990629;  Otomotiv Gövde ve Yüzey Ýþlem Teknolojileri;2;TYT;35;1;;1;;;973585;293.14358;;
106952041;  Otomotiv Teknolojisi;2;TYT;50;2;;2;;;526409;334.04953;;
106990792;  Robotik ve Yapay Zeka;2;TYT;30;1;;1;;320;350329;360.68138;;
;Gazanfer Bilge Meslek Yüksekokulu;;;;;;;;;;;;
106951679;  Büro Yönetimi ve Yönetici Asistanlýðý;2;TYT;40;1;;1;;;1410375;264.32646;;
106951273;  Halkla Ýliþkiler ve Tanýtým;2;TYT;80;2;;2;;;1473184;260.51707;;
106951467;  Ýþletme Yönetimi;2;TYT;35;1;;1;;;1484838;259.82694;;
106951343;  Muhasebe ve Vergi Uygulamalarý;2;TYT;30;1;;1;;;1464197;261.06044;;
;Gölcük Meslek Yüksekokulu;;;;;;;;;;;;
106950618;  Dýþ Ticaret;2;TYT;40;1;;1;;;1142025;281.39934;;
106950627;  Makine;2;TYT;75;2;;2;;;1045731;287.98040;;
106951413;  Otomotiv Teknolojisi;2;TYT;90;3;;3;;;948564;295.00310;;
;Hereke Asým Kocabýyýk Meslek Yüksekokulu;;;;;;;;;;;;
106950706;  Boya Teknolojisi;2;TYT;30;1;;1;;;1563672;255.17867;;
106990876;  Çevresel Ölçüm ve Ýzleme Sistemleri Teknikerliði;2;TYT;60;2;;2;;;...;----;;
106990883;  Çevresel Ölçüm ve Ýzleme Sistemleri Teknikerliði (KKTC Uyruklu);2;TYT;1;;;;;5;...;----;;
106951555;  Elektronik Teknolojisi;2;TYT;50;2;;2;;;982471;292.48733;;
106951616;  Ýnþaat Teknolojisi;2;TYT;40;1;;1;;;1258475;273.78444;;
106950769;  Kozmetik Teknolojisi;2;TYT;25;1;;1;;;1309527;270.56127;;
106950566;  Makine;2;TYT;60;2;;2;;;837047;303.64088;;
106950575;  Mekatronik;2;TYT;60;2;;2;;;640856;321.36010;;
106951625;  Metalurji;2;TYT;35;1;;1;;;1346370;268.28152;;
106951255;  Tekstil Teknolojisi;2;TYT;30;1;;1;;;1610993;252.41240;;
;Hereke Ömer Ýsmet Uzunyol Meslek Yüksekokulu;;;;;;;;;;;;
106951688;  Büro Yönetimi ve Yönetici Asistanlýðý;2;TYT;35;1;;1;;;1232088;275.48720;;
106950724;  Dýþ Ticaret;2;TYT;40;1;;1;;;1219198;276.33242;;
106950733;  Fotoðrafçýlýk ve Kameramanlýk;2;TYT;40;1;;1;;;1136944;281.74613;;
106951519;  Ýnsan Kaynaklarý Yönetimi;2;TYT;40;1;;1;;;1091354;284.81683;;
106951449;  Ýþletme Yönetimi;2;TYT;35;1;;1;;;1377557;266.33636;;
106950778;  Lojistik;2;TYT;80;2;;2;;;931552;296.27564;;
106951361;  Muhasebe ve Vergi Uygulamalarý;2;TYT;30;1;;1;;;1400355;264.93958;;
106951961;  Özel Güvenlik ve Koruma;2;TYT;80;;;;;2;1347501;268.21093;;
;Ýzmit Meslek Yüksekokulu;;;;;;;;;;;;
106951176;  Çevre Koruma ve Kontrol;2;TYT;50;2;;2;;;1340866;268.61826;;
106950812;  Gýda Teknolojisi;2;TYT;35;1;;1;;;1066004;286.55866;;
106950866;  Ýþ Saðlýðý ve Güvenliði;2;TYT;30;1;;1;;;830589;304.16720;;
106951194;  Sivil Savunma ve Ýtfaiyecilik;2;TYT;65;2;;;;9;711502;314.53848;;
106950821;  Týbbi ve Aromatik Bitkiler;2;TYT;50;2;;2;;;1242149;274.83624;;
;Kandýra Meslek Yüksekokulu;;;;;;;;;;;;
106951316;  Bankacýlýk ve Sigortacýlýk;2;TYT;30;1;;1;;;1322637;269.75020;;
106990696;  Bankacýlýk ve Sigortacýlýk (KKTC Uyruklu);2;TYT;1;;;;;5;;;;
106951264;  Halkla Ýliþkiler ve Tanýtým;2;TYT;80;2;;2;;;1670160;248.99276;;
106951476;  Ýþletme Yönetimi;2;TYT;35;1;;1;;;1590466;253.61002;;
;Karamürsel Denizcilik Meslek Yüksekokulu;;;;;;;;;;;;
106990806;  Deniz Ulaþtýrma ve Ýþletme;2;TYT;35;1;;1;;11;729083;312.92714;;
106990813;  Deniz Ulaþtýrma ve Ýþletme (KKTC Uyruklu);2;TYT;1;;;;;5, 11;1600409;253.02770;;
106990820;  Deniz ve Liman Ýþletmeciliði;2;TYT;35;1;;1;;11;1023149;289.56920;;
106990827;  Deniz ve Liman Ýþletmeciliði (KKTC Uyruklu);2;TYT;1;;;;;5, 11;1607287;252.63224;;
106990834;  Elektronik Teknolojisi;2;TYT;45;2;;2;;;1140388;281.50810;;
106990841;  Gemi Ýnþaatý;2;TYT;70;2;;2;;;784042;308.07079;;
106990848;  Gemi Makineleri Ýþletmeciliði;2;TYT;35;1;;1;;11;727417;313.07427;;
106990855;  Mekatronik;2;TYT;60;2;;2;;;801989;306.54075;;
;Kartepe Atçýlýk Meslek Yüksekokulu;;;;;;;;;;;;
106990560;  Atçýlýk ve Antrenörlüðü;2;TYT;30;1;;1;;;1170214;279.51063;;
;Kartepe Turizm Meslek Yüksekokulu;;;;;;;;;;;;
106950399;  Turist Rehberliði;2;TYT;60;2;;2;;;945263;295.25729;;
106950406;  Turizm ve Otel Ýþletmeciliði;2;TYT;30;1;;1;;;1339248;268.71833;;
106951582;  Turizm ve Seyahat Hizmetleri;2;TYT;25;1;;1;;;1486792;259.71273;;
;Kocaeli Meslek Yüksekokulu;;;;;;;;;;;;
106950178;  Bilgisayar Programcýlýðý;2;TYT;70;2;;2;;;381248;355.08356;;
106952005;  Bilgisayar Programcýlýðý (Uzaktan Öðretim);2;TYT;140;4;;4;;7, 8;734975;312.37611;;
106951079;  Biyomedikal Cihaz Teknolojisi;2;TYT;30;1;;1;;;858605;301.87920;;
106950036;  Elektrik;2;TYT;70;2;;2;;;675446;317.93736;;
106951528;  Elektronik Haberleþme Teknolojisi;2;TYT;50;2;;2;;;991981;291.80375;;
106951537;  Elektronik Teknolojisi;2;TYT;55;2;;2;;;850538;302.54894;;
106951494;  Ýklimlendirme ve Soðutma Teknolojisi;2;TYT;50;2;;2;;;1403166;264.77285;;
106951607;  Ýnþaat Teknolojisi;2;TYT;40;1;;1;;;990729;291.89353;;
106990904;  Kimya Teknolojisi;2;TYT;50;2;;2;;;900553;298.61479;;
106951546;  Kontrol ve Otomasyon Teknolojisi;2;TYT;50;2;;2;;;703386;315.28839;;
106990484;  Kontrol ve Otomasyon Teknolojisi (KKTC Uyruklu);2;TYT;1;;;;;5;;;;
106950115;  Makine;2;TYT;65;2;;2;;;667256;318.74157;;
106990617;  Polimer Teknolojisi;2;TYT;50;2;;2;;;1431738;263.00781;;
106951404;  Rafineri ve Petro-Kimya Teknolojisi;2;TYT;20;1;;1;;;1278307;272.51749;;
;Kocaeli Saðlýk Hizmetleri Meslek Yüksekokulu;;;;;;;;;;;;
106951722;  Anestezi;2;TYT;50;2;;2;;;342751;362.12099;;
106951713;  Ýlk ve Acil Yardým;2;TYT;45;2;;2;;;409874;350.36220;;
106951158;  Ýþ ve Uðraþý Terapisi;2;TYT;60;2;;2;;;765925;309.63197;;
106951988;  Podoloji;2;TYT;50;2;;2;;;714148;314.29443;;
106990485;  Podoloji (KKTC Uyruklu);2;TYT;1;;;;;5;1339126;268.72496;;
106950187;  Týbbi Dokümantasyon ve Sekreterlik;2;TYT;30;1;;1;;;496366;337.90599;;
106951704;  Týbbi Görüntüleme Teknikleri;2;TYT;40;1;;1;;;434955;346.48743;;
106951591;  Týbbi Laboratuvar Teknikleri;2;TYT;50;2;;2;;;501868;337.18494;;
;Uzunçiftlik Nuh Çimento Meslek Yüksekokulu;;;;;;;;;;;;
106990562;  Alternatif Enerji Kaynaklarý Teknolojisi;2;TYT;30;1;;1;;;1070887;286.22026;;
106951916;  Kaynak Teknolojisi;2;TYT;40;1;;1;;;1428499;263.20376;;
106951167;  Makine;2;TYT;40;1;;1;;;977756;292.83688;;
106990612;  Makine Resim ve Konstrüksiyonu;2;TYT;40;1;;1;;;1161505;280.09535;;
;KONYA TEKNÝK ÜNÝVERSÝTESÝ (Devlet Üniversitesi);;;;;;;;;;;;
;Teknik Bilimler Meslek Yüksekokulu;;;;;;;;;;;;
111352089;  Ayakkabý Tasarým ve Üretimi;2;TYT;25;1;;1;;;1728352;245.67975;;
111372220;  Basým ve Yayým Teknolojileri;2;TYT;30;1;;1;;;1389353;265.61864;;
111350612;  Bilgisayar Programcýlýðý;2;TYT;65;2;;2;;;512332;335.83437;;
111350427;  Elektrik;2;TYT;65;2;;2;;;911844;297.75655;;
111352405;  Elektronik Haberleþme Teknolojisi;2;TYT;50;2;;2;;;1321826;269.79784;;
111352414;  Elektronik Teknolojisi;2;TYT;50;2;;2;;;1075551;285.89701;;
111350463;  Gýda Teknolojisi;2;TYT;35;1;;1;;;1192801;278.03646;;
111353306;  Giyim Üretim Teknolojisi;2;TYT;30;1;;1;;;1507805;258.45812;;
111372244;  Giyim Üretim Teknolojisi (KKTC Uyruklu);2;TYT;1;;;;;5;;;;
111350472;  Harita ve Kadastro;2;TYT;30;1;;1;;;1066438;286.52858;;
111352362;  Ýklimlendirme ve Soðutma Teknolojisi;2;TYT;40;1;;1;;;1635189;251.00541;;
111352583;  Ýnþaat Teknolojisi;2;TYT;40;1;;1;;;1182529;278.70290;;
111372218;  Ýþ Saðlýðý ve Güvenliði;2;TYT;30;1;;1;;;1030136;289.07217;;
111352238;  Kimya Teknolojisi;2;TYT;20;1;;1;;;1171407;279.43374;;
111352423;  Kontrol ve Otomasyon Teknolojisi;2;TYT;40;1;;1;;;800210;306.69038;;
111372237;  Kuyumculuk ve Taký Tasarýmý;2;TYT;25;1;;1;;;1501433;258.83109;;
111350515;  Makine;2;TYT;80;2;;2;;;921002;297.07052;;
111372219;  Makine Resim ve Konstrüksiyonu;2;TYT;40;1;;1;;;1103395;284.01014;;
111350533;  Mobilya ve Dekorasyon;2;TYT;30;1;;1;;;1621830;251.77933;;
111372216;  Nükleer Teknoloji ve Radyasyon Güvenliði;2;TYT;40;1;;1;;;1263993;273.43482;;
111352574;  Tarým Makineleri;2;TYT;30;1;;1;;;1572789;254.64766;;
111352829;  Yapý Yalýtým Teknolojisi;2;TYT;30;1;;1;;;1754958;244.17660;;
;KÜTAHYA DUMLUPINAR ÜNÝVERSÝTESÝ (Devlet Üniversitesi);;;;;;;;;;;;
;Altýntaþ Meslek Yüksekokulu;;;;;;;;;;;;
103251702;  Gýda Kalite Kontrolü ve Analizi;2;TYT;30;1;;1;;;1807155;241.24262;;
103250458;  Gýda Teknolojisi;2;TYT;30;1;;1;;;1715154;246.43189;;
103252057;  Laboratuvar Teknolojisi;2;TYT;30;1;;1;;;1136573;281.77063;;
103290183;  Posta Hizmetleri;2;TYT;50;2;;2;;;1985654;231.42057;;
;Çavdarhisar Meslek Yüksekokulu;;;;;;;;;;;;
103290202;  Turist Rehberliði;2;TYT;30;1;;1;;;1686336;248.06760;;
;Domaniç Hayme Ana Meslek Yüksekokulu;;;;;;;;;;;;
103252093;  Bankacýlýk ve Sigortacýlýk;2;TYT;25;1;;1;;;1890128;236.63245;;
103251747;  Lojistik;2;TYT;40;1;;1;;;1938440;233.98007;;
103290193;  Sosyal Güvenlik;2;TYT;55;2;;2;;;1849026;238.90987;;
;Dumlupýnar Meslek Yüksekokulu;;;;;;;;;;;;
103290215;  Alternatif Enerji Kaynaklarý Teknolojisi;2;TYT;40;1;;1;;;1727516;245.72913;;
103290233;  Çocuk Geliþimi;2;TYT;30;1;;1;;;958980;294.23214;;
;Emet Meslek Yüksekokulu;;;;;;;;;;;;
103250988;  Çocuk Geliþimi;2;TYT;35;1;;1;;;1263159;273.48987;;
103251208;  Kimya Teknolojisi;2;TYT;20;1;;1;;;1655569;249.83306;;
103251932;  Maliye;2;TYT;30;1;;1;;;1907063;235.69726;;
103290289;  Metalurji;2;TYT;30;1;;1;;;...;----;;
103251941;  Saðlýk Kurumlarý Ýþletmeciliði;2;TYT;30;1;;1;;;1666377;249.21429;;
103290190;  Sosyal Hizmetler;2;TYT;30;1;;1;;;1469270;260.75378;;
;Gediz Meslek Yüksekokulu;;;;;;;;;;;;
103251589;  Bankacýlýk ve Sigortacýlýk;2;TYT;25;1;;1;;;1887437;236.77925;;
103251668;  Bilgisayar Programcýlýðý;2;TYT;60;2;;2;;;1143252;281.31389;;
103252003;  Büro Yönetimi ve Yönetici Asistanlýðý;2;TYT;25;1;;1;;;1662312;249.44631;;
103290170;  Grafik Tasarýmý;2;TYT;70;2;;2;;;1452182;261.78684;;
103251871;  Ýþ Saðlýðý ve Güvenliði;2;TYT;30;1;;1;;;1529745;257.16528;;
103251571;  Lojistik;2;TYT;30;1;;1;;;1905802;235.76441;;
103290225;  Mekatronik;2;TYT;40;1;;1;;;1427123;263.29001;;
103250564;  Moda Tasarýmý;2;TYT;30;1;;1;;;1752849;244.29607;;
103252012;  Saðlýk Kurumlarý Ýþletmeciliði;2;TYT;30;1;;1;;;1692233;247.73471;;
103290199;  Týbbi Laboratuvar Teknikleri;2;TYT;50;2;;2;;;665610;318.89894;;
103252021;  Týbbi Tanýtým ve Pazarlama;2;TYT;45;2;;2;;;1811242;241.01364;;
;Hisarcýk Meslek Yüksekokulu;;;;;;;;;;;;
103252084;  Bankacýlýk ve Sigortacýlýk;2;TYT;25;1;;1;;;1915603;235.23030;;
103290196;  Ceza Ýnfaz ve Güvenlik Hizmetleri;2;TYT;50;2;;2;;17;939483;295.68477;;
103251774;  Halkla Ýliþkiler ve Tanýtým;2;TYT;25;1;;1;;;1902002;235.97716;;
103251783;  Ýnsan Kaynaklarý Yönetimi;2;TYT;30;1;;1;;;1818142;240.62957;;
103252118;  Ýþ Saðlýðý ve Güvenliði;2;TYT;30;1;;1;;;1702573;247.14426;;
103251465;  Lojistik;2;TYT;30;1;;1;;;1890528;236.60897;;
103290213;  Tapu ve Kadastro;2;TYT;40;1;;1;;;1382277;266.05323;;
;Kütahya Güzel Sanatlar Meslek Yüksekokulu;;;;;;;;;;;;
103290175;  Çini Sanatý ve Tasarýmý;2;TYT;20;1;;1;;;1752854;244.29574;;
103290226;  Eser Koruma;2;TYT;30;1;;1;;;1953007;233.18875;;
103251023;  Geleneksel El Sanatlarý;2;TYT;20;1;;1;;;1586614;253.83496;;
103251553;  Grafik Tasarýmý;2;TYT;55;2;;2;;;1006068;290.79747;;
103251898;  Ýç Mekan Tasarýmý;2;TYT;50;2;;2;;;1255400;273.98452;;
103251835;  Mimari Dekoratif Sanatlar;2;TYT;60;2;;2;;;1883264;237.01064;;
103251095;  Mimari Restorasyon;2;TYT;40;1;;1;;;1708787;246.79213;;
;Kütahya Sosyal Bilimler Meslek Yüksekokulu;;;;;;;;;;;;
103251544;  Bankacýlýk ve Sigortacýlýk;2;TYT;25;1;;1;;;1373106;266.60924;;
103251492;  Büro Yönetimi ve Yönetici Asistanlýðý;2;TYT;35;1;;1;;;1325085;269.59757;;
103290173;  Çaðrý Merkezi Hizmetleri;2;TYT;55;2;;2;;;1436352;262.73466;;
103251068;  Dýþ Ticaret;2;TYT;40;1;;1;;;1538451;256.65693;;
103290201;  Emlak Yönetimi;2;TYT;55;2;;2;;;1812687;240.93260;;
103251298;  Ýþletme Yönetimi;2;TYT;35;1;;1;;;1619403;251.91934;;
103290296;  Karayolu Yük Taþýtý Sürücülüðü;2;TYT;25;1;;1;;;...;----;;
103251756;  Lojistik;2;TYT;55;2;;2;;;1519898;257.74283;;
103251102;  Muhasebe ve Vergi Uygulamalarý;2;TYT;30;1;;1;;;1512670;258.16669;;
103251005;  Otobüs Kaptanlýðý;2;TYT;25;1;;1;;;1676066;248.65219;;
103250361;  Pazarlama;2;TYT;30;1;;1;;;1681632;248.33494;;
103290184;  Turist Rehberliði;2;TYT;60;2;;2;;;1309394;270.56916;;
103251359;  Turizm ve Seyahat Hizmetleri;2;TYT;25;1;;1;;;1646151;250.37085;;
;Kütahya Teknik Bilimler Meslek Yüksekokulu;;;;;;;;;;;;
103251526;  Bilgisayar Operatörlüðü;2;TYT;50;2;;2;;;1103760;283.98559;;
103290303;  Bilgisayar Operatörlüðü (KKTC Uyruklu);2;TYT;1;;;;;5;...;----;;
103251386;  Bilgisayar Programcýlýðý;2;TYT;60;2;;2;;;672592;318.22020;;
103250255;  Elektrik;2;TYT;50;2;;2;;;1134220;281.92693;;
103251305;  Elektronik Teknolojisi;2;TYT;40;1;;1;;;1315839;270.16432;;
103290254;  Elektronik Teknolojisi (KKTC Uyruklu);2;TYT;1;;;;;5;2322534;213.07725;;
103251402;  Ýnþaat Teknolojisi;2;TYT;40;1;;1;;;1727423;245.73371;;
103251192;  Kimya Teknolojisi;2;TYT;20;1;;1;;;1342965;268.49209;;
103250316;  Makine;2;TYT;60;2;;2;;;1196528;277.79660;;
103251535;  Mekatronik;2;TYT;40;1;;1;;;981906;292.52963;;
103290310;  Ön-Yüz Yazýlým Geliþtirme;2;TYT;30;1;;1;;320;...;----;;
103252066;  Sivil Savunma ve Ýtfaiyecilik;2;TYT;60;2;;;;9;850862;302.52381;;
103251914;  Yapý Denetimi;2;TYT;40;1;;1;;;1790064;242.19565;;
;Pazarlar Meslek Yüksekokulu;;;;;;;;;;;;
103290261;  Aþçýlýk;2;TYT;30;1;;1;;;1252439;274.16947;;
103251438;  Gýda Teknolojisi;2;TYT;35;1;;1;;;1880911;237.13839;;
103251995;  Ýþ Saðlýðý ve Güvenliði;2;TYT;30;1;;1;;;1765155;243.59910;;
103290200;  Makine Resim ve Konstrüksiyonu;2;TYT;40;1;;1;;;1773372;243.14330;;
103290198;  Saðlýk Bilgi Sistemleri Teknikerliði;2;TYT;60;2;;2;;;1513822;258.09655;;
103290317;  Tele-Saðlýk Teknikerliði;2;TYT;30;1;;1;;;...;----;;
;Simav Meslek Yüksekokulu;;;;;;;;;;;;
103290324;  Akýllý Sera Teknolojileri;2;TYT;30;1;;1;;;...;----;;
103250661;  Bankacýlýk ve Sigortacýlýk;2;TYT;25;1;;1;;;1851841;238.75073;;
103251395;  Bilgisayar Programcýlýðý;2;TYT;60;2;;2;;;1184000;278.61075;;
103251959;  Biyomedikal Cihaz Teknolojisi;2;TYT;30;1;;1;;;1408136;264.46399;;
103250688;  Elektrik;2;TYT;60;2;;2;;;1491496;259.42464;;
103251968;  Ýç Mekan Tasarýmý;2;TYT;40;1;;1;;;1820699;240.48764;;
103251808;  Ýnsan Kaynaklarý Yönetimi;2;TYT;40;1;;1;;;1782463;242.62196;;
103251977;  Laboratuvar Teknolojisi;2;TYT;30;1;;1;;;1062482;286.80451;;
103251826;  Lojistik;2;TYT;40;1;;1;;;1886917;236.80779;;
103251792;  Mekatronik;2;TYT;40;1;;1;;;1470433;260.68238;;
103290186;  Saðlýk Turizmi Ýþletmeciliði;2;TYT;35;1;;1;;;1763018;243.71910;;
;Þaphane Meslek Yüksekokulu;;;;;;;;;;;;
103290214;  Acil Durum ve Afet Yönetimi;2;TYT;55;2;;2;;;984512;292.34240;;
103250997;  Bankacýlýk ve Sigortacýlýk;2;TYT;25;1;;1;;;1819888;240.53279;;
103290331;  Çocuk Geliþimi;2;TYT;40;1;;1;;;...;----;;
103290338;  Dijital Tarým Teknolojileri;2;TYT;30;1;;1;;;...;----;;
103290268;  Mahkeme Büro Hizmetleri;2;TYT;30;1;;1;;;1078389;285.69933;;
103290345;  Meyve ve Sebze Ýþleme Teknolojisi;2;TYT;30;1;;1;;;...;----;;
103290189;  Sosyal Hizmetler;2;TYT;30;1;;1;;;1603981;252.82080;;
;Tavþanlý Meslek Yüksekokulu;;;;;;;;;;;;
103250882;  Bilgisayar Programcýlýðý;2;TYT;60;2;;2;;;1042434;288.21116;;
103290181;  Biyomedikal Cihaz Teknolojisi;2;TYT;30;1;;1;;;1267899;273.18308;;
103251517;  Büro Yönetimi ve Yönetici Asistanlýðý;2;TYT;30;1;;1;;;1631790;251.20072;;
103251077;  Dýþ Ticaret;2;TYT;20;1;;1;;;1772620;243.18433;;
103250828;  Harita ve Kadastro;2;TYT;30;1;;1;;;1494729;259.23339;;
103290352;  Ýmalat Yürütme Sistemleri Operatörlüðü;2;TYT;30;1;;1;;320;...;----;;
103251605;  Ýnternet ve Að Teknolojileri;2;TYT;50;2;;2;;;1614622;252.20004;;
103250961;  Lojistik;2;TYT;35;1;;1;;;1860086;238.29749;;
103250846;  Makine;2;TYT;40;1;;1;;;1402126;264.83507;;
103251183;  Muhasebe ve Vergi Uygulamalarý;2;TYT;30;1;;1;;;1738529;245.10283;;
103251474;  Otomotiv Teknolojisi;2;TYT;30;1;;1;;;1438822;262.58659;;
;KÜTAHYA SAÐLIK BÝLÝMLERÝ ÜNÝVERSÝTESÝ (Devlet Üniversitesi);;;;;;;;;;;;
;Gediz Saðlýk Hizmetleri Meslek Yüksekokulu;;;;;;;;;;;;
111490198;  Çocuk Geliþimi;2;TYT;35;1;;1;;;1169748;279.54030;;
111490237;  Eczane Hizmetleri;2;TYT;35;1;;1;;;778339;308.56716;;
111490171;  Ýlk ve Acil Yardým;2;TYT;45;2;;2;;;521844;334.62048;;
111490314;  Tele-Saðlýk Teknikerliði;2;TYT;30;1;;1;;;...;----;;
111451677;  Týbbi Dokümantasyon ve Sekreterlik;2;TYT;30;1;;1;;;680140;317.48522;;
111490321;  Týbbi Veri Ýþleme Teknikerliði;2;TYT;30;1;;1;;;...;----;;
;Kütahya Meslek Yüksekokulu;;;;;;;;;;;;
111490258;  Anestezi;2;TYT;40;1;;1;;;373456;356.48007;;
111490293;  Biyomedikal Cihaz Teknolojisi;2;TYT;30;1;;1;;;1149222;280.91096;;
111490272;  Diþ Protez Teknolojisi;2;TYT;40;1;;1;;;472697;341.08359;;
111490244;  Hasta Bakýmý;2;TYT;40;1;;1;;31;1065656;286.58386;;
111490328;  Yapay Zeka Operatörlüðü;2;TYT;40;1;;1;;320;...;----;;
;Simav Saðlýk Hizmetleri Meslek Yüksekokulu;;;;;;;;;;;;
111490335;  Dijital Saðlýk Sistemleri Teknikerliði;2;TYT;30;1;;1;;;...;----;;
111490169;  Fizyoterapi;2;TYT;40;1;;1;;;742012;311.74280;;
111490342;  Kozmetik Teknolojisi;2;TYT;30;1;;1;;;...;----;;
111490265;  Optisyenlik;2;TYT;40;1;;1;;;849764;302.61180;;
111490199;  Týbbi Görüntüleme Teknikleri;2;TYT;40;1;;1;;;548666;331.39192;;
111451905;  Týbbi Laboratuvar Teknikleri;2;TYT;50;2;;2;;;665915;318.86882;;
111490188;  Yaþlý Bakýmý;2;TYT;60;2;;2;;;1099920;284.24301;;
;Tavþanlý Saðlýk Hizmetleri Meslek Yüksekokulu;;;;;;;;;;;;
111490235;  Aðýz ve Diþ Saðlýðý;2;TYT;40;1;;1;;;555919;330.54464;;
111490201;  Dezenfeksiyon, Sterilizasyon ve Antisepsi Teknikerliði;2;TYT;40;1;;1;;;960405;294.12614;;
111490200;  Fizyoterapi;2;TYT;40;1;;1;;;719085;313.84977;;
111490236;  Ýþ ve Uðraþý Terapisi;2;TYT;40;1;;1;;;996402;291.47996;;
111490307;  Odyometri;2;TYT;30;1;;1;;;776584;308.72672;;
111490349;  Tele-Saðlýk Teknikerliði;2;TYT;30;1;;1;;;...;----;;
111490356;  Týbbi Veri Ýþleme Teknikerliði;2;TYT;30;1;;1;;;...;----;;
;MALATYA TURGUT ÖZAL ÜNÝVERSÝTESÝ (Devlet Üniversitesi);;;;;;;;;;;;
;Akçadað Meslek Yüksekokulu;;;;;;;;;;;;
111550363;  Bilgisayar Programcýlýðý;2;TYT;45;2;;2;5;;1325756;269.55624;;
111550724;  Ýþletme Yönetimi;2;TYT;25;1;;1;3;;1914176;235.31087;;
111570292;  Laborant ve Veteriner Saðlýk;2;TYT;30;1;;1;3;;1037013;288.58943;;
111570299;  Sivil Hava Ulaþtýrma Ýþletmeciliði;2;TYT;35;1;;1;4;10;1268367;273.15317;;
;Arapgir Meslek Yüksekokulu;;;;;;;;;;;;
111550857;  Bankacýlýk ve Sigortacýlýk;2;TYT;30;1;;1;3;;1911985;235.42958;;
111570296;  Bilgisayar Programcýlýðý;2;TYT;50;2;;2;5;;1606060;252.70052;;
111550884;  Büro Yönetimi ve Yönetici Asistanlýðý;2;TYT;30;1;;1;3;;1671770;248.90506;;
111570294;  Elektrik;2;TYT;50;2;;2;5;;1648398;250.24260;;
111570320;  Ýþ Makineleri Operatörlüðü;2;TYT;30;1;;1;3;;1622600;251.73388;;
111570300;  Mekatronik;2;TYT;40;1;;1;4;;1727512;245.72953;;
111570321;  Mimari Restorasyon;2;TYT;30;1;;1;3;;1955446;233.05659;;
111550672;  Muhasebe ve Vergi Uygulamalarý;2;TYT;25;1;;1;3;;1853514;238.66012;;
111550681;  Otomotiv Teknolojisi;2;TYT;30;1;;1;3;;1807265;241.23711;;
;Battalgazi Meslek Yüksekokulu;;;;;;;;;;;;
111570525;  Akýllý Sera Teknolojileri;2;TYT;30;1;;1;3;;...;----;;
111570483;  Atçýlýk ve Antrenörlüðü;2;TYT;35;1;;1;4;;2024183;229.34867;;
111550706;  Bahçe Tarýmý;2;TYT;40;1;;1;4;;1929012;234.49556;;
111570285;  Basým ve Yayým Teknolojileri;2;TYT;40;1;;1;4;;1971419;232.19129;;
111570532;  Dijital Tarým Teknolojileri;2;TYT;30;1;;1;3;;...;----;;
111570284;  Peyzaj ve Süs Bitkileri Yetiþtiriciliði;2;TYT;30;1;;1;3;;2004060;230.42374;;
111551131;  Týbbi ve Aromatik Bitkiler;2;TYT;30;1;;1;3;;1937553;234.02898;;
111550469;  Yerel Yönetimler;2;TYT;40;1;;1;4;;1830012;239.96872;;
;Darende Bekir Ilýcak Meslek Yüksekokulu;;;;;;;;;;;;
111550936;  Gýda Teknolojisi;2;TYT;35;1;;1;4;;1962259;232.68162;;
111551158;  Harita ve Kadastro;2;TYT;30;1;;1;3;;1627567;251.44558;;
111551061;  Ýnþaat Teknolojisi;2;TYT;35;1;;1;4;;1962030;232.69526;;
111551079;  Optisyenlik;2;TYT;40;1;;1;4;;1123122;282.66537;;
111570539;  Yeþil ve Ekolojik Bina Teknikerliði;2;TYT;30;1;;1;3;;...;----;;
;Doðanþehir Vahap Küçük Meslek Yüksekokulu;;;;;;;;;;;;
111551176;  Bilgisayar Programcýlýðý;2;TYT;50;2;;2;5;;1611869;252.36265;;
111570280;  Çaðrý Merkezi Hizmetleri;2;TYT;40;1;;1;4;;1705366;246.98519;;
111551185;  Dýþ Ticaret;2;TYT;30;1;;1;3;;1921632;234.89577;;
111570281;  Sivil Savunma ve Ýtfaiyecilik;2;TYT;40;1;;;4;9;981047;292.59115;;
111570295;  Sosyal Güvenlik;2;TYT;30;1;;1;3;;1647026;250.31949;;
;Hekimhan Mehmet Emin Sungur Meslek Yüksekokulu;;;;;;;;;;;;
111570297;  Ýç Mekan Tasarýmý;2;TYT;30;1;;1;3;;1863996;238.08395;;
111551052;  Ýþ Saðlýðý ve Güvenliði;2;TYT;30;1;;1;3;;1661691;249.48237;;
111570293;  Madencilik Teknolojisi;2;TYT;20;1;;1;2;;1947335;233.50046;;
111550645;  Sondaj Teknolojisi;2;TYT;30;1;;1;3;;...;----;;
111551043;  Yapý Denetimi;2;TYT;30;1;;1;3;;1989589;231.20212;;
;Kale Turizm ve Otel Ýþletmeciliði Meslek Yüksekokulu;;;;;;;;;;;;
111570283;  Aþçýlýk;2;TYT;50;2;;2;5;;1286790;271.99067;;
111551149;  Turist Rehberliði;2;TYT;35;1;;1;4;;1790633;242.16562;;
111550521;  Turizm ve Otel Ýþletmeciliði;2;TYT;30;1;;1;3;;1818838;240.59081;;
;Saðlýk Hizmetleri Meslek Yüksekokulu;;;;;;;;;;;;
111570329;  Çocuk Geliþimi;2;TYT;30;1;;1;3;;967712;293.58079;;
111570298;  Týbbi Laboratuvar Teknikleri;2;TYT;30;1;;1;3;;620885;323.40294;;
111570546;  Týbbi Veri Ýþleme Teknikerliði;2;TYT;30;1;;1;3;;...;----;;
;Yeþilyurt Meslek Yüksekokulu;;;;;;;;;;;;
111551088;  Biyomedikal Cihaz Teknolojisi;2;TYT;30;1;;1;3;;1296917;271.35015;;
111570490;  Endüstriyel Cam ve Seramik;2;TYT;25;1;;1;3;;2058465;227.47297;;
111550918;  Giyim Üretim Teknolojisi;2;TYT;20;1;;1;2;;1906945;235.70322;;
111570511;  Ýnsansýz Hava Aracý Teknolojisi ve Operatörlüðü;2;TYT;25;1;;1;3;;616328;323.88152;;
111551167;  Moda Tasarýmý;2;TYT;40;1;;1;4;;1592032;253.51874;;
111570291;  Otomotiv Teknolojisi;2;TYT;30;1;;1;3;;1525377;257.41834;;
111570497;  Raylý Sistemler Makine Teknolojisi;2;TYT;25;1;;1;3;6;884444;299.85342;;
111570553;  Yenilenebilir Enerji Teknikerliði;2;TYT;25;1;;1;3;;...;----;;
;MANÝSA CELÂL BAYAR ÜNÝVERSÝTESÝ (Devlet Üniversitesi);;;;;;;;;;;;YÖKAK
;Ahmetli Meslek Yüksekokulu;;;;;;;;;;;;
102550952;  Bankacýlýk ve Sigortacýlýk;2;TYT;30;1;;1;;;1521432;257.65543;;
102550864;  Büro Yönetimi ve Yönetici Asistanlýðý;2;TYT;40;1;;1;;;1631915;251.19349;;
102551183;  Ýnsan Kaynaklarý Yönetimi;2;TYT;40;1;;1;;;1516726;257.92894;;
102551314;  Ýnsan Kaynaklarý Yönetimi (Uzaktan Öðretim);2;TYT;60;2;;2;;7;1340282;268.65700;;
102550652;  Muhasebe ve Vergi Uygulamalarý;2;TYT;30;1;;1;;;1618579;251.96752;;
;Akhisar Meslek Yüksekokulu;;;;;;;;;;;;
102551147;  Bilgisayar Programcýlýðý;2;TYT;70;2;;2;;;828824;304.31170;;
102551226;  Elektrik;2;TYT;40;1;;1;;;1229288;275.66876;;
102590271;  Kümes Hayvanlarý Yetiþtiriciliði;2;TYT;20;1;;1;;;1891091;236.57596;;
102590275;  Laboratuvar Teknolojisi;2;TYT;40;1;;1;;;896841;298.89778;;
102590276;  Makine;2;TYT;30;1;;1;;;1182435;278.70894;;
102550846;  Pazarlama;2;TYT;40;1;;1;;;1805100;241.35553;;
102550697;  Zeytincilik ve Zeytin Ýþleme Teknolojisi;2;TYT;20;1;;1;;;1625345;251.57411;;
;Alaþehir Meslek Yüksekokulu;;;;;;;;;;;;
102550079;  Baðcýlýk;2;TYT;25;1;;1;;;1856718;238.48269;;
102551208;  Bitki Koruma;2;TYT;30;1;;1;;;1365465;267.09537;;
102550749;  Kooperatifçilik;2;TYT;30;1;;1;;;1889280;236.67912;;
102550643;  Laboratuvar Teknolojisi;2;TYT;30;1;;1;;;990135;291.93738;;
102551095;  Organik Tarým;2;TYT;25;1;;1;;;1848997;238.91156;;
102550122;  Týbbi ve Aromatik Bitkiler;2;TYT;25;1;;1;;;1837859;239.53079;;
;Demirci Meslek Yüksekokulu;;;;;;;;;;;;
102550634;  Bankacýlýk ve Sigortacýlýk;2;TYT;25;1;;1;;;1605650;252.72392;;
102551332;  Coðrafi Bilgi Sistemleri;2;TYT;60;2;;2;;;1939354;233.92994;;
102550591;  Dýþ Ticaret;2;TYT;40;1;;1;;;1709071;246.77652;;
102590332;  Dýþ Ticaret (KKTC Uyruklu);2;TYT;1;;;;;5;;;;
102550661;  Muhasebe ve Vergi Uygulamalarý;2;TYT;30;1;;1;;;1763593;243.68612;;
102551298;  Ormancýlýk ve Orman Ürünleri;2;TYT;30;1;;1;;;901036;298.57959;;
;Gördes Meslek Yüksekokulu;;;;;;;;;;;;
102590650;  Acil Durum ve Afet Yönetimi;2;TYT;30;1;;1;;;...;----;;
102550873;  Büro Yönetimi ve Yönetici Asistanlýðý;2;TYT;35;1;;1;;;1715100;246.43490;;
102551271;  Halkla Ýliþkiler ve Tanýtým;2;TYT;80;2;;2;;;1908840;235.59912;;
102551102;  Maliye;2;TYT;50;2;;2;;;1856309;238.50524;;
102550679;  Muhasebe ve Vergi Uygulamalarý;2;TYT;30;1;;1;;;1814418;240.83725;;
;Kýrkaðaç Meslek Yüksekokulu;;;;;;;;;;;;
102550255;  Bilgisayar Programcýlýðý;2;TYT;90;3;;3;;;957366;294.35229;;
102550925;  Lojistik;2;TYT;80;2;;2;;;1524111;257.49485;;
102550688;  Muhasebe ve Vergi Uygulamalarý;2;TYT;30;1;;1;;;1777491;242.90824;;
102551323;  Sosyal Güvenlik;2;TYT;100;3;;3;;;1683118;248.24957;;
102590337;  Sosyal Hizmetler;2;TYT;30;1;;1;;;1249480;274.35556;;
102590338;  Sosyal Hizmetler (KKTC Uyruklu);2;TYT;1;;;;;5;1951099;233.29221;;
;Köprübaþý Meslek Yüksekokulu;;;;;;;;;;;;
102550282;  Harita ve Kadastro;2;TYT;30;1;;1;;;1611982;252.35467;;
102550722;  Ýþletme Yönetimi;2;TYT;30;1;;1;;;1821261;240.45417;;
102590384;  Mahkeme Büro Hizmetleri;2;TYT;30;1;;1;;;901834;298.51999;;
;Kula Meslek Yüksekokulu;;;;;;;;;;;;
102551129;  Halkla Ýliþkiler ve Tanýtým;2;TYT;80;2;;2;;;1869017;237.80685;;
102590657;  Ýç Mekan Tasarýmý;2;TYT;40;1;;1;;;...;----;;
102550713;  Ýþletme Yönetimi;2;TYT;35;1;;1;;;1758644;243.96817;;
102551235;  Maliye;2;TYT;40;1;;1;;;1741696;244.92262;;
102590178;  Mimari Restorasyon;2;TYT;40;1;;1;;;1651684;250.05637;;
102590622;  Web Tasarýmý ve Kodlama;2;TYT;40;1;;1;;;...;----;;
;Manisa Saðlýk Hizmetleri Meslek Yüksekokulu;;;;;;;;;;;;
102551289;  Ýlk ve Acil Yardým;2;TYT;45;2;;2;;;443710;345.19927;;
102551402;  Saç Bakýmý ve Güzellik Hizmetleri;2;TYT;40;1;;1;;;895221;299.02269;;
102590172;  Saç Bakýmý ve Güzellik Hizmetleri (KKTC Uyruklu);2;TYT;1;;;;;5;;;;
102550016;  Týbbi Dokümantasyon ve Sekreterlik;2;TYT;30;1;;1;;;544029;331.93958;;
102550961;  Týbbi Görüntüleme Teknikleri;2;TYT;40;1;;1;;;472192;341.15283;;
102550776;  Týbbi Laboratuvar Teknikleri;2;TYT;40;1;;1;;;532739;333.28383;;
102550882;  Yaþlý Bakýmý;2;TYT;70;2;;2;;;961682;294.03328;;
;Manisa Teknik Bilimler Meslek Yüksekokulu;;;;;;;;;;;;
102590398;  Alternatif Enerji Kaynaklarý Teknolojisi (Kýz);2;TYT;25;1;;1;;31;1340474;268.64493;;
102590391;  Alternatif Enerji Kaynaklarý Teknolojisi (Erkek);2;TYT;25;1;;;;33;1127274;282.38839;;
102590339;  Bilgisayar Programcýlýðý;2;TYT;50;2;;2;;;452735;343.89861;;
102590405;  Büyük Veri Analistliði;2;TYT;30;1;;1;;320;541934;332.18542;;
102590629;  Büyük Veri Analistliði (KKTC Uyruklu);2;TYT;2;;;;;5, 320;...;----;;
102590412;  Dijital Dönüþüm Elektroniði;2;TYT;30;1;;1;;320;889697;299.44706;;
102590340;  Elektrik;2;TYT;50;2;;2;;;837337;303.61951;;
102590341;  Endüstriyel Kalýpçýlýk;2;TYT;50;2;;2;;;1292996;271.60131;;
102590419;  Ýmalat Yürütme Sistemleri Operatörlüðü;2;TYT;30;1;;1;;320;1289482;271.82000;;
102550801;  Ýnþaat Teknolojisi;2;TYT;40;1;;1;;;1162842;280.00358;*;MEDEK
102550943;  Makine;2;TYT;70;2;;2;;;837345;303.61804;;
102590272;  Makine Resim ve Konstrüksiyonu;2;TYT;50;2;;2;;;1032576;288.90005;;
102551395;  Mekatronik;2;TYT;50;2;;2;;;661544;319.30248;*;MEDEK
;Salihli Meslek Yüksekokulu;;;;;;;;;;;;
102550794;  Bilgisayar Programcýlýðý;2;TYT;70;2;;2;;;867050;301.21924;;
102550546;  Çocuk Geliþimi;2;TYT;35;1;;1;;;966083;293.70021;;
102550607;  Dýþ Ticaret;2;TYT;40;1;;1;;;1568519;254.89432;;
102590274;  Emlak Yönetimi;2;TYT;55;2;;2;;;1824683;240.26800;;
102550916;  Moda Tasarýmý;2;TYT;40;1;;1;;;1404697;264.67899;;
102551192;  Özel Güvenlik ve Koruma;2;TYT;50;2;;2;;2;1377901;266.31597;;
102550325;  Pazarlama;2;TYT;30;1;;1;;;1804791;241.37258;;
102550334;  Yerel Yönetimler;2;TYT;80;2;;2;;;1845354;239.11205;;
;Sarýgöl Meslek Yüksekokulu;;;;;;;;;;;;
102550343;  Harita ve Kadastro;2;TYT;30;1;;1;;;1495942;259.16199;;
102551217;  Tapu ve Kadastro;2;TYT;50;2;;2;;;1208891;276.99734;;
;Saruhanlý Meslek Yüksekokulu;;;;;;;;;;;;
102550352;  Gýda Teknolojisi;2;TYT;35;1;;1;;;1188531;278.31602;;
102550731;  Ýþletme Yönetimi;2;TYT;35;1;;1;;;1615270;252.16308;;
;Soma Meslek Yüksekokulu;;;;;;;;;;;;
102590173;  Biyomedikal Cihaz Teknolojisi;2;TYT;30;1;;1;;;1091511;284.80626;;
102550379;  Elektrik;2;TYT;40;1;;1;;;1220984;276.21464;;MEDEK
102550837;  Grafik Tasarýmý;2;TYT;50;2;;2;;;1028195;289.20832;;
102551165;  Ýþ Saðlýðý ve Güvenliði;2;TYT;30;1;;1;;;1107662;283.71955;*;MEDEK
102590273;  Madencilik Teknolojisi;2;TYT;50;2;;2;;;1464207;261.05960;;
102550397;  Makine;2;TYT;40;1;;1;;;1246274;274.57040;*;MEDEK
102550485;  Mekatronik;2;TYT;40;1;;1;;;1091044;284.83790;*;MEDEK
;Turgutlu Meslek Yüksekokulu;;;;;;;;;;;;
102551244;  Bilgisayar Programcýlýðý;2;TYT;80;2;;2;;;710774;314.60353;;
102551174;  Bilgisayar Programcýlýðý (Uzaktan Öðretim);2;TYT;100;3;;3;;7, 8;1027375;289.26759;;
102550519;  Elektrik;2;TYT;50;2;;2;;;1081683;285.47315;;
102590342;  Elektronik Teknolojisi;2;TYT;30;1;;1;;;1195052;277.88953;;
102550564;  Geleneksel El Sanatlarý;2;TYT;50;2;;2;;;1878028;237.29785;;
102550907;  Geoteknik;2;TYT;40;1;;1;;;1688699;247.93427;;
102550819;  Ýnþaat Teknolojisi;2;TYT;40;1;;1;;;1502434;258.77424;;
102550767;  Kontrol ve Otomasyon Teknolojisi;2;TYT;50;2;;2;;;1180193;278.85593;;
102550422;  Makine;2;TYT;50;2;;2;;;1080216;285.57390;;
102550891;  Yapý Denetimi;2;TYT;50;2;;2;;;1597603;253.18990;;
;MARDÝN ARTUKLU ÜNÝVERSÝTESÝ (Devlet Üniversitesi);;;;;;;;;;;;
;Meslek Yüksekokulu;;;;;;;;;;;;
107150192;  Bilgisayar Programcýlýðý;2;TYT;50;2;;2;;;998458;291.33321;;
107190109;  Bilgisayar Programcýlýðý (Uzaktan Öðretim);2;TYT;100;3;;3;;7, 8;1632762;251.14646;;
107150102;  Ýnþaat Teknolojisi;2;TYT;30;1;;1;;;1679765;248.44571;;
107150086;  Ýþletme Yönetimi;2;TYT;35;1;;1;;;1568755;254.88065;;
107150305;  Mimari Restorasyon;2;TYT;40;1;;1;;;1517909;257.86003;;
107150077;  Muhasebe ve Vergi Uygulamalarý;2;TYT;30;1;;1;;;1399263;265.00966;;
107150059;  Turizm ve Otel Ýþletmeciliði;2;TYT;30;1;;1;;;1515943;257.97256;;
;Midyat Meslek Yüksekokulu;;;;;;;;;;;;
107190088;  Aþçýlýk;2;TYT;30;1;;1;;301;1059508;287.01014;;
107150147;  Bilgisayar Programcýlýðý;2;TYT;60;2;;2;;;1391292;265.49716;;
107150332;  Bilgisayar Programcýlýðý (Uzaktan Öðretim);2;TYT;70;2;;2;;7, 8;1700536;247.26241;;
107150068;  Çocuk Geliþimi;2;TYT;30;1;;1;;;1097856;284.37474;;
107190025;  Doðal Yapý Taþlarý Teknolojisi;2;TYT;40;1;;1;;;1936871;234.06550;;
107150138;  Elektrik;2;TYT;50;2;;2;;;1592908;253.46690;;
107150262;  Kuyumculuk ve Taký Tasarýmý;2;TYT;40;1;;1;;;1696637;247.48615;;
107150271;  Sosyal Hizmetler;2;TYT;30;1;;1;;;1317248;270.07903;;
107190042;  Sosyal Hizmetler (Uzaktan Öðretim);2;TYT;100;3;;3;;7;1654135;249.91648;;
;Nusaybin Meslek Yüksekokulu;;;;;;;;;;;;
107150244;  Dýþ Ticaret;2;TYT;30;1;;1;;;1735096;245.29571;;
107190130;  Halkla Ýliþkiler ve Tanýtým;2;TYT;40;1;;1;;;1832901;239.80800;;
107190137;  Kültürel Miras ve Turizm;2;TYT;40;1;;1;;;1970493;232.24313;;
107190144;  Turizm ve Seyahat Hizmetleri;2;TYT;25;1;;1;;;1928497;234.52446;;
;Organize Sanayi Bölgesi Meslek Yüksekokulu;;;;;;;;;;;;
107190172;  Elektrik;2;TYT;40;1;;1;;;1300604;271.12458;;MEDEK
107190179;  Elektronik Teknolojisi;2;TYT;40;1;;1;;;1632053;251.18581;;
107190186;  Makine;2;TYT;50;2;;2;;;1703542;247.08686;;
;Ömerli Meslek Yüksekokulu;;;;;;;;;;;;
107190193;  Ofis Teknolojileri ve Veri Yönetimi;2;TYT;40;1;;1;;;...;----;;
;Saðlýk Hizmetleri Meslek Yüksekokulu;;;;;;;;;;;;
107150174;  Çocuk Geliþimi;2;TYT;30;1;;1;;;955706;294.47264;;
107190081;  Diþ Protez Teknolojisi;2;TYT;20;1;;1;;;529381;333.68017;;
107190051;  Evde Hasta Bakýmý;2;TYT;40;1;;1;;;459560;342.90560;;
107150156;  Ýlk ve Acil Yardým;2;TYT;45;2;;2;;;440675;345.63781;;
107150341;  Týbbi Dokümantasyon ve Sekreterlik;2;TYT;30;1;;1;;;561251;329.93207;;
107150165;  Týbbi Laboratuvar Teknikleri;2;TYT;40;1;;1;;;587232;326.99539;;
107150226;  Týbbi Tanýtým ve Pazarlama;2;TYT;50;2;;2;;;1290813;271.73481;;
107150183;  Yaþlý Bakýmý;2;TYT;60;2;;2;;;793194;307.29258;;
;Savur Meslek Yüksekokulu;;;;;;;;;;;;
107190024;  Bankacýlýk ve Sigortacýlýk;2;TYT;25;1;;1;;;1469997;260.70923;;
107190023;  Harita ve Kadastro;2;TYT;30;1;;1;;;1538712;256.64100;;
107190043;  Sosyal Hizmetler;2;TYT;30;1;;1;;;1484027;259.87641;;
;MARMARA ÜNÝVERSÝTESÝ (ÝSTANBUL) (Devlet Üniversitesi);;;;;;;;;;;;YÖKAK
;Saðlýk Hizmetleri Meslek Yüksekokulu;;;;;;;;;;;;
107250022;  Anestezi;2;TYT;40;1;;;;;292300;372.53292;;
107250437;  Diþ Protez Teknolojisi;2;TYT;30;1;;;;;359458;358.98360;;
107290432;  Diþ Protez Teknolojisi (KKTC Uyruklu);2;TYT;2;;;;;5;883899;299.89745;;
107250507;  Ýlk ve Acil Yardým;2;TYT;35;1;;;;;347387;361.24316;;
107250464;  Patoloji Laboratuvar Teknikleri;2;TYT;60;2;;;;;576129;328.21843;;
107250473;  Týbbi Görüntüleme Teknikleri;2;TYT;40;1;;;;;420821;348.64890;;
107250455;  Týbbi Laboratuvar Teknikleri;2;TYT;50;2;;;;;472219;341.14967;;
;Sosyal Bilimler Meslek Yüksekokulu;;;;;;;;;;;;
107250376;  Bankacýlýk ve Sigortacýlýk;2;TYT;25;1;;;;;487282;339.11554;;
107250482;  Büro Yönetimi ve Yönetici Asistanlýðý;2;TYT;35;1;;;;;716620;314.06566;;
107290548;  Ceza Ýnfaz ve Güvenlik Hizmetleri;2;TYT;60;2;;;;17;807567;306.07962;;
107250094;  Dýþ Ticaret;2;TYT;40;1;;;;;429168;347.35674;;
107250385;  Muhasebe ve Vergi Uygulamalarý;2;TYT;30;1;;;;;573641;328.49661;;
107250119;  Pazarlama;2;TYT;30;1;;;;;591065;326.57443;;
107250128;  Turist Rehberliði;2;TYT;60;2;;;;22, 24, 34;423546;348.23409;;
107250137;  Turizm ve Otel Ýþletmeciliði;2;TYT;30;1;;;;22, 24, 34;577674;328.05123;;
107250428;  Turizm ve Seyahat Hizmetleri;2;TYT;25;1;;;;22, 24, 34;660366;319.41994;;
107250155;  Yerel Yönetimler;2;TYT;60;2;;;;;730024;312.83627;;
107290205;  Yerel Yönetimler (KKTC Uyruklu);2;TYT;2;;;;;5;...;----;;
;Teknik Bilimler Meslek Yüksekokulu;;;;;;;;;;;;
107290335;  Basým ve Yayým Teknolojileri;2;TYT;60;2;;;;;724806;313.31499;;
107250331;  Bilgisayar Programcýlýðý;2;TYT;60;2;;;;;195115;398.83176;;
107250552;  Bilgisayar Programcýlýðý (Uzaktan Öðretim);2;TYT;100;3;;;;7, 8;287985;373.50619;;
107250216;  Elektrik;2;TYT;60;2;;;;;387516;354.03229;;
107250394;  Elektronik Haberleþme Teknolojisi;2;TYT;60;2;;;;;497347;337.78189;;
107250401;  Elektronik Teknolojisi;2;TYT;50;2;;;;;418847;348.95254;;
107250491;  Giyim Üretim Teknolojisi;2;TYT;60;2;;;;;758731;310.25495;;
107250597;  Ýþ Saðlýðý ve Güvenliði;2;TYT;30;1;;;;;536442;332.83153;;
107250588;  Kontrol ve Otomasyon Teknolojisi;2;TYT;50;2;;;;;402777;351.49540;;
107250243;  Makine;2;TYT;60;2;;;;;355923;359.61789;;
107250516;  Moda Tasarýmý;2;TYT;40;1;;;;;460612;342.75754;;
107250613;  Moda Tasarýmý (Uzaktan Öðretim);2;TYT;75;2;;;;7, 8;598502;325.76905;;
107290576;  Yapay Zeka Operatörlüðü;2;TYT;30;1;;;;320;...;----;;
;MERSÝN ÜNÝVERSÝTESÝ (Devlet Üniversitesi);;;;;;;;;;;;
;Anamur Meslek Yüksekokulu;;;;;;;;;;;;
107490211;  Aþçýlýk;2;TYT;55;2;;2;;;884698;299.83485;;TUADER
107451557;  Bahçe Tarýmý;2;TYT;50;2;;2;;;1789504;242.22457;;
107490208;  Halkla Ýliþkiler ve Tanýtým;2;TYT;60;2;;2;;;1712956;246.55428;;
107451027;  Ýþletme Yönetimi;2;TYT;35;1;;1;;;1651675;250.05682;;
107490506;  Ofis Teknolojileri ve Veri Yönetimi;2;TYT;35;1;;1;;;...;----;;
107490401;  Özel Güvenlik ve Koruma;2;TYT;30;1;;1;;2;1281478;272.31802;;
107450392;  Pazarlama;2;TYT;30;1;;1;;;1780970;242.70859;;
107450426;  Turizm ve Otel Ýþletmeciliði;2;TYT;30;1;;1;;;1428251;263.21964;;TUADER
107451151;  Turizm ve Seyahat Hizmetleri;2;TYT;25;1;;1;;;1641764;250.62339;;
;Aydýncýk Meslek Yüksekokulu (Anamur);;;;;;;;;;;;
107490408;  Nükleer Teknoloji ve Radyasyon Güvenliði;2;TYT;30;1;;1;;;1118843;282.95223;;
;Denizcilik Meslek Yüksekokulu;;;;;;;;;;;;
107451327;  Deniz Ulaþtýrma ve Ýþletme;2;TYT;35;1;;1;;11;659045;319.54497;;
107451257;  Deniz ve Liman Ýþletmeciliði;2;TYT;35;1;;1;;11;1004201;290.92515;;
107490297;  Gemi Makineleri Ýþletmeciliði;2;TYT;35;1;;1;;11;772484;309.07417;;
;Erdemli Meslek Yüksekokulu;;;;;;;;;;;;
107450938;  Bankacýlýk ve Sigortacýlýk;2;TYT;25;1;;1;;;1052791;287.48312;;
107490513;  Bankacýlýk ve Sigortacýlýk (KKTC Uyruklu);2;TYT;1;;;;;5;...;----;;
107450559;  Bilgisayar Programcýlýðý;2;TYT;60;2;;2;;;703292;315.29850;;
107451036;  Ýþletme Yönetimi;2;TYT;35;1;;1;;;1403275;264.76565;;
107450956;  Muhasebe ve Vergi Uygulamalarý;2;TYT;30;1;;1;;;1264383;273.40984;;
107450868;  Turizm Animasyonu;2;TYT;40;1;;1;;;1576573;254.42876;;
;Mersin Meslek Yüksekokulu;;;;;;;;;;;;
107450092;  Bilgisayar Programcýlýðý (Uzaktan Öðretim);2;TYT;100;3;;3;;7, 8;1108555;283.65897;;
;Mustafa Baysan Meslek Yüksekokulu;;;;;;;;;;;;
107451609;  Fidan Yetiþtiriciliði;2;TYT;50;2;;2;;;1543614;256.35061;;
107450965;  Muhasebe ve Vergi Uygulamalarý;2;TYT;30;1;;1;;;1654609;249.88778;;
107451433;  Ormancýlýk ve Orman Ürünleri;2;TYT;30;1;;1;;;863337;301.50641;;
;Mut Meslek Yüksekokulu;;;;;;;;;;;;
107451009;  Bahçe Tarýmý;2;TYT;50;2;;2;;;1866976;237.91757;;
107450692;  Bilgisayar Programcýlýðý;2;TYT;60;2;;2;;;1038520;288.48199;;
107451618;  Gýda Teknolojisi;2;TYT;35;1;;1;;;1710539;246.69162;;
107450974;  Muhasebe ve Vergi Uygulamalarý;2;TYT;30;1;;1;;;1768657;243.40755;;
;Saðlýk Hizmetleri Meslek Yüksekokulu;;;;;;;;;;;;
107451239;  Ameliyathane Hizmetleri;2;TYT;65;2;;2;;;505630;336.70060;;
107450126;  Anestezi;2;TYT;50;2;;2;;;308629;368.97286;;
107451381;  Ýlk ve Acil Yardým;2;TYT;35;1;;1;;;356974;359.43248;;
107450153;  Týbbi Dokümantasyon ve Sekreterlik;2;TYT;30;1;;1;;;461690;342.60597;;
107451196;  Týbbi Görüntüleme Teknikleri;2;TYT;40;1;;1;;;385762;354.32621;;
107451187;  Týbbi Laboratuvar Teknikleri;2;TYT;50;2;;2;;;479190;340.18443;;
107490368;  Týbbi Laboratuvar Teknikleri (KKTC Uyruklu);2;TYT;1;;;;;5;947097;295.11298;;
107451399;  Yaþlý Bakýmý;2;TYT;70;2;;2;;;788951;307.64934;;
;Silifke Meslek Yüksekokulu;;;;;;;;;;;;
107451681;  Bahçe Tarýmý;2;TYT;30;1;;1;;;1670860;248.95621;;
107451627;  Halkla Ýliþkiler ve Tanýtým;2;TYT;60;2;;2;;;1598893;253.11215;;
107451045;  Ýþletme Yönetimi;2;TYT;35;1;;1;;;1576213;254.44989;;
107450841;  Organik Tarým;2;TYT;40;1;;1;;;1826398;240.17375;;
107451645;  Yerel Yönetimler;2;TYT;55;2;;2;;;1771288;243.25905;;
;Sosyal Bilimler Meslek Yüksekokulu;;;;;;;;;;;;
107450902;  Dýþ Ticaret;2;TYT;40;1;;1;;;949290;294.95054;;
107451018;  Ýþletme Yönetimi;2;TYT;35;1;;1;;;1134170;281.92976;;
107451309;  Lojistik;2;TYT;70;2;;2;;;840814;303.33765;;
107450947;  Muhasebe ve Vergi Uygulamalarý;2;TYT;30;1;;1;;;1044339;288.07387;;
107490520;  Ofis Teknolojileri ve Veri Yönetimi;2;TYT;35;1;;1;;;...;----;;
107450223;  Pazarlama;2;TYT;30;1;;1;;;1270048;273.04518;;
107490206;  Sosyal Hizmetler;2;TYT;30;1;;1;;;867293;301.19906;;
107450232;  Turizm ve Otel Ýþletmeciliði;2;TYT;30;1;;1;;;1107712;283.71643;;
107451133;  Turizm ve Seyahat Hizmetleri;2;TYT;30;1;;1;;;1251447;274.22905;;
;Teknik Bilimler Meslek Yüksekokulu;;;;;;;;;;;;
107451203;  Bilgisayar Programcýlýðý;2;TYT;65;2;;2;;;557723;330.33455;;
107490527;  Dijital Dönüþüm Elektroniði;2;TYT;30;1;;1;;320;...;----;;
107490534;  Dijital Dönüþüm Elektroniði (KKTC Uyruklu);2;TYT;1;;;;;5, 320;...;----;;
107450277;  Elektrik;2;TYT;65;2;;2;;;832254;304.03251;;
107451099;  Elektronik Haberleþme Teknolojisi;2;TYT;30;1;;1;;;1157434;280.36889;;
107451106;  Elektronik Teknolojisi;2;TYT;40;1;;1;;;1019480;289.83166;;
107450832;  Gýda Teknolojisi;2;TYT;35;1;;1;;;1113651;283.30371;;
107450311;  Harita ve Kadastro;2;TYT;30;1;;1;;;917675;297.31733;;
107451054;  Ýklimlendirme ve Soðutma Teknolojisi;2;TYT;30;1;;1;;;1309672;270.55254;;
107451212;  Ýnþaat Teknolojisi;2;TYT;35;1;;1;;;1092193;284.76044;;
107450992;  Kimya Teknolojisi;2;TYT;20;1;;1;;;1142002;281.40099;;
107451115;  Kontrol ve Otomasyon Teknolojisi;2;TYT;40;1;;1;;;1055483;287.29498;;
107450886;  Kuyumculuk ve Taký Tasarýmý;2;TYT;40;1;;1;;;1356532;267.65067;;
107451672;  Laborant ve Veteriner Saðlýk;2;TYT;50;2;;2;;;682761;317.22746;;
107450356;  Makine;2;TYT;50;2;;2;;;914282;297.56628;;
107451275;  Mobilya ve Dekorasyon;2;TYT;50;2;;2;;;1497237;259.08619;;
107490369;  Mobilya ve Dekorasyon (KKTC Uyruklu);2;TYT;1;;;;;5;;;;
107490214;  Optisyenlik;2;TYT;40;1;;1;;;621386;323.34839;;
107490387;  Optisyenlik (KKTC Uyruklu);2;TYT;1;;;;;5;;;;
107451266;  Otomotiv Teknolojisi;2;TYT;30;1;;1;;;993447;291.69860;;
107490394;  Saç Bakýmý ve Güzellik Hizmetleri;2;TYT;30;1;;1;;;803409;306.42516;;
107450877;  Ulaþtýrma ve Trafik Hizmetleri;2;TYT;55;2;;2;;;1330660;269.25293;;
;MÝMAR SÝNAN GÜZEL SANATLAR ÜNÝVERSÝTESÝ (ÝSTANBUL) (Devlet Üniversitesi);;;;;;;;;;;;
;Meslek Yüksekokulu;;;;;;;;;;;;
107550055;  Giyim Üretim Teknolojisi;2;TYT;45;2;;2;;;523789;334.37646;;
107550019;  Mimari Restorasyon;2;TYT;50;2;;2;;;302327;370.36592;;
;MUÐLA SITKI KOÇMAN ÜNÝVERSÝTESÝ (Devlet Üniversitesi);;;;;;;;;;;;YÖKAK
;Bodrum Denizcilik Meslek Yüksekokulu;;;;;;;;;;;;
107690229;  Gemi Ýnþaatý;2;TYT;25;1;;1;;;675772;317.90628;;
107651246;  Yat Kaptanlýðý;2;TYT;30;1;;1;;11;596829;325.95238;;
;Dalaman Meslek Yüksekokulu;;;;;;;;;;;;
107650221;  Dýþ Ticaret;2;TYT;40;1;;1;;;1234647;275.32549;;
107650787;  Lojistik;2;TYT;50;2;;2;;;1035038;288.72190;;
107650663;  Muhasebe ve Vergi Uygulamalarý;2;TYT;30;1;;1;;;1387080;265.75832;;
107650248;  Sivil Hava Ulaþtýrma Ýþletmeciliði;2;TYT;35;1;;1;;10;738855;312.02413;;
;Datça Kazým Yýlmaz Meslek Yüksekokulu;;;;;;;;;;;;
107650275;  Aþçýlýk;2;TYT;40;1;;1;;;895371;299.01084;;
107690326;  Aþçýlýk (KKTC Uyruklu);2;TYT;1;;;;;5;;;;
107690161;  Marina ve Yat Ýþletmeciliði;2;TYT;30;1;;1;;;969407;293.44876;;
107650672;  Muhasebe ve Vergi Uygulamalarý;2;TYT;30;1;;1;;;1473719;260.48506;;
107650293;  Turizm ve Otel Ýþletmeciliði;2;TYT;30;1;;1;;;1192444;278.06017;;
;Fethiye Ali Sýtký-Mefharet Koçman Meslek Yüksekokulu;;;;;;;;;;;;
107651273;  Çevre Koruma ve Kontrol;2;TYT;40;1;;1;;;1437838;262.64513;;
107650681;  Muhasebe ve Vergi Uygulamalarý;2;TYT;30;1;;1;;;1277356;272.57702;;
107651025;  Organik Tarým;2;TYT;40;1;;1;;;1682602;248.27812;;
107690218;  Peyzaj ve Süs Bitkileri Yetiþtiriciliði;2;TYT;40;1;;1;;;1711970;246.61137;;
107650972;  Seracýlýk;2;TYT;30;1;;1;;;1806059;241.30254;;
107650336;  Turizm ve Otel Ýþletmeciliði;2;TYT;30;1;;1;;;1206378;277.15915;;
107650857;  Turizm ve Seyahat Hizmetleri;2;TYT;25;1;;1;;;1387690;265.71975;;
;Fethiye Saðlýk Hizmetleri Meslek Yüksekokulu;;;;;;;;;;;;
107651379;  Ýlk ve Acil Yardým;2;TYT;45;2;;2;;;417412;349.17663;;
107690223;  Yaþlý Bakýmý;2;TYT;55;2;;2;;;922358;296.96393;;
;Kavaklýdere Þehit Mustafa Alper Meslek Yüksekokulu;;;;;;;;;;;;
107690154;  Acil Durum ve Afet Yönetimi;2;TYT;45;2;;2;;;819608;305.06570;;
107690191;  Avcýlýk ve Yaban Hayatý;2;TYT;35;1;;1;;;1235695;275.25939;;
107690189;  Ýþ Saðlýðý ve Güvenliði;2;TYT;30;1;;1;;;1055577;287.28893;;
107690190;  Ormancýlýk ve Orman Ürünleri;2;TYT;30;1;;1;;;892719;299.21412;;
107690305;  Ormancýlýk ve Orman Ürünleri (KKTC Uyruklu);2;TYT;1;;;;;5;;;;
107690295;  Sivil Savunma ve Ýtfaiyecilik;2;TYT;30;1;;;;9;761948;309.97888;;
;Köyceðiz Meslek Yüksekokulu;;;;;;;;;;;;
107690296;  Bitki Koruma;2;TYT;30;1;;1;;;1195060;277.88894;;
107651201;  Ormancýlýk ve Orman Ürünleri;2;TYT;30;1;;1;;;720244;313.73702;;
107651131;  Özel Güvenlik ve Koruma;2;TYT;40;1;;1;;2;1261028;273.62614;;
107651016;  Týbbi ve Aromatik Bitkiler;2;TYT;40;1;;1;;;1784975;242.48088;;
;Köyceðiz Saðlýk Hizmetleri Meslek Yüksekokulu;;;;;;;;;;;;
107690297;  Eczane Hizmetleri;2;TYT;30;1;;1;;;648508;320.59284;;
107690149;  Týbbi Laboratuvar Teknikleri;2;TYT;40;1;;1;;;579740;327.82088;;
107690192;  Yaþlý Bakýmý;2;TYT;50;2;;2;;;1021798;289.66400;;
;Marmaris Turizm Meslek Yüksekokulu;;;;;;;;;;;;
107651219;  Aþçýlýk;2;TYT;65;2;;2;;;777083;308.68101;;
107651343;  Ýkram Hizmetleri;2;TYT;50;2;;2;;;1740462;244.98953;;
107651228;  Turist Rehberliði;2;TYT;60;2;;2;;;822011;304.86823;;
107651237;  Turizm Animasyonu;2;TYT;40;1;;1;;;1514738;258.04248;;
107651325;  Turizm ve Otel Ýþletmeciliði;2;TYT;30;1;;1;;;1041310;288.28982;;
;Milas Meslek Yüksekokulu;;;;;;;;;;;;
107651158;  Aþçýlýk;2;TYT;80;2;;2;;;912826;297.68078;;
107651264;  Geleneksel El Sanatlarý;2;TYT;30;1;;1;;;1788897;242.25772;;
107690193;  Giyim Üretim Teknolojisi;2;TYT;30;1;;1;;;1634450;251.04770;;
107650733;  Ýþletme Yönetimi;2;TYT;35;1;;1;;;1376448;266.40468;;
107650627;  Kuyumculuk ve Taký Tasarýmý;2;TYT;40;1;;1;;;1603063;252.87491;;
107650636;  Mimari Restorasyon;2;TYT;40;1;;1;;;1288693;271.86980;;
107650699;  Muhasebe ve Vergi Uygulamalarý;2;TYT;30;1;;1;;;1375069;266.48623;;
107650399;  Pazarlama;2;TYT;30;1;;1;;;1545399;256.24443;;
107650424;  Turizm ve Otel Ýþletmeciliði;2;TYT;30;1;;1;;;1168497;279.62126;;
;Muðla Meslek Yüksekokulu;;;;;;;;;;;;
107651291;  Alternatif Enerji Kaynaklarý Teknolojisi;2;TYT;30;1;;1;;;981152;292.58363;;
107650018;  Aþçýlýk;2;TYT;60;2;;2;;;698244;315.76728;;
107690221;  Basým ve Yayým Teknolojileri;2;TYT;60;2;;2;;;1446531;262.12497;;
107650909;  Bilgisayar Programcýlýðý;2;TYT;60;2;;2;;;509867;336.15143;;
107650045;  Çocuk Geliþimi;2;TYT;30;1;;1;;;798770;306.81715;;
107650054;  Dýþ Ticaret;2;TYT;40;1;;1;;;1015399;290.12871;;
107650063;  Elektrik;2;TYT;45;2;;2;;;859056;301.84554;;
107650796;  Elektronik Teknolojisi;2;TYT;30;1;;1;;;944845;295.28758;;
107690150;  Ýç Mekan Tasarýmý;2;TYT;50;2;;2;;;825527;304.58137;;
107651397;  Kimya Teknolojisi;2;TYT;20;1;;1;;;1057928;287.12122;;
107651361;  Kozmetik Teknolojisi;2;TYT;30;1;;1;;;1400429;264.93444;;
107650654;  Muhasebe ve Vergi Uygulamalarý;2;TYT;30;1;;1;;;1135564;281.83699;;
107650115;  Pazarlama;2;TYT;30;1;;1;;;1285200;272.09068;;
107650954;  Radyo ve Televizyon Teknolojisi;2;TYT;45;2;;2;;;1132825;282.01929;;
107690151;  Sosyal Hizmetler;2;TYT;30;1;;1;;;887177;299.64076;;
107650142;  Turizm ve Otel Ýþletmeciliði;2;TYT;30;1;;1;;;997571;291.39736;;
107650812;  Turizm ve Seyahat Hizmetleri;2;TYT;25;1;;1;;;1287177;271.96525;;
107651282;  Yerel Yönetimler;2;TYT;50;2;;2;;;1385115;265.87812;;
;Muðla Saðlýk Hizmetleri Meslek Yüksekokulu (Marmaris);;;;;;;;;;;;
107651307;  Optisyenlik;2;TYT;40;1;;1;;;678926;317.60479;;
107650196;  Týbbi Dokümantasyon ve Sekreterlik;2;TYT;30;1;;1;;;542240;332.14602;;
107650884;  Týbbi Laboratuvar Teknikleri;2;TYT;40;1;;1;;;557328;330.37789;;
107650893;  Týbbi Tanýtým ve Pazarlama;2;TYT;40;1;;1;;;1171143;279.45139;;
107690198;  Yaþlý Bakýmý;2;TYT;60;2;;2;;;992065;291.79887;;
;Ortaca Meslek Yüksekokulu;;;;;;;;;;;;
107651167;  Aþçýlýk;2;TYT;20;1;;1;;;887369;299.62608;;
107650715;  Bahçe Tarýmý;2;TYT;30;1;;1;;;1739009;245.07259;;
107690219;  Peyzaj ve Süs Bitkileri Yetiþtiriciliði;2;TYT;30;1;;1;;;1775163;243.04271;;
107651176;  Turist Rehberliði;2;TYT;50;2;;2;;22, 24, 34, 53;914248;297.56924;;
107690298;  Turist Rehberliði (Uzaktan Öðretim);2;TYT;70;2;;2;;7;415032;349.54635;;
107650487;  Turizm ve Otel Ýþletmeciliði;2;TYT;30;1;;1;;;1267344;273.21953;;
107650839;  Turizm ve Seyahat Hizmetleri;2;TYT;25;1;;1;;;1512036;258.20652;;
;Ula Ali Koçman Meslek Yüksekokulu;;;;;;;;;;;;
107650512;  Arýcýlýk;2;TYT;25;1;;1;;;1821707;240.42957;;
107651034;  Bankacýlýk ve Sigortacýlýk;2;TYT;25;1;;1;;;1165075;279.84956;;
107690220;  Doðalgaz ve Tesisatý Teknolojisi;2;TYT;30;1;;1;;;1649654;250.17216;;
107650521;  Elektrik;2;TYT;50;2;;2;;;1206264;277.16611;;
107651334;  Gýda Kalite Kontrolü ve Analizi;2;TYT;50;2;;2;;;1442300;262.38257;;
107651185;  Halkla Ýliþkiler ve Tanýtým;2;TYT;60;2;;2;;;1481873;260.00015;;
107650778;  Ýklimlendirme ve Soðutma Teknolojisi;2;TYT;25;1;;1;;;1405246;264.64354;;
107690196;  Ýnþaat Teknolojisi;2;TYT;40;1;;1;;;1330894;269.23839;;
107650706;  Muhasebe ve Vergi Uygulamalarý;2;TYT;30;1;;1;;;1511122;258.26280;;
;Yataðan Meslek Yüksekokulu;;;;;;;;;;;;
107690182;  Büro Yönetimi ve Yönetici Asistanlýðý;2;TYT;35;1;;1;;;1353905;267.81680;;
107650645;  Doðal Yapý Taþlarý Teknolojisi;2;TYT;30;1;;1;;;1840848;239.36294;;
107650575;  Elektrik;2;TYT;50;2;;2;;;1322827;269.73747;;
107690184;  Harita ve Kadastro;2;TYT;30;1;;1;;;1160793;280.14318;;
107650927;  Ýnþaat Teknolojisi;2;TYT;35;1;;1;;;1408259;264.45538;;
107690361;  Mahkeme Büro Hizmetleri;2;TYT;30;1;;1;;;878604;300.31607;;
107690194;  Tapu ve Kadastro;2;TYT;50;2;;2;;;1096730;284.45252;;
;MUNZUR ÜNÝVERSÝTESÝ (TUNCELÝ) (Devlet Üniversitesi);;;;;;;;;;;;
;Çemiþgezek Meslek Yüksekokulu;;;;;;;;;;;;
109550331;  Bankacýlýk ve Sigortacýlýk;2;TYT;20;1;;1;;54;1885991;236.85837;;
109550358;  Çocuk Geliþimi;2;TYT;20;1;;1;;54;1565139;255.09461;;
109590029;  Ýnþaat Teknolojisi;2;TYT;20;1;;1;;54;1999695;230.65910;;
109590013;  Özel Güvenlik ve Koruma;2;TYT;30;1;;1;;2;1696850;247.47282;;
109590030;  Saðlýk Bilgi Sistemleri Teknikerliði;2;TYT;30;1;;1;;54;1677711;248.56128;;
;Pertek Sakine Genç Meslek Yüksekokulu;;;;;;;;;;;;
109550279;  Bankacýlýk ve Sigortacýlýk;2;TYT;25;1;;1;;54;1909458;235.56636;;
109550304;  Harita ve Kadastro;2;TYT;30;1;;1;;54;1920087;234.98025;;
109550473;  Laborant ve Veteriner Saðlýk;2;TYT;50;2;;2;;54;1525464;257.41345;;
109590031;  Optisyenlik;2;TYT;30;1;;1;;54;1225850;275.89449;;
109590042;  Su Altý Teknolojisi;2;TYT;25;1;;1;;54, 57;1954967;233.08281;;
109590018;  Týbbi Dokümantasyon ve Sekreterlik;2;TYT;30;1;;1;;54;835318;303.78042;;
109550288;  Turizm ve Otel Ýþletmeciliði;2;TYT;25;1;;1;;54;1928315;234.53428;;
;Tunceli Meslek Yüksekokulu;;;;;;;;;;;;
109590043;  Aþçýlýk;2;TYT;50;2;;2;;;1453963;261.67700;;
109550058;  Bilgisayar Programcýlýðý;2;TYT;50;2;;2;;;1294400;271.51155;;
109550225;  Büro Yönetimi ve Yönetici Asistanlýðý (Hozat);2;TYT;20;1;;1;;54;1785014;242.47880;;
109550049;  Çocuk Geliþimi;2;TYT;30;1;;1;;;1290997;271.72260;;
109550252;  Çocuk Geliþimi (Ovacýk);2;TYT;30;1;;1;;54;1572916;254.64031;;
109590055;  Evde Hasta Bakýmý;2;TYT;30;1;;1;;;...;----;;
109550085;  Gýda Teknolojisi;2;TYT;30;1;;1;;;1952219;233.23096;;
109550322;  Harita ve Kadastro;2;TYT;30;1;;1;;;1739910;245.02058;;
109590062;  Ýlk ve Acil Yardým ;2;TYT;25;1;;1;;;...;----;;
109550031;  Ýnþaat Teknolojisi;2;TYT;35;1;;1;;;1933707;234.23711;;
109550261;  Ýþletme Yönetimi;2;TYT;25;1;;1;;;1821478;240.44289;;
109550455;  Laboratuvar Teknolojisi;2;TYT;40;1;;1;;;1154824;280.53935;;
109590019;  Makine;2;TYT;40;1;;1;;;1823297;240.34585;;
109550419;  Maliye (Ovacýk);2;TYT;30;1;;1;;54;1992527;231.04563;;
109550101;  Moda Tasarýmý;2;TYT;20;1;;1;;;1812218;240.95900;;
109550067;  Muhasebe ve Vergi Uygulamalarý;2;TYT;30;1;;1;;;1747701;244.58267;;
109550146;  Organik Tarým;2;TYT;20;1;;1;;;1953212;233.17852;;
109550234;  Saç Bakýmý ve Güzellik Hizmetleri;2;TYT;30;1;;1;;;1285388;272.07820;;
109590032;  Sosyal Hizmetler (Hozat);2;TYT;30;1;;1;;54;1806560;241.27638;;
109550446;  Týbbi Dokümantasyon ve Sekreterlik;2;TYT;30;1;;1;;;709433;314.73206;;
109590069;  Yenilenebilir Enerji Teknikerliði;2;TYT;30;1;;1;;;...;----;;
;MUÞ ALPARSLAN ÜNÝVERSÝTESÝ (Devlet Üniversitesi);;;;;;;;;;;;YÖKAK
;Bulanýk Meslek Yüksekokulu;;;;;;;;;;;;
107890030;  Acil Durum ve Afet Yönetimi;2;TYT;50;2;;2;;;1093463;284.67640;;
107890024;  Çocuk Geliþimi;2;TYT;30;1;;1;;;1536695;256.75612;;
107890031;  Laborant ve Veteriner Saðlýk;2;TYT;50;2;;2;;;1523017;257.56365;;
107890025;  Sosyal Hizmetler;2;TYT;30;1;;1;;;1665391;249.26869;;
;Malazgirt Meslek Yüksekokulu;;;;;;;;;;;;
107850352;  Bankacýlýk ve Sigortacýlýk;2;TYT;25;1;;1;;;1908654;235.60897;;
107850361;  Çocuk Geliþimi;2;TYT;30;1;;1;;;1551840;255.86988;;
107890057;  Evde Hasta Bakýmý;2;TYT;60;2;;2;;;757418;310.36820;;
107850388;  Maliye;2;TYT;30;1;;1;;;1954573;233.10403;;
107890045;  Yaþlý Bakýmý;2;TYT;60;2;;2;;;1141725;281.42061;;
;Saðlýk Hizmetleri Meslek Yüksekokulu;;;;;;;;;;;;
107890083;  Aðýz ve Diþ Saðlýðý;2;TYT;30;1;;1;;;544408;331.89443;;
107850397;  Ameliyathane Hizmetleri;2;TYT;40;1;;1;;;686388;316.88026;;
107850194;  Çocuk Geliþimi;2;TYT;30;1;;1;;;1075783;285.88013;;
107890040;  Engelli Bakýmý ve Rehabilitasyon;2;TYT;50;2;;2;;;1246667;274.54310;;
107890041;  Fizyoterapi;2;TYT;30;1;;1;;;797710;306.91077;;
107890032;  Ýlk ve Acil Yardým;2;TYT;35;1;;1;;;472145;341.16011;;
107890058;  Patoloji Laboratuvar Teknikleri;2;TYT;30;1;;1;;;863493;301.49300;;
107890046;  Týbbi Dokümantasyon ve Sekreterlik;2;TYT;30;1;;1;;;631383;322.31371;;
107890026;  Týbbi Laboratuvar Teknikleri;2;TYT;40;1;;1;;;689726;316.56718;;
107850325;  Yaþlý Bakýmý;2;TYT;60;2;;2;;;943813;295.36558;;
;Sosyal Bilimler Meslek Yüksekokulu;;;;;;;;;;;;
107890059;  Aþçýlýk;2;TYT;40;1;;1;;;1330976;269.23349;;
107850097;  Bankacýlýk ve Sigortacýlýk;2;TYT;25;1;;1;;;1785259;242.46566;;
107850176;  Büro Yönetimi ve Yönetici Asistanlýðý;2;TYT;20;1;;1;;;1387795;265.71404;;
107890033;  Fotoðrafçýlýk ve Kameramanlýk;2;TYT;30;1;;1;;;1949132;233.40050;;
107850201;  Halkla Ýliþkiler ve Tanýtým;2;TYT;20;1;;1;;;1835358;239.66981;;
107850104;  Muhasebe ve Vergi Uygulamalarý;2;TYT;30;1;;1;;;1792521;242.05827;;
107850264;  Saðlýk Kurumlarý Ýþletmeciliði;2;TYT;30;1;;1;;;1610452;252.44569;;
107890034;  Sivil Havacýlýk Kabin Hizmetleri;2;TYT;50;2;;2;;10;1198840;277.64244;;
107850404;  Turizm ve Otel Ýþletmeciliði;2;TYT;25;1;;1;;;1856491;238.49566;;
;Teknik Bilimler Meslek Yüksekokulu;;;;;;;;;;;;
107850307;  Bilgisayar Programcýlýðý;2;TYT;50;2;;2;;;1369782;266.81927;;
107890060;  Biyomedikal Cihaz Teknolojisi;2;TYT;30;1;;1;;;1416887;263.92056;;
107850246;  Elektrik;2;TYT;50;2;;2;;;1596420;253.26015;;
107850255;  Elektronik Teknolojisi;2;TYT;25;1;;1;;;1730694;245.54178;;
107890042;  Gýda Kalite Kontrolü ve Analizi;2;TYT;20;1;;1;;;1939303;233.93280;;
107850034;  Gýda Teknolojisi;2;TYT;25;1;;1;;;1937555;234.02880;;
107890047;  Grafik Tasarýmý;2;TYT;20;1;;1;;;1583486;254.02183;;
107890061;  Ýnsansýz Hava Aracý Teknolojisi ve Operatörlüðü;2;TYT;40;1;;1;;;788634;307.67761;;
107850122;  Ýnþaat Teknolojisi;2;TYT;30;1;;1;;;1891537;236.54859;;
107890043;  Mekatronik;2;TYT;30;1;;1;;;1587439;253.78687;;
107850413;  Mimari Dekoratif Sanatlar;2;TYT;20;1;;1;;;1876954;237.35658;;
107850343;  Raylý Sistemler Ýþletmeciliði;2;TYT;30;1;;1;;6;1502294;258.78161;;
107890035;  Raylý Sistemler Yol Teknolojisi;2;TYT;50;2;;2;;6;1786064;242.42017;;
107850316;  Ulaþtýrma ve Trafik Hizmetleri;2;TYT;25;1;;1;;;1919475;235.01336;;
;Varto Meslek Yüksekokulu;;;;;;;;;;;;
107890048;  Eczane Hizmetleri;2;TYT;35;1;;1;;;926602;296.64532;;
107890062;  Ýlk ve Acil Yardým;2;TYT;35;1;;1;;;628698;322.58874;;
107890027;  Optisyenlik;2;TYT;35;1;;1;;;1239968;274.98347;;
107890036;  Özel Güvenlik ve Koruma;2;TYT;50;2;;2;;2;1719356;246.19701;;
;NECMETTÝN ERBAKAN ÜNÝVERSÝTESÝ (KONYA) (Devlet Üniversitesi);;;;;;;;;;;;
;Ereðli Saðlýk Hizmetleri Meslek Yüksekokulu;;;;;;;;;;;;
107090389;  Týbbi Görüntüleme Teknikleri;2;TYT;30;1;;1;;;487426;339.09608;;
107090396;  Týbbi Laboratuvar Teknikleri;2;TYT;30;1;;1;;;575935;328.23933;;
;Konya Ereðli Kemal Akman Meslek Yüksekokulu;;;;;;;;;;;;
107090375;  Atçýlýk ve Antrenörlüðü;2;TYT;25;1;;1;;;1625707;251.55430;;
107090218;  Bankacýlýk ve Sigortacýlýk;2;TYT;25;1;;1;;;1507638;258.46855;;
107050015;  Bilgisayar Programcýlýðý;2;TYT;60;2;;2;;;1094247;284.62204;;
107090403;  Ceza Ýnfaz ve Güvenlik Hizmetleri;2;TYT;40;1;;1;;17;842973;303.15723;;
107050024;  Elektrik;2;TYT;50;2;;2;;;1424436;263.45547;;
107050033;  Elektronik Haberleþme Teknolojisi;2;TYT;40;1;;1;;;1727515;245.72933;;
107050051;  Ýnþaat Teknolojisi;2;TYT;35;1;;1;;;1898396;236.16965;;
107050069;  Ýþletme Yönetimi;2;TYT;30;1;;1;;;1756812;244.07533;;
107090410;  Mahkeme Büro Hizmetleri;2;TYT;30;1;;1;;;875593;300.54809;;
107050078;  Makine;2;TYT;45;2;;2;;;1536381;256.77531;;
107050096;  Muhasebe ve Vergi Uygulamalarý;2;TYT;30;1;;1;;;1685339;248.12348;;
;Konya Organize Sanayi Bölgesi Meslek Yüksekokulu;;;;;;;;;;;;
107090466;  Büyük Veri Analistliði;2;TYT;30;1;;1;;320;...;----;;
107090473;  Cnc Programlama ve Operatörlüðü;2;TYT;20;1;;1;;321;555874;330.54960;;
107090480;  Döküm;2;TYT;20;1;;1;;321;1799410;241.66433;;
107090487;  Hidrolik ve Pnömatik Teknikerliði;2;TYT;30;1;;1;;;...;----;;
107090494;  Kaynak Teknolojisi;2;TYT;20;1;;1;;321;1479438;260.13965;;
107090501;  Kontrol ve Otomasyon Teknolojisi;2;TYT;20;1;;1;;321;935801;295.96270;;
107090508;  Yapay Zeka Operatörlüðü;2;TYT;30;1;;1;;320;...;----;;
;Meram Meslek Yüksekokulu;;;;;;;;;;;;
107090279;  Aþçýlýk;2;TYT;40;1;;1;;;690925;316.45553;;
107090205;  Grafik Tasarýmý;2;TYT;40;1;;1;;;682480;317.25652;;
107090319;  Özel Güvenlik ve Koruma;2;TYT;30;1;;1;;2;1014159;290.21800;;
107050272;  Sivil Savunma ve Ýtfaiyecilik;2;TYT;50;2;;;;9;719759;313.78272;;
107090076;  Týbbi ve Aromatik Bitkiler;2;TYT;30;1;;1;;;1086447;285.14981;;
107050281;  Un ve Unlu Mamuller Teknolojisi;2;TYT;40;1;;1;;;1723384;245.96201;;
;Saðlýk Hizmetleri Meslek Yüksekokulu;;;;;;;;;;;;
107050263;  Aðýz ve Diþ Saðlýðý;2;TYT;60;2;;2;;;460571;342.76241;;
107090080;  Ýlk ve Acil Yardým;2;TYT;35;1;;1;;;406571;350.88424;;
;Seydiþehir Meslek Yüksekokulu;;;;;;;;;;;;
107050112;  Bilgisayar Programcýlýðý;2;TYT;60;2;;2;;;1167034;279.72143;;
107050121;  Elektrik;2;TYT;50;2;;2;;;1588630;253.71753;;
107050139;  Grafik Tasarýmý;2;TYT;45;2;;2;;;1418675;263.80431;;
107050148;  Ýþletme Yönetimi;2;TYT;30;1;;1;;;1870019;237.75253;;
107050157;  Makine;2;TYT;40;1;;1;;;1510893;258.27623;;
107050166;  Mekatronik;2;TYT;50;2;;2;;;1598595;253.13134;;
107090515;  Yenilenebilir Enerji Teknikerliði;2;TYT;30;1;;1;;;...;----;;
;Seydiþehir Saðlýk Hizmetleri Meslek Yüksekokulu;;;;;;;;;;;;
107090522;  Dijital Saðlýk Sistemleri Teknikerliði;2;TYT;30;1;;1;;;...;----;;
107090281;  Fizyoterapi;2;TYT;40;1;;1;;;646744;320.76909;;
107090529;  Tele-Saðlýk Teknikerliði;2;TYT;30;1;;1;;;...;----;;
;NEVÞEHÝR HACI BEKTAÞ VELÝ ÜNÝVERSÝTESÝ (Devlet Üniversitesi);;;;;;;;;;;;
;Acýgöl Teknik Bilimler Meslek Yüksekokulu;;;;;;;;;;;;
108090083;  Laboratuvar Teknolojisi;2;TYT;30;1;;1;;;993986;291.65898;;
;Avanos Güzel Sanatlar Meslek Yüksekokulu;;;;;;;;;;;;
108090098;  Mimari Dekoratif Sanatlar;2;TYT;40;1;;1;;;1772541;243.18831;;
108090099;  Mimari Restorasyon;2;TYT;40;1;;1;;;1512681;258.16623;;
108090100;  Organik Tarým;2;TYT;30;1;;1;;;1868490;237.83608;;
108090101;  Týbbi ve Aromatik Bitkiler;2;TYT;25;1;;1;;;1886488;236.83084;;
;Derinkuyu Emineana ve Yaþar Ertaþ Tarým ve Hayvancýlýk Meslek Yüksekokulu;;;;;;;;;;;;
108090102;  Laborant ve Veteriner Saðlýk;2;TYT;50;2;;2;;;1148183;280.98251;;
;Gülþehir Sosyal Bilimler Meslek Yüksekokulu;;;;;;;;;;;;
108090103;  Bankacýlýk ve Sigortacýlýk;2;TYT;25;1;;1;;;1479516;260.13441;;
108090105;  Çaðrý Merkezi Hizmetleri;2;TYT;65;2;;2;;;1474533;260.43244;;
108090106;  Dýþ Ticaret;2;TYT;45;2;;2;;;1631481;251.21932;;
108090107;  Ýnsan Kaynaklarý Yönetimi;2;TYT;30;1;;1;;;1621790;251.78250;;
108090108;  Lojistik;2;TYT;45;2;;2;;;1663761;249.36286;;
108090109;  Özel Güvenlik ve Koruma;2;TYT;60;2;;2;;2;1434325;262.85586;;
108090111;  Yerel Yönetimler;2;TYT;45;2;;2;;;1874281;237.50644;;
;Hacýbektaþ Teknik Bilimler Meslek Yüksekokulu;;;;;;;;;;;;
108050154;  Bilgisayar Programcýlýðý;2;TYT;50;2;;2;;;1038782;288.46299;;
108050418;  Elektrik Enerjisi Üretim, Ýletim ve Daðýtýmý;2;TYT;45;2;;2;;;1526604;257.35051;;
108050199;  Grafik Tasarýmý;2;TYT;60;2;;2;;;1393038;265.38951;;
108090168;  Ýmalat Yürütme Sistemleri Operatörlüðü;2;TYT;40;1;;1;;320;...;----;;
108090126;  Ýnsansýz Hava Aracý Teknolojisi ve Operatörlüðü;2;TYT;40;1;;1;;;553984;330.77250;;
;Kozaklý Meslek Yüksekokulu;;;;;;;;;;;;
108090175;  Dijital Saðlýk Sistemleri Teknikerliði;2;TYT;30;1;;1;;;...;----;;
108050542;  Fizyoterapi;2;TYT;40;1;;1;;;717219;314.01454;;
108050551;  Ýþ ve Uðraþý Terapisi;2;TYT;70;2;;2;;;1105729;283.85284;;
108090076;  Saðlýk Turizmi Ýþletmeciliði;2;TYT;30;1;;1;;;1638891;250.79089;;
;Meslek Yüksekokulu;;;;;;;;;;;;
108050472;  Alternatif Enerji Kaynaklarý Teknolojisi;2;TYT;45;2;;2;;;1637621;250.86649;;
108050145;  Bilgisayar Programcýlýðý;2;TYT;60;2;;2;;;850666;302.53835;;
108050481;  Biyomedikal Cihaz Teknolojisi;2;TYT;30;1;;1;;;1136223;281.79220;;
108050339;  Büro Yönetimi ve Yönetici Asistanlýðý;2;TYT;35;1;;1;;;1281256;272.33286;;
108050348;  Grafik Tasarýmý;2;TYT;60;2;;2;;;1151159;280.78450;;
108090075;  Halkla Ýliþkiler ve Tanýtým;2;TYT;50;2;;2;;;1543165;256.37615;;
108090085;  Kontrol ve Otomasyon Teknolojisi;2;TYT;30;1;;1;;;1409242;264.39685;;
108050118;  Muhasebe ve Vergi Uygulamalarý;2;TYT;30;1;;1;;;1360625;267.39814;;
;Saðlýk Hizmetleri Meslek Yüksekokulu;;;;;;;;;;;;
108050515;  Çocuk Geliþimi;2;TYT;35;1;;1;;;894708;299.06197;;
108050454;  Saðlýk Kurumlarý Ýþletmeciliði;2;TYT;30;1;;1;;;1237970;275.11365;;
108050375;  Týbbi Dokümantasyon ve Sekreterlik;2;TYT;30;1;;1;;;573615;328.49901;;
108050506;  Týbbi Dokümantasyon ve Sekreterlik (Uzaktan Öðretim);2;TYT;100;3;;3;;7;965701;293.72922;;
108050463;  Týbbi Tanýtým ve Pazarlama;2;TYT;40;1;;1;;;1458155;261.42273;;
108050357;  Yaþlý Bakýmý;2;TYT;55;2;;2;;;964637;293.81022;;
;Ürgüp Sebahat ve Erol Toksöz Turizm Meslek Yüksekokulu;;;;;;;;;;;;
108090112;  Aþçýlýk;2;TYT;65;2;;2;;;966606;293.66203;;
108090114;  Kültürel Miras ve Turizm;2;TYT;30;1;;1;;;1747230;244.60804;;
108090115;  Turist Rehberliði;2;TYT;80;2;;2;;;838147;303.55309;;
108090117;  Turizm ve Otel Ýþletmeciliði;2;TYT;25;1;;1;;;1298447;271.25759;;
108090118;  Turizm ve Seyahat Hizmetleri;2;TYT;25;1;;1;;;1538026;256.68356;;
;NÝÐDE ÖMER HALÝSDEMÝR ÜNÝVERSÝTESÝ (Devlet Üniversitesi);;;;;;;;;;;;YÖKAK
;Bor Halil-Zöhre Ataman Meslek Yüksekokulu;;;;;;;;;;;;
108190422;  Çevresel Ölçüm ve Ýzleme Sistemleri Teknikerliði;2;TYT;30;1;;1;;;...;----;;
108190184;  Deri Teknolojisi;2;TYT;15;1;;1;;;1876439;237.38554;;
108190191;  Geleneksel El Sanatlarý;2;TYT;15;1;;1;;;1923856;234.77581;;
108150762;  Giyim Üretim Teknolojisi;2;TYT;20;1;;1;;;1988772;231.24598;;
108190132;  Grafik Tasarýmý;2;TYT;50;2;;2;;;1475477;260.37511;;
108150789;  Moda Tasarýmý;2;TYT;25;1;;1;;;1712218;246.59702;;
108190429;  Su ve Atýk Yönetimi Teknikerliði;2;TYT;30;1;;1;;;...;----;;
;Bor Meslek Yüksekokulu;;;;;;;;;;;;
108190436;  Akýllý Sera Teknolojileri;2;TYT;30;1;;1;;;...;----;;
108190254;  Alternatif Enerji Kaynaklarý Teknolojisi;2;TYT;40;1;;1;;;1808174;241.18358;;
108150505;  Bilgisayar Programcýlýðý;2;TYT;60;2;;2;;;1038763;288.46436;;
108150383;  Elektrik;2;TYT;45;2;;2;;;1377148;266.36248;;
108150717;  Elektronik Teknolojisi;2;TYT;40;1;;1;;;1552779;255.81531;;
108150938;  Gýda Kalite Kontrolü ve Analizi;2;TYT;35;1;;1;;;1710478;246.69588;;
108150417;  Harita ve Kadastro;2;TYT;30;1;;1;;;1475543;260.37186;;
108190443;  Hidrojen ve Enerji Depolama Teknikerliði;2;TYT;30;1;;1;;;...;----;;
108150805;  Laborant ve Veteriner Saðlýk;2;TYT;65;2;;2;;;1134114;281.93221;;
108150444;  Makine;2;TYT;40;1;;1;;;1512521;258.17582;;
108190198;  Mobilya ve Dekorasyon;2;TYT;20;1;;1;;;1829756;239.98189;;
108190125;  Raylý Sistemler Elektrik ve Elektronik;2;TYT;45;2;;2;;6;1062734;286.78675;;
108150992;  Raylý Sistemler Makine Teknolojisi;2;TYT;45;2;;2;;6;1334285;269.02539;;
108150629;  Süt ve Ürünleri Teknolojisi;2;TYT;20;1;;1;;;1928196;234.54066;;
108190133;  Tapu ve Kadastro;2;TYT;40;1;;1;;;1111172;283.47453;;
;Niðde Sosyal Bilimler Meslek Yüksekokulu;;;;;;;;;;;;
108190123;  Aþçýlýk;2;TYT;50;2;;2;;;1042386;288.21486;*;TUADER
108150577;  Bankacýlýk ve Sigortacýlýk;2;TYT;25;1;;1;;;1330072;269.28870;;
108150771;  Büro Yönetimi ve Yönetici Asistanlýðý;2;TYT;35;1;;1;;;1377197;266.35889;;
108150708;  Ýþletme Yönetimi;2;TYT;30;1;;1;;;1662441;249.43849;;
108190261;  Mahkeme Büro Hizmetleri;2;TYT;30;1;;1;;;933564;296.12658;;
108150647;  Muhasebe ve Vergi Uygulamalarý;2;TYT;30;1;;1;;;1437451;262.67002;;
108151036;  Özel Güvenlik ve Koruma;2;TYT;50;2;;2;;2;1224854;275.96053;;
108151045;  Pazarlama;2;TYT;20;1;;1;;;1676692;248.61772;;
108151054;  Sivil Hava Ulaþtýrma Ýþletmeciliði;2;TYT;30;1;;1;;10;1133618;281.96546;;
108151018;  Sosyal Güvenlik;2;TYT;70;2;;2;;;1145876;281.13789;;
108150277;  Turizm ve Otel Ýþletmeciliði;2;TYT;25;1;;1;;;1488387;259.61485;;
108150286;  Yerel Yönetimler;2;TYT;60;2;;2;;;1813636;240.88101;;
;Niðde Teknik Bilimler Meslek Yüksekokulu;;;;;;;;;;;;
108151072;  Doðalgaz ve Tesisatý Teknolojisi;2;TYT;30;1;;1;;;1869008;237.80771;;
108190450;  Ýnsansýz Araç Teknikerliði;2;TYT;30;1;;1;;320;...;----;;
108150744;  Ýnþaat Teknolojisi;2;TYT;35;1;;1;;;1704664;247.02316;;
108150965;  Ýþ Saðlýðý ve Güvenliði;2;TYT;30;1;;1;;;1254479;274.03971;;
108150956;  Mekatronik;2;TYT;45;2;;2;;;1372705;266.63189;;
108150665;  Otomotiv Teknolojisi;2;TYT;30;1;;1;;;1371849;266.68235;;
108150753;  Radyo ve Televizyon Teknolojisi;2;TYT;35;1;;1;;;1920198;234.97335;;
108190457;  Robotik ve Yapay Zeka;2;TYT;30;1;;1;;320;...;----;;
108150798;  Yapý Denetimi;2;TYT;50;2;;2;;;1809823;241.09220;;
108190464;  Yeþil ve Ekolojik Bina Teknikerliði;2;TYT;30;1;;1;;;...;----;;
;Niðde Zübeyde Haným Saðlýk Hizmetleri Meslek Yüksekokulu;;;;;;;;;;;;
108150823;  Çocuk Geliþimi;2;TYT;35;1;;1;;;932383;296.21532;;
108190130;  Fizyoterapi;2;TYT;50;2;;2;;;620396;323.46034;;
108151081;  Ýlk ve Acil Yardým;2;TYT;40;1;;1;;;432061;346.92191;;
108190247;  Ýþ ve Uðraþý Terapisi;2;TYT;30;1;;1;;;961557;294.04182;;
108190124;  Optisyenlik;2;TYT;40;1;;1;;;746836;311.31370;;
108150302;  Týbbi Dokümantasyon ve Sekreterlik;2;TYT;30;1;;1;;;549913;331.25105;;
108190415;  Týbbi Veri Ýþleme Teknikerliði;2;TYT;30;1;;1;;;...;----;;
108151009;  Yaþlý Bakýmý;2;TYT;50;2;;2;;;1016518;290.04480;;
;Ulukýþla Meslek Yüksekokulu;;;;;;;;;;;;
108151027;  Avcýlýk ve Yaban Hayatý;2;TYT;45;2;;2;;;1138078;281.66837;;
108150656;  Muhasebe ve Vergi Uygulamalarý;2;TYT;30;1;;1;;;1827444;240.11583;;
108190135;  Raylý Sistemler Ýþletmeciliði;2;TYT;30;1;;1;;6;1449116;261.96900;;
;ONDOKUZ MAYIS ÜNÝVERSÝTESÝ (SAMSUN) (Devlet Üniversitesi);;;;;;;;;;;;YÖKAK
;Alaçam Meslek Yüksekokulu;;;;;;;;;;;;
108251344;  Çaðrý Merkezi Hizmetleri;2;TYT;50;2;;2;;;1671929;248.89525;;
108251168;  Deniz ve Liman Ýþletmeciliði;2;TYT;30;1;;1;;;1225606;275.91247;;
108250991;  Lojistik;2;TYT;70;2;;2;;;1609994;252.47265;;
108251008;  Posta Hizmetleri;2;TYT;60;2;;2;;;1861944;238.19475;;
;Bafra Meslek Yüksekokulu;;;;;;;;;;;;
108250452;  Bilgisayar Programcýlýðý;2;TYT;60;2;;2;;;750500;310.98265;;
108251317;  Bitki Koruma;2;TYT;30;1;;1;;;1451182;261.84322;;
108290233;  Muhasebe ve Vergi Uygulamalarý;2;TYT;30;1;;1;;;1471038;260.64560;;
108250894;  Organik Tarým;2;TYT;40;1;;1;;;1911753;235.44214;;
108290279;  Özel Güvenlik ve Koruma;2;TYT;50;2;;2;;2;1183084;278.66959;;
108250901;  Týbbi ve Aromatik Bitkiler;2;TYT;30;1;;1;;;1848851;238.92043;;
;Bafra Turizm Meslek Yüksekokulu;;;;;;;;;;;;
108290161;  Turizm ve Seyahat Hizmetleri;2;TYT;25;1;;1;;;1627078;251.47374;;
;Biliþim Teknolojileri Meslek Yüksekokulu;;;;;;;;;;;;
108290467;  Arka-Yüz Yazýlým Geliþtirme;2;TYT;30;1;;1;;320;597888;325.83376;;
108290474;  Ýnsansýz Araç Teknikerliði;2;TYT;30;1;;1;;320;528964;333.73286;;
108290481;  Oyun Geliþtirme ve Programlama;2;TYT;30;1;;1;;320;621390;323.34807;;
108290488;  Ön-Yüz Yazýlým Geliþtirme;2;TYT;30;1;;1;;320;627381;322.71925;;
;Çarþamba Ticaret Borsasý Meslek Yüksekokulu;;;;;;;;;;;;
108250982;  Bankacýlýk ve Sigortacýlýk;2;TYT;25;1;;1;;;1175846;279.13352;;
108250716;  Bilgisayar Programcýlýðý;2;TYT;80;2;;2;;;854627;302.20696;;
108290275;  Biliþim Güvenliði Teknolojisi;2;TYT;50;2;;2;;;983469;292.41422;;
108251186;  Çaðrý Merkezi Hizmetleri;2;TYT;60;2;;2;;;1671189;248.93718;;
108250743;  Muhasebe ve Vergi Uygulamalarý;2;TYT;30;1;;1;;;1571683;254.71015;;
108251265;  Sosyal Güvenlik;2;TYT;60;2;;2;;;1246341;274.56535;;
;Havza Meslek Yüksekokulu;;;;;;;;;;;;
108250937;  Büro Yönetimi ve Yönetici Asistanlýðý;2;TYT;35;1;;1;;;1261348;273.60498;;
108290277;  Emlak Yönetimi;2;TYT;40;1;;1;;;1819409;240.55905;;
108250928;  Fizyoterapi;2;TYT;50;2;;2;;;650731;320.37353;;
108251432;  Ýþ Saðlýðý ve Güvenliði;2;TYT;30;1;;1;;;1265932;273.30466;;
108250788;  Ýþletme Yönetimi;2;TYT;30;1;;1;;;1654603;249.88808;;
108290439;  Sivil Savunma ve Ýtfaiyecilik;2;TYT;40;1;;;;9;862298;301.58996;;
108250497;  Turizm ve Otel Ýþletmeciliði;2;TYT;25;1;;1;;;1591315;253.56082;;
;Ladik Meslek Yüksekokulu;;;;;;;;;;;;
108290397;  Arýcýlýk;2;TYT;40;1;;1;;;1907902;235.65304;;
108290453;  Halýcýlýk ve Kilimcilik;2;TYT;40;1;;1;;;1792733;242.04545;;
108290495;  Kenevir Dokumacýlýðý;2;TYT;40;1;;1;;;1986349;231.38069;;
108290411;  Kümes Hayvanlarý Yetiþtiriciliði;2;TYT;40;1;;1;;;1913852;235.32846;;
108290460;  Süt ve Besi Hayvancýlýðý;2;TYT;40;1;;1;;;1963505;232.61205;;
108290418;  Týbbi ve Aromatik Bitkiler;2;TYT;40;1;;1;;;1976773;231.89843;;
;Saðlýk Hizmetleri Meslek Yüksekokulu;;;;;;;;;;;;
108251141;  Aðýz ve Diþ Saðlýðý;2;TYT;50;2;;2;;;431800;346.96421;;
108250364;  Anestezi;2;TYT;45;2;;2;;;298648;371.13956;;
108290565;  Anestezi (KKTC Uyruklu);2;TYT;1;;;;;5;...;----;;
108290286;  Diþ Protez Teknolojisi;2;TYT;30;1;;1;;;398201;352.24895;;
108251026;  Diyaliz;2;TYT;70;2;;2;;;563739;329.64050;;
108290432;  Eczane Hizmetleri;2;TYT;30;1;;1;;;514496;335.56153;;
108250946;  Ýlk ve Acil Yardým;2;TYT;35;1;;1;;;351338;360.48587;;
108251353;  Odyometri;2;TYT;30;1;;1;;;574943;328.35150;;
108251211;  Optisyenlik;2;TYT;40;1;;1;;;569683;328.95568;;
108251035;  Patoloji Laboratuvar Teknikleri;2;TYT;50;2;;2;;;584213;327.32314;;
108250407;  Týbbi Dokümantasyon ve Sekreterlik;2;TYT;30;1;;1;;;443722;345.19640;;
108290341;  Týbbi Dokümantasyon ve Sekreterlik (KKTC Uyruklu);2;TYT;1;;;;;5;...;----;;
108250858;  Týbbi Görüntüleme Teknikleri;2;TYT;40;1;;1;;;365081;357.95205;;
108250831;  Týbbi Laboratuvar Teknikleri;2;TYT;50;2;;2;;;446462;344.79763;;
108251044;  Yaþlý Bakýmý;2;TYT;70;2;;2;;;784031;308.07202;;
;Samsun Meslek Yüksekokulu;;;;;;;;;;;;
108290276;  Basým ve Yayým Teknolojileri;2;TYT;55;2;;2;;;1273203;272.84278;;
108250346;  Bilgisayar Programcýlýðý;2;TYT;80;2;;2;;;460128;342.82540;;
108251247;  Bilgisayar Programcýlýðý (Uzaktan Öðretim);2;TYT;150;4;;4;;7, 8;1312019;270.40291;;
108251053;  Çocuk Geliþimi;2;TYT;35;1;;1;;;708961;314.77518;;
108251123;  Grafik Tasarýmý;2;TYT;50;2;;2;;;750808;310.95566;;
108251256;  Halkla Ýliþkiler ve Tanýtým;2;TYT;40;1;;1;;;1059838;286.98895;;
108251229;  Medya ve Ýletiþim (Uzaktan Öðretim);2;TYT;100;3;;3;;7;1710896;246.67169;;
108250258;  Mimari Dekoratif Sanatlar;2;TYT;60;2;;2;;;1086417;285.15238;;
108250734;  Muhasebe ve Vergi Uygulamalarý;2;TYT;30;1;;1;;;988614;292.04499;;
108290274;  Peyzaj ve Süs Bitkileri Yetiþtiriciliði;2;TYT;40;1;;1;;;1357223;267.60737;;
108250276;  Seracýlýk;2;TYT;40;1;;1;;;1547985;256.09252;;
108290502;  Seracýlýk (KKTC Uyruklu);2;TYT;1;;;;;5;;;;
108250867;  Tarým Makineleri;2;TYT;30;1;;1;;;1359167;267.49048;;
108250301;  Turizm ve Otel Ýþletmeciliði;2;TYT;25;1;;1;;;1011979;290.37491;;
;Terme Meslek Yüksekokulu;;;;;;;;;;;;
108251441;  Dýþ Ticaret;2;TYT;40;1;;1;;;1464171;261.06166;;
108251326;  Gýda Kalite Kontrolü ve Analizi;2;TYT;40;1;;1;;;1674966;248.71796;;
108250522;  Gýda Teknolojisi;2;TYT;35;1;;1;;;1570900;254.75559;;
108290234;  Lojistik;2;TYT;40;1;;1;;;1340154;268.66463;;
108250752;  Muhasebe ve Vergi Uygulamalarý;2;TYT;30;1;;1;;;1681481;248.34309;;
108250691;  Pazarlama;2;TYT;30;1;;1;;;1748021;244.56388;;
;Vezirköprü Meslek Yüksekokulu;;;;;;;;;;;;
108250849;  Bilgisayar Programcýlýðý;2;TYT;60;2;;2;;;1005483;290.83682;;
108250707;  Çocuk Geliþimi;2;TYT;30;1;;1;;;1105564;283.86432;;
108290280;  Ýç Mekan Tasarýmý;2;TYT;30;1;;1;;;1257494;273.84845;;
108251371;  Ýnternet ve Að Teknolojileri (Uzaktan Öðretim);2;TYT;50;2;;2;;7, 8;1534140;256.90583;;
108250761;  Muhasebe ve Vergi Uygulamalarý;2;TYT;30;1;;1;;;1695759;247.53671;;
108251202;  Ormancýlýk ve Orman Ürünleri;2;TYT;30;1;;1;;;859115;301.84080;;
;Yeþilyurt Demir Çelik Meslek Yüksekokulu;;;;;;;;;;;;
108251362;  Biyomedikal Cihaz Teknolojisi;2;TYT;30;1;;1;;321;910745;297.83998;;
108250973;  Elektrik;2;TYT;50;2;;2;;321;856282;302.07434;;
108250797;  Elektronik Teknolojisi;2;TYT;40;1;;1;;321;1035482;288.69318;;
108251159;  Endüstriyel Kalýpçýlýk;2;TYT;40;1;;1;;321;1436229;262.74092;;
108251308;  Gýda Teknolojisi;2;TYT;35;1;;1;;321;1324833;269.61287;;
108290572;  Hibrid ve Elektrikli Taþýtlar Teknolojisi;2;TYT;30;1;;1;;321;...;----;;
108250955;  Kimya Teknolojisi;2;TYT;20;1;;1;;321;1214259;276.65054;;
108290579;  Robotik ve Yapay Zeka;2;TYT;40;1;;1;;320, 321;...;----;;
108290281;  Silah Sanayi Teknikerliði;2;TYT;50;2;;2;;321;680907;317.41132;;
;ORDU ÜNÝVERSÝTESÝ (Devlet Üniversitesi);;;;;;;;;;;;
;Akkuþ Meslek Yüksekokulu;;;;;;;;;;;;
108390238;  Çevre Saðlýðý ve Çevresel Risk Yönetimi Teknikerliði;2;TYT;30;1;;1;;;...;----;;
;Aybastý Meslek Yüksekokulu;;;;;;;;;;;;
108390182;  Aþçýlýk;2;TYT;30;1;;1;;;1263951;273.43789;;
;Fatsa Meslek Yüksekokulu;;;;;;;;;;;;
108350539;  Çocuk Geliþimi;2;TYT;30;1;;1;;;1032217;288.92526;;
108350478;  Deniz Ulaþtýrma ve Ýþletme;2;TYT;30;1;;1;;11;805532;306.24827;;
108350548;  Gemi Ýnþaatý;2;TYT;50;2;;2;;;1055389;287.30150;;
108390131;  Gemi Makineleri Ýþletmeciliði;2;TYT;30;1;;1;;11;918712;297.24298;;
108350663;  Giyim Üretim Teknolojisi;2;TYT;30;1;;1;;;1980853;231.68149;;
108350575;  Moda Tasarýmý;2;TYT;40;1;;1;;;1607864;252.59726;;
108350248;  Muhasebe ve Vergi Uygulamalarý;2;TYT;30;1;;1;;;1660395;249.55826;;
;Gölköy Meslek Yüksekokulu;;;;;;;;;;;;
108390189;  Elektrik Enerjisi Üretim, Ýletim ve Daðýtýmý;2;TYT;30;1;;1;;;1586339;253.85301;;
;Ýkizce Meslek Yüksekokulu;;;;;;;;;;;;
108350521;  Bankacýlýk ve Sigortacýlýk;2;TYT;25;1;;1;;;1762946;243.72337;;
108350584;  Engelli Bakýmý ve Rehabilitasyon;2;TYT;50;2;;2;;;1384128;265.94096;;
108350557;  Yaþlý Bakýmý;2;TYT;50;2;;2;;;1116857;283.08898;;
;Mesudiye Meslek Yüksekokulu;;;;;;;;;;;;
108350345;  Bilgisayar Programcýlýðý;2;TYT;60;2;;2;;;1280722;272.36575;;
;Sosyal Bilimler Meslek Yüksekokulu;;;;;;;;;;;;
108350566;  Aþçýlýk;2;TYT;60;2;;2;;;951016;294.81795;;
108350221;  Halkla Ýliþkiler ve Tanýtým;2;TYT;60;2;;2;;;1626501;251.50666;;
108350442;  Ýþletme Yönetimi;2;TYT;30;1;;1;;;1598169;253.15590;;
108350239;  Muhasebe ve Vergi Uygulamalarý;2;TYT;30;1;;1;;;1460468;261.28211;;
108350133;  Turizm ve Otel Ýþletmeciliði;2;TYT;25;1;;1;;;1497522;259.06773;;
108350451;  Yerel Yönetimler;2;TYT;60;2;;2;;;1720258;246.14437;;
;Teknik Bilimler Meslek Yüksekokulu;;;;;;;;;;;;
108350336;  Bilgisayar Programcýlýðý;2;TYT;60;2;;2;;;722301;313.54518;;
108390130;  Doðalgaz ve Tesisatý Teknolojisi;2;TYT;30;1;;1;;;1668718;249.07722;;
108350027;  Elektrik;2;TYT;30;1;;1;;;1014412;290.19975;;
108350284;  Elektronik Haberleþme Teknolojisi;2;TYT;30;1;;1;;;1461133;261.24135;;
108350293;  Elektronik Teknolojisi;2;TYT;30;1;;1;;;1243848;274.72583;;
108350424;  Geleneksel El Sanatlarý;2;TYT;30;1;;1;;;1730796;245.53618;;
108350363;  Ýnþaat Teknolojisi;2;TYT;40;1;;1;;;1540991;256.50580;;
108350099;  Makine;2;TYT;40;1;;1;;;1146618;281.08831;;
108350636;  Mekatronik;2;TYT;30;1;;1;;;982119;292.51422;;
108350645;  Mimari Dekoratif Sanatlar;2;TYT;50;2;;2;;;1735464;245.27551;;
108350275;  Otomotiv Teknolojisi;2;TYT;30;1;;1;;;1130835;282.14934;;
108350681;  Týbbi ve Aromatik Bitkiler;2;TYT;30;1;;1;;;1804664;241.37966;;
;Ulubey Meslek Yüksekokulu;;;;;;;;;;;;
108350593;  Bankacýlýk ve Sigortacýlýk;2;TYT;25;1;;1;;;1590666;253.59766;;
108350469;  Gýda Teknolojisi;2;TYT;35;1;;1;;;1725889;245.82492;;
108350503;  Laborant ve Veteriner Saðlýk;2;TYT;55;2;;2;;;1062776;286.78402;;
108350672;  Laboratuvar Teknolojisi;2;TYT;30;1;;1;;;1016075;290.07902;;
108390132;  Medya ve Ýletiþim;2;TYT;35;1;;1;;;1828618;240.04617;;
108350487;  Muhasebe ve Vergi Uygulamalarý;2;TYT;30;1;;1;;;1850517;238.82624;;
;Ünye Meslek Yüksekokulu;;;;;;;;;;;;
108350354;  Bilgisayar Programcýlýðý;2;TYT;60;2;;2;;;961958;294.01373;;
108350433;  Elektronik Teknolojisi;2;TYT;30;1;;1;;;1431885;262.99982;;
108350415;  Ýnsan Kaynaklarý Yönetimi;2;TYT;45;2;;2;;;1678525;248.51677;;
108350618;  Lojistik;2;TYT;60;2;;2;;;1576327;254.44325;;
108350654;  Mimari Restorasyon;2;TYT;30;1;;1;;;1647195;250.30990;;
108350266;  Muhasebe ve Vergi Uygulamalarý;2;TYT;30;1;;1;;;1661677;249.48353;;
;OSMANÝYE KORKUT ATA ÜNÝVERSÝTESÝ (Devlet Üniversitesi);;;;;;;;;;;;
;Bahçe Meslek Yüksekokulu;;;;;;;;;;;;
108570495;  Bankacýlýk ve Sigortacýlýk;2;TYT;30;1;;1;3;;1608882;252.53466;;
108550449;  Dýþ Ticaret;2;TYT;40;1;;1;4;;1882082;237.07803;;
108550158;  Gýda Teknolojisi;2;TYT;35;1;;1;4;;1821501;240.44170;;
108550282;  Kimya Teknolojisi;2;TYT;20;1;;1;2;;1777538;242.90538;;
108570515;  Laboratuvar Teknolojisi;2;TYT;30;1;;1;3;;1082216;285.43715;;
108570496;  Lojistik;2;TYT;40;1;;1;4;;1805348;241.34170;;
;Düziçi Meslek Yüksekokulu;;;;;;;;;;;;
108570503;  Biliþim Güvenliði Teknolojisi;2;TYT;50;2;;2;5;;1698901;247.35563;;
108550413;  Özel Güvenlik ve Koruma;2;TYT;40;1;;1;4;2;1492253;259.38055;;
108570498;  Raylý Sistemler Ýþletmeciliði;2;TYT;30;1;;1;3;6;1542194;256.43466;;
108570519;  Raylý Sistemler Makine Teknolojisi;2;TYT;40;1;;1;4;6;1431793;263.00426;;
108570499;  Sosyal Güvenlik;2;TYT;40;1;;1;4;;1526658;257.34716;;
;Kadirli Meslek Yüksekokulu;;;;;;;;;;;;
108570599;  Aþçýlýk;2;TYT;30;1;;1;3;;1200372;277.54789;;
108570725;  Elektrik Makineleri Bakým ve Onarýmý;2;TYT;35;1;;1;4;;...;----;;
108550334;  Elektronik Teknolojisi;2;TYT;35;1;;1;4;;1660201;249.56962;;
108570732;  Ýklimlendirme ve Soðutma Teknolojisi;2;TYT;30;1;;1;3;;...;----;;
108570507;  Ýnternet ve Að Teknolojileri;2;TYT;50;2;;2;5;;1811226;241.01443;;
108550255;  Muhasebe ve Vergi Uygulamalarý;2;TYT;30;1;;1;3;;1813416;240.89373;;
108570508;  Saðlýk Bilgi Sistemleri Teknikerliði;2;TYT;30;1;;1;3;;1161930;280.06824;;
;Osmaniye Meslek Yüksekokulu;;;;;;;;;;;;
108550343;  Bilgisayar Programcýlýðý;2;TYT;60;2;;2;6;;1087644;285.06389;;
108550228;  Çevre Koruma ve Kontrol;2;TYT;40;1;;1;4;;1596221;253.27235;;
108570739;  Elektrik Enerjisi Üretim, Ýletim ve Daðýtýmý;2;TYT;50;2;;2;5;;...;----;;
108570500;  Elektronik Haberleþme Teknolojisi;2;TYT;50;2;;2;5;;1728338;245.68079;;
108550052;  Harita ve Kadastro;2;TYT;30;1;;1;3;;1409015;264.41112;;
108570606;  Hibrid ve Elektrikli Taþýtlar Teknolojisi;2;TYT;30;1;;1;3;;1098878;284.30967;;
108550291;  Ýþletme Yönetimi;2;TYT;30;1;;1;3;;1775975;242.99864;;
108570613;  Medya ve Ýletiþim;2;TYT;30;1;;1;3;;1693893;247.63989;;
108550246;  Muhasebe ve Vergi Uygulamalarý;2;TYT;30;1;;1;3;;1605478;252.73473;;
108550397;  Posta Hizmetleri;2;TYT;60;2;;2;6;;1672996;248.83119;;
108570746;  Talaþlý Üretim Teknikerliði;2;TYT;50;2;;2;5;;...;----;;
108550458;  Tekstil Teknolojisi;2;TYT;40;1;;1;4;;1852518;238.71527;;
108570753;  Yapý Ressamlýðý;2;TYT;30;1;;1;3;;...;----;;
;Saðlýk Hizmetleri Meslek Yüksekokulu;;;;;;;;;;;;
108570521;  Çocuk Geliþimi;2;TYT;30;1;;1;3;;1033681;288.82054;;
108570536;  Eczane Hizmetleri;2;TYT;30;1;;1;3;;714406;314.27253;;
108570524;  Fizyoterapi;2;TYT;40;1;;1;4;;662357;319.22151;;
108570523;  Ýlk ve Acil Yardým;2;TYT;30;1;;1;3;;436686;346.23211;;
108570543;  Laborant ve Veteriner Saðlýk;2;TYT;30;1;;1;3;;893694;299.13830;;
108570525;  Yaþlý Bakýmý;2;TYT;50;2;;2;5;;976252;292.94652;;
;PAMUKKALE ÜNÝVERSÝTESÝ (DENÝZLÝ) (Devlet Üniversitesi);;;;;;;;;;;;YÖKAK
;Acýpayam Meslek Yüksekokulu;;;;;;;;;;;;
108690352;  Ayakkabý Tasarým ve Üretimi;2;TYT;30;1;;1;;;1919310;235.02329;;
108650906;  Büro Yönetimi ve Yönetici Asistanlýðý;2;TYT;30;1;;1;;;1539388;256.59968;;
108651094;  Çaðrý Merkezi Hizmetleri;2;TYT;40;1;;1;;;1636750;250.91660;;
108690093;  Çocuk Geliþimi;2;TYT;30;1;;1;;;1066934;286.49353;;
108650996;  Laborant ve Veteriner Saðlýk;2;TYT;65;2;;2;;;925612;296.72257;;
108650915;  Maliye;2;TYT;40;1;;1;;;1712276;246.59407;;
108690359;  Maliye (KKTC Uyruklu);2;TYT;1;;;;;5;2171636;221.35862;;
108651085;  Özel Güvenlik ve Koruma;2;TYT;40;1;;1;;2;1354217;267.79692;;
108650784;  Süt ve Ürünleri Teknolojisi;2;TYT;20;1;;1;;;1882540;237.05133;;
;Bekilli Meslek Yüksekokulu;;;;;;;;;;;;
108650757;  Bankacýlýk ve Sigortacýlýk;2;TYT;25;1;;1;;;1803218;241.45639;;
108650157;  Dýþ Ticaret;2;TYT;40;1;;1;;;1869834;237.76278;;
108650809;  Halkla Ýliþkiler ve Tanýtým;2;TYT;40;1;;1;;;1888519;236.71959;;
;Bozkurt Meslek Yüksekokulu;;;;;;;;;;;;
108690095;  Sivil Hava Ulaþtýrma Ýþletmeciliði;2;TYT;30;1;;1;;10;853206;302.32677;;
108690158;  Ulaþtýrma ve Trafik Hizmetleri;2;TYT;40;1;;1;;;1784093;242.52908;;
;Buldan Meslek Yüksekokulu;;;;;;;;;;;;
108650793;  Bankacýlýk ve Sigortacýlýk;2;TYT;30;1;;1;;;1780705;242.72285;;
108650687;  Büro Yönetimi ve Yönetici Asistanlýðý;2;TYT;30;1;;1;;;1677047;248.59868;;
108650193;  Dýþ Ticaret;2;TYT;35;1;;1;;;1773071;243.15933;;
108650881;  Mimari Restorasyon;2;TYT;30;1;;1;;;1633921;251.07739;;
108650563;  Moda Tasarýmý;2;TYT;35;1;;1;;;1504615;258.64592;;
108690366;  Moda Tasarýmý (KKTC Uyruklu);2;TYT;2;;;;;5;;;;
108650466;  Muhasebe ve Vergi Uygulamalarý;2;TYT;30;1;;1;;;1748077;244.56065;;
;Çal Meslek Yüksekokulu;;;;;;;;;;;;
108690429;  Dijital Tarým Teknolojileri;2;TYT;30;1;;1;;;...;----;;
108651101;  Gýda Teknolojisi;2;TYT;35;1;;1;;;1593685;253.42450;;
108651119;  Muhasebe ve Vergi Uygulamalarý;2;TYT;30;1;;1;;;1850653;238.81850;;
;Çameli Meslek Yüksekokulu;;;;;;;;;;;;
108690160;  Tapu ve Kadastro;2;TYT;40;1;;1;;;1227596;275.77960;;
;Çardak Organize Sanayi Bölgesi Meslek Yüksekokulu;;;;;;;;;;;;
108690157;  Kontrol ve Otomasyon Teknolojisi;2;TYT;40;1;;1;;;1395450;265.24021;;
108690282;  Mekatronik;2;TYT;40;1;;1;;;1189638;278.24228;;
;Çivril Atasay Kamer Meslek Yüksekokulu;;;;;;;;;;;;
108650615;  Bankacýlýk ve Sigortacýlýk;2;TYT;30;1;;1;;;1706811;246.89999;;
108650739;  Bilgisayar Programcýlýðý;2;TYT;65;2;;2;;;880987;300.13006;;
108650696;  Büro Yönetimi ve Yönetici Asistanlýðý;2;TYT;25;1;;1;;;1730626;245.54517;;
108650227;  Dýþ Ticaret;2;TYT;30;1;;1;;;1815634;240.76872;;
108690194;  Emlak Yönetimi;2;TYT;25;1;;1;;;1826582;240.16335;;
108650933;  Maliye;2;TYT;30;1;;1;;;1788500;242.27979;;
108651049;  Saðlýk Kurumlarý Ýþletmeciliði;2;TYT;30;1;;1;;;1305011;270.84329;;
;Denizli Saðlýk Hizmetleri Meslek Yüksekokulu;;;;;;;;;;;;
108650112;  Anestezi;2;TYT;50;2;;2;;;335678;363.45965;;
108650606;  Çocuk Geliþimi;2;TYT;40;1;;1;;;716680;314.06030;;
108650396;  Diyaliz;2;TYT;70;2;;2;;;600882;325.51059;;
108650403;  Fizyoterapi;2;TYT;40;1;;1;;;536388;332.83978;;
108650703;  Ýlk ve Acil Yardým;2;TYT;40;1;;1;;;400566;351.85980;;
108650121;  Týbbi Dokümantasyon ve Sekreterlik;2;TYT;30;1;;1;;;508142;336.37364;;
108651013;  Týbbi Görüntüleme Teknikleri;2;TYT;40;1;;1;;;419799;348.81218;;
108650554;  Týbbi Laboratuvar Teknikleri;2;TYT;50;2;;2;;;511702;335.91160;;
108690394;  Yaþlý Bakýmý;2;TYT;30;1;;1;;;877922;300.37049;;
;Denizli Sosyal Bilimler Meslek Yüksekokulu;;;;;;;;;;;;
108650872;  Dýþ Ticaret;2;TYT;40;1;;1;;;989755;291.96356;;
108690257;  Turist Rehberliði;2;TYT;30;1;;1;;;623009;323.17502;;
108650078;  Turizm ve Otel Ýþletmeciliði;2;TYT;25;1;;1;;;1091209;284.82666;;
108650712;  Turizm ve Seyahat Hizmetleri;2;TYT;25;1;;1;;;1235106;275.29620;;
;Denizli Teknik Bilimler Meslek Yüksekokulu;;;;;;;;;;;;
108650572;  Bilgisayar Programcýlýðý;2;TYT;80;2;;2;;;545335;331.78751;;
108651022;  Biyomedikal Cihaz Teknolojisi;2;TYT;30;1;;1;;;849687;302.61784;;
108650024;  Elektrik;2;TYT;70;2;;2;;;874252;300.65521;;
108650527;  Elektronik Teknolojisi;2;TYT;45;2;;2;;;985906;292.24258;;
108650818;  Geleneksel El Sanatlarý;2;TYT;60;2;;2;;;1407582;264.49743;;
108690256;  Giyim Üretim Teknolojisi;2;TYT;40;1;;1;;;1318477;270.01050;;
108650863;  Grafik Tasarýmý;2;TYT;60;2;;2;;;678996;317.59850;;
108690156;  Ýç Mekan Tasarýmý;2;TYT;40;1;;1;;;758020;310.31459;;
108650493;  Kimya Teknolojisi;2;TYT;20;1;;1;;;1043210;288.15384;;
108650051;  Makine;2;TYT;80;2;;2;;;1011859;290.38500;;
108650766;  Moda Tasarýmý;2;TYT;40;1;;1;;;1107399;283.73767;;
108650827;  Otomotiv Teknolojisi;2;TYT;30;1;;1;;;1028887;289.16026;;
108690089;  Otomotiv Teknolojisi (KKTC Uyruklu);2;TYT;1;;;;;5;;;;
108650421;  Tekstil Teknolojisi;2;TYT;60;2;;2;;;1219576;276.30523;;
;Honaz Meslek Yüksekokulu;;;;;;;;;;;;
108650448;  Bankacýlýk ve Sigortacýlýk;2;TYT;30;1;;1;;;1515034;258.02375;;
108650678;  Büro Yönetimi ve Yönetici Asistanlýðý;2;TYT;30;1;;1;;;1518201;257.84153;;
108690289;  Ceza Ýnfaz ve Güvenlik Hizmetleri;2;TYT;30;1;;1;;17;828291;304.35603;;
108650281;  Dýþ Ticaret;2;TYT;40;1;;1;;;1646000;250.37947;;
108690401;  E-Ticaret ve Pazarlama;2;TYT;45;2;;2;;;1327044;269.47805;;
108650439;  Halkla Ýliþkiler ve Tanýtým;2;TYT;60;2;;2;;;1842834;239.25458;;
108650748;  Ýþ Saðlýðý ve Güvenliði;2;TYT;30;1;;1;;;1368727;266.88583;;
108650518;  Ýþletme Yönetimi;2;TYT;30;1;;1;;;1645702;250.39614;;
108650633;  Lojistik;2;TYT;50;2;;2;;;1501523;258.82571;;
108650484;  Muhasebe ve Vergi Uygulamalarý;2;TYT;30;1;;1;;;1538076;256.68046;;
;Kale Meslek Yüksekokulu;;;;;;;;;;;;
108650987;  Çocuk Geliþimi;2;TYT;30;1;;1;;;1194648;277.91718;;
108650942;  Ýþletme Yönetimi;2;TYT;30;1;;1;;;1851800;238.75265;;
108690193;  Madencilik Teknolojisi;2;TYT;40;1;;1;;;1852035;238.74016;;
108650951;  Muhasebe ve Vergi Uygulamalarý;2;TYT;30;1;;1;;;1821192;240.45861;;
108650775;  Turizm ve Seyahat Hizmetleri;2;TYT;25;1;;1;;;1616843;252.07413;;
;Sarayköy Meslek Yüksekokulu;;;;;;;;;;;;
108651031;  Alternatif Enerji Kaynaklarý Teknolojisi;2;TYT;40;1;;1;;;1509874;258.33718;;
108651128;  Alternatif Enerji Kaynaklarý Teknolojisi (KKTC Uyruklu);2;TYT;1;;;;;5;;;;
108690094;  Fizyoterapi;2;TYT;30;1;;1;;;685619;316.95597;;
;Serinhisar Meslek Yüksekokulu;;;;;;;;;;;;
108690161;  Acil Durum ve Afet Yönetimi;2;TYT;30;1;;1;;;832805;303.98591;;
108690373;  Býçakçýlýk ve El Aletleri Üretim Teknolojisi;2;TYT;40;1;;1;;;1922684;234.83847;;
108690258;  Sosyal Güvenlik;2;TYT;40;1;;1;;;1477234;260.27099;;
;Tavas Meslek Yüksekokulu;;;;;;;;;;;;
108650969;  Aþçýlýk;2;TYT;65;2;;2;;;982658;292.47319;;
108650978;  Çocuk Geliþimi;2;TYT;30;1;;1;;;1094463;284.60667;;
108650854;  Ýþ Saðlýðý ve Güvenliði;2;TYT;30;1;;1;;;1387102;265.75637;;
108650845;  Organik Tarým;2;TYT;25;1;;1;;;1777629;242.89960;;
108650836;  Týbbi ve Aromatik Bitkiler;2;TYT;20;1;;1;;;1827672;240.10234;;
;Tavas Saðlýk Hizmetleri Meslek Yüksekokulu;;;;;;;;;;;;
108690159;  Eczane Hizmetleri;2;TYT;30;1;;1;;;674482;318.03153;;
;RECEP TAYYÝP ERDOÐAN ÜNÝVERSÝTESÝ (RÝZE) (Devlet Üniversitesi);;;;;;;;;;;;YÖKAK
;Ardeþen Meslek Yüksekokulu;;;;;;;;;;;;
108750192;  Bankacýlýk ve Sigortacýlýk;2;TYT;25;1;;1;;;1504242;258.66893;;
108750271;  Bilgisayar Programcýlýðý;2;TYT;60;2;;2;;;996735;291.45852;;
108750165;  Turizm ve Otel Ýþletmeciliði;2;TYT;25;1;;1;;;1475880;260.35066;;
108750571;  Turizm ve Seyahat Hizmetleri;2;TYT;25;1;;1;;;1685753;248.10010;;
;Pazar Meslek Yüksekokulu;;;;;;;;;;;;
108790021;  Çay Tarýmý ve Ýþleme Teknolojisi;2;TYT;65;2;;2;;;767300;309.51579;;
108750411;  Organik Tarým;2;TYT;30;1;;1;;;1357956;267.56275;;
108750386;  Týbbi ve Aromatik Bitkiler;2;TYT;20;1;;1;;;1402076;264.83792;;
;Saðlýk Hizmetleri Meslek Yüksekokulu;;;;;;;;;;;;
108750492;  Anestezi;2;TYT;50;2;;2;;;417883;349.09995;;
108790161;  Anestezi (KKTC Uyruklu);2;TYT;1;;;;;5;...;----;;
108750598;  Fizyoterapi;2;TYT;50;2;;2;;;691328;316.41831;;
108750508;  Ýlk ve Acil Yardým;2;TYT;45;2;;2;;;495615;338.00575;;
108750517;  Týbbi Laboratuvar Teknikleri;2;TYT;50;2;;2;;;622261;323.25924;;
108750483;  Yaþlý Bakýmý;2;TYT;50;2;;2;;;960011;294.15454;;
;Sosyal Bilimler Meslek Yüksekokulu;;;;;;;;;;;;
108750429;  Büro Yönetimi ve Yönetici Asistanlýðý;2;TYT;35;1;;1;;;1449160;261.96581;;
108790112;  Ceza Ýnfaz ve Güvenlik Hizmetleri;2;TYT;40;1;;1;;17;891321;299.32304;;
108750341;  Dýþ Ticaret;2;TYT;40;1;;1;;;1802872;241.47488;;
108750553;  Halkla Ýliþkiler ve Tanýtým;2;TYT;40;1;;1;;;1697609;247.42799;;
108750235;  Ýþletme Yönetimi;2;TYT;30;1;;1;;;1827985;240.08364;;
108750605;  Lojistik;2;TYT;50;2;;2;;;1581094;254.16633;;
108790119;  Mahkeme Büro Hizmetleri;2;TYT;30;1;;1;;;994366;291.62886;;
108750208;  Muhasebe ve Vergi Uygulamalarý;2;TYT;30;1;;1;;;1695956;247.52423;;
108790097;  Sivil Hava Ulaþtýrma Ýþletmeciliði;2;TYT;30;1;;1;;10;960214;294.13986;;
;Teknik Bilimler Meslek Yüksekokulu;;;;;;;;;;;;
108790069;  Çevre Koruma ve Kontrol;2;TYT;30;1;;1;;;1789176;242.24257;;
108790064;  Doðalgaz ve Tesisatý Teknolojisi;2;TYT;30;1;;1;;;1837256;239.56232;;
108750032;  Elektrik;2;TYT;40;1;;1;;;1327320;269.45959;;
108750314;  Elektronik Teknolojisi;2;TYT;40;1;;1;;;1464162;261.06207;;
108750323;  Geleneksel El Sanatlarý;2;TYT;30;1;;1;;;1859806;238.31312;;
108750253;  Ýklimlendirme ve Soðutma Teknolojisi;2;TYT;30;1;;1;;;1888035;236.74543;;
108750305;  Ýnþaat Teknolojisi;2;TYT;30;1;;1;;;1730921;245.52782;;
108750589;  Kimya Teknolojisi;2;TYT;20;1;;1;;;1643687;250.51080;;
108750077;  Makine;2;TYT;40;1;;1;;;1428386;263.21109;;
108790065;  Makine Resim ve Konstrüksiyonu;2;TYT;40;1;;1;;;1831882;239.86895;;
108750535;  Mekatronik;2;TYT;40;1;;1;;;1251417;274.23031;;
108750368;  Mobilya ve Dekorasyon;2;TYT;30;1;;1;;;1794157;241.96234;;
108750332;  Otomotiv Teknolojisi;2;TYT;30;1;;1;;;1271856;272.92980;;
108750614;  Su Altý Teknolojisi;2;TYT;30;1;;1;;57;1478073;260.21889;;
108750359;  Tekstil Teknolojisi;2;TYT;30;1;;1;;;1910531;235.50693;;
108750456;  Yapý Denetimi;2;TYT;35;1;;1;;;1786617;242.38880;;
;SAÐLIK BÝLÝMLERÝ ÜNÝVERSÝTESÝ (ÝSTANBUL) (Devlet Üniversitesi);;;;;;;;;;;;
;Arnavutköy Darülaceze Saðlýk Hizmetleri Meslek Yüksekokulu;;;;;;;;;;;;
111091460;  Fizyoterapi;2;TYT;40;1;;1;;;441151;345.56811;;
111091467;  Hasta Bakýmý;2;TYT;40;1;;1;;31;947603;295.07617;;
111091474;  Yaþlý Bakýmý;2;TYT;40;1;;1;;;867839;301.15581;;
;Gülhane Saðlýk Meslek Yüksekokulu (Ankara);;;;;;;;;;;;
111091390;  Aðýz ve Diþ Saðlýðý (Ankara);2;TYT;50;2;;2;;;414262;349.66930;;
111050116;  Ameliyathane Hizmetleri (Ankara);2;TYT;60;2;;2;;;475968;340.62855;;
111050125;  Anestezi (Ankara);2;TYT;50;2;;2;;;280079;375.32382;;
111050328;  Diþ Protez Teknolojisi (Ankara);2;TYT;60;2;;2;;;346043;361.50295;;
111050134;  Eczane Hizmetleri (Ankara);2;TYT;35;1;;1;;;554901;330.66589;;
111050143;  Elektronörofizyoloji (Ankara);2;TYT;60;2;;2;;;596273;326.01403;;
111050319;  Ýlk ve Acil Yardým (Ankara);2;TYT;35;1;;1;;;342493;362.17379;;
111050188;  Ortopedik Protez ve Ortez (Ankara);2;TYT;60;2;;2;;;576331;328.19642;;
111050197;  Patoloji Laboratuvar Teknikleri (Ankara);2;TYT;60;2;;2;;;558861;330.19848;;
111050179;  Saðlýk Kurumlarý Ýþletmeciliði (Ankara);2;TYT;30;1;;1;;;761421;310.02611;;
111050204;  Týbbi Görüntüleme Teknikleri (Ankara);2;TYT;40;1;;1;;;376586;355.91228;;
111050213;  Týbbi Laboratuvar Teknikleri (Ankara);2;TYT;50;2;;2;;;445160;344.98623;;
111050222;  Yaþlý Bakýmý (Ankara);2;TYT;60;2;;2;;;855640;302.12666;;
;Hamidiye Saðlýk Hizmetleri Meslek Yüksekokulu (Ýstanbul);;;;;;;;;;;;
111050276;  Aðýz ve Diþ Saðlýðý;2;TYT;40;1;;1;;;451875;344.02302;;
111050019;  Ameliyathane Hizmetleri;2;TYT;40;1;;1;;;523331;334.43057;;
111050028;  Anestezi;2;TYT;40;1;;1;;;304094;369.98442;;
111050046;  Biyomedikal Cihaz Teknolojisi;2;TYT;30;1;;1;;;762997;309.88936;;
111050249;  Çocuk Geliþimi;2;TYT;50;2;;2;;;582441;327.52062;;
111050152;  Diþ Protez Teknolojisi;2;TYT;40;1;;1;;;434668;346.53248;;
111050285;  Diyaliz;2;TYT;60;2;;2;;;607585;324.78664;;
111050055;  Eczane Hizmetleri;2;TYT;35;1;;1;;;551188;331.09454;;
111050037;  Elektronörofizyoloji;2;TYT;30;1;;1;;;701411;315.47372;;
111050337;  Evde Hasta Bakýmý;2;TYT;50;2;;2;;;657158;319.72960;*;MEDEK
111050161;  Ýlk ve Acil Yardým;2;TYT;35;1;;1;;;386781;354.15947;;
111050064;  Ýþ Saðlýðý ve Güvenliði;2;TYT;30;1;;1;;;689410;316.59771;;
111091152;  Optisyenlik;2;TYT;40;1;;1;;;556528;330.47591;;
111050091;  Otopsi Yardýmcýlýðý;2;TYT;65;2;;2;;;635649;321.87568;;
111091453;  Otopsi Yardýmcýlýðý (KKTC Uyruklu);2;TYT;1;;;;;5;;;;
111050107;  Patoloji Laboratuvar Teknikleri;2;TYT;40;1;;1;;;614139;324.09844;;
111050301;  Saðlýk Kurumlarý Ýþletmeciliði;2;TYT;30;1;;1;;;792676;307.33817;;
111050082;  Týbbi Görüntüleme Teknikleri;2;TYT;40;1;;1;;;442119;345.42804;;
111091153;  Týbbi Laboratuvar Teknikleri;2;TYT;40;1;;1;;;482943;339.68052;;
111091323;  Týbbi Tanýtým ve Pazarlama;2;TYT;50;2;;2;;;860100;301.76475;;
111050231;  Týbbi ve Aromatik Bitkiler;2;TYT;60;2;;2;;;691639;316.38983;*;MEDEK
;SAKARYA UYGULAMALI BÝLÝMLER ÜNÝVERSÝTESÝ (Devlet Üniversitesi);;;;;;;;;;;;YÖKAK
;Akyazý Saðlýk Hizmetleri Meslek Yüksekokulu;;;;;;;;;;;;
111890194;  Fizyoterapi;2;TYT;40;1;;1;;;636859;321.75571;;
111890195;  Ýlk ve Acil Yardým;2;TYT;40;1;;1;;;482710;339.70931;*;MEDEK
111890203;  Saðlýk Kurumlarý Ýþletmeciliði;2;TYT;30;1;;1;;;1062594;286.79767;;
111890204;  Saðlýk Turizmi Ýþletmeciliði;2;TYT;30;1;;1;;;1516011;257.96894;;
111890196;  Týbbi Laboratuvar Teknikleri;2;TYT;40;1;;1;;;582611;327.50150;;
;Arifiye Meslek Yüksekokulu;;;;;;;;;;;;
111890350;  Doðalgaz ve Tesisatý Teknolojisi;2;TYT;40;1;;1;;;1695713;247.53954;;
111890238;  Hibrid ve Elektrikli Taþýtlar Teknolojisi;2;TYT;30;1;;1;;;620679;323.42653;;
111851762;  Ýklimlendirme ve Soðutma Teknolojisi;2;TYT;40;1;;1;;;1611271;252.39605;;
111890245;  Ýnsansýz Araç Teknikerliði;2;TYT;25;1;;1;;320;588244;326.88541;;
111851798;  Ýþ Saðlýðý ve Güvenliði;2;TYT;30;1;;1;;;1049809;287.69084;;
111851674;  Kaynak Teknolojisi;2;TYT;50;2;;2;;;1571116;254.74211;*;MEDEK
111890211;  Otomotiv Gövde ve Yüzey Ýþlem Teknolojileri;2;TYT;40;1;;1;;;1202896;277.38478;;
111851692;  Otomotiv Teknolojisi;2;TYT;30;1;;1;;;782966;308.16872;;
111890252;  Peyzaj ve Süs Bitkileri Yetiþtiriciliði;2;TYT;45;2;;2;;;1754693;244.19166;;
;Biliþim Teknolojileri Meslek Yüksekokulu (Karasu);;;;;;;;;;;;
111890259;  Arka-Yüz Yazýlým Geliþtirme;2;TYT;25;1;;1;;320;637343;321.70538;;
111890266;  Bilgisayar Programcýlýðý;2;TYT;80;2;;2;;;703400;315.28738;;MEDEK
111890357;  Biliþim Güvenliði Teknolojisi;2;TYT;30;1;;1;;;...;----;;
111890273;  Bulut Biliþim Operatörlüðü;2;TYT;25;1;;1;;320;661146;319.34393;;
111890280;  Büyük Veri Analistliði;2;TYT;30;1;;1;;320;629800;322.47582;;
111890287;  Çok Boyutlu Modelleme ve Animasyon;2;TYT;40;1;;1;;;1004875;290.87828;;
111890364;  Oyun Geliþtirme ve Programlama;2;TYT;30;1;;1;;320;...;----;;
111890294;  Ön-Yüz Yazýlým Geliþtirme;2;TYT;25;1;;1;;320;679601;317.54251;;
111890301;  Yapay Zeka Operatörlüðü;2;TYT;30;1;;1;;320;516098;335.35328;;
;Denizcilik Meslek Yüksekokulu (Kocaali);;;;;;;;;;;;
111890197;  Deniz Ulaþtýrma ve Ýþletme;2;TYT;30;1;;1;;11;755931;310.50154;;
111890215;  Deniz ve Liman Ýþletmeciliði;2;TYT;30;1;;1;;;1113505;283.31290;;
111890198;  Gemi Ýnþaatý;2;TYT;40;1;;1;;;894302;299.09260;;
111890371;  Gemi Makineleri Ýþletmeciliði;2;TYT;30;1;;1;;11;...;----;;
111890199;  Sivil Savunma ve Ýtfaiyecilik;2;TYT;40;1;;;;9;815362;305.41677;;
;Ferizli Meslek Yüksekokulu;;;;;;;;;;;;
111890174;  Grafik Tasarýmý;2;TYT;40;1;;1;;;947520;295.08275;;
111890181;  Ýþ Saðlýðý ve Güvenliði;2;TYT;30;1;;1;;;1244864;274.65887;*;MEDEK
111851277;  Ýþletme Yönetimi;2;TYT;30;1;;1;;;1713624;246.51868;;
111851708;  Moda Tasarýmý;2;TYT;40;1;;1;;;1265556;273.32995;;
111890180;  Moda Yönetimi;2;TYT;30;1;;1;;;1623815;251.66050;;
111851029;  Tekstil Teknolojisi;2;TYT;40;1;;1;;;1826807;240.15151;;
;Geyve Meslek Yüksekokulu;;;;;;;;;;;;
111851092;  Bankacýlýk ve Sigortacýlýk;2;TYT;30;1;;1;;;1527854;257.27931;*;MEDEK
111850967;  Dýþ Ticaret;2;TYT;40;1;;1;;319;1662798;249.41715;;
111890190;  Emlak Yönetimi;2;TYT;40;1;;1;;;1739475;245.04615;;
111851056;  Halkla Ýliþkiler ve Tanýtým;2;TYT;80;2;;2;;319;1781480;242.67902;;
111890182;  Ýnsan Kaynaklarý Yönetimi;2;TYT;45;2;;2;;319;1368398;266.90785;;
111851268;  Ýþletme Yönetimi;2;TYT;30;1;;1;;319;1741088;244.95589;;
111850446;  Maliye;2;TYT;50;2;;2;;;1802035;241.52205;;
111851074;  Mimari Restorasyon;2;TYT;40;1;;1;;;1495147;259.20837;;
111851153;  Muhasebe ve Vergi Uygulamalarý;2;TYT;30;1;;1;;;1671195;248.93677;;
;Hendek Meslek Yüksekokulu;;;;;;;;;;;;
111890308;  Dijital Dönüþüm Elektroniði;2;TYT;25;1;;1;;320;1044050;288.09538;;
111850597;  Elektrik;2;TYT;50;2;;2;;;1154787;280.54113;;
111851408;  Elektronik Teknolojisi;2;TYT;40;1;;1;;;1217464;276.44733;;
111890315;  Endüstri Ürünleri Tasarýmý;2;TYT;40;1;;1;;;1605810;252.71539;;
111890378;  Hidrojen ve Enerji Depolama Teknikerliði;2;TYT;25;1;;1;;;...;----;;
111890322;  Ýmalat Yürütme Sistemleri Operatörlüðü;2;TYT;25;1;;1;;320;1408153;264.46261;;
111851295;  Ýþletme Yönetimi;2;TYT;30;1;;1;;;1650583;250.11901;;
111850631;  Makine;2;TYT;60;2;;2;;;1204325;277.29136;*;MEDEK
111890187;  Makine Resim ve Konstrüksiyonu;2;TYT;40;1;;1;;;1391696;265.47266;;
111890385;  Mekatronik;2;TYT;40;1;;1;;;816010;305.36303;;
111851162;  Muhasebe ve Vergi Uygulamalarý;2;TYT;30;1;;1;;;1591802;253.53099;;
111890329;  Otonom Sistemler Teknikerliði;2;TYT;25;1;;1;;320;697943;315.79428;;
111890336;  Robotik ve Yapay Zeka;2;TYT;25;1;;1;;320;456580;343.32598;;
111890392;  Yenilenebilir Enerji Teknikerliði;2;TYT;25;1;;1;;;...;----;;
;Kaynarca Seyfettin Selim Meslek Yüksekokulu;;;;;;;;;;;;
111851805;  Bilgisayar Destekli Tasarým ve Animasyon;2;TYT;50;2;;2;;;1089910;284.91468;;
111890399;  Bilgisayar Destekli Tasarým ve Animasyon (KKTC Uyruklu);2;TYT;1;;;;;5;...;----;;
111890406;  Ýç Mekan Tasarýmý;2;TYT;40;1;;1;;;1044366;288.07191;;
111851302;  Ýþletme Yönetimi;2;TYT;30;1;;1;;;1807018;241.25044;;
111851568;  Maliye;2;TYT;40;1;;1;;;1846052;239.07326;*;MEDEK
111890413;  Mobilya ve Dekorasyon;2;TYT;40;1;;1;;;1766002;243.55208;;
;Pamukova Meslek Yüksekokulu;;;;;;;;;;;;
111890205;  Eczane Hizmetleri;2;TYT;35;1;;1;;;696184;315.96237;;
111851647;  Gýda Kalite Kontrolü ve Analizi;2;TYT;40;1;;1;;;1534190;256.90220;;
111850773;  Gýda Teknolojisi;2;TYT;35;1;;1;;;1294067;271.53321;;
111890217;  Laborant ve Veteriner Saðlýk;2;TYT;40;1;;1;;;859715;301.79483;;
111851656;  Laboratuvar Teknolojisi;2;TYT;40;1;;1;;;975715;292.98513;*;MEDEK
;Sakarya Meslek Yüksekokulu;;;;;;;;;;;;
111890188;  Basým ve Yayým Teknolojileri;2;TYT;55;2;;2;;;1477711;260.24124;;
111850225;  Bilgisayar Programcýlýðý;2;TYT;60;2;;2;;;438892;345.90510;;
111851541;  Büro Yönetimi ve Yönetici Asistanlýðý;2;TYT;35;1;;1;;;1067648;286.44609;;
111851002;  Çevre Koruma ve Kontrol;2;TYT;40;1;;1;;;1515861;257.97671;;
111851392;  Elektronik Teknolojisi;2;TYT;50;2;;2;;;949492;294.93495;;
111850076;  Endüstriyel Kalýpçýlýk;2;TYT;40;1;;1;;;1382232;266.05573;;
111851514;  Halkla Ýliþkiler ve Tanýtým;2;TYT;50;2;;2;;;1178271;278.97918;;
111851498;  Ýnþaat Teknolojisi;2;TYT;40;1;;1;;;1154926;280.53270;;
111851232;  Ýþletme Yönetimi;2;TYT;30;1;;1;;;1205597;277.20803;;
111850119;  Lojistik;2;TYT;50;2;;2;;;966357;293.67808;;
111850128;  Makine;2;TYT;80;2;;2;;;909683;297.91811;;MEDEK
111890186;  Makine Resim ve Konstrüksiyonu;2;TYT;40;1;;1;;;1136774;281.75719;;
111850146;  Mekatronik;2;TYT;50;2;;2;;;626904;322.76684;*;MEDEK
111851523;  Metalurji;2;TYT;40;1;;1;;;1420227;263.71325;;
111851117;  Muhasebe ve Vergi Uygulamalarý;2;TYT;30;1;;1;;;1121488;282.77210;;
111851814;  Perakende Satýþ ve Maðaza Yönetimi;2;TYT;50;2;;2;;;1664696;249.30770;;
;Sapanca Meslek Yüksekokulu;;;;;;;;;;;;
111851083;  Bankacýlýk ve Sigortacýlýk;2;TYT;30;1;;1;;;1131601;282.10053;;
111850843;  Dýþ Ticaret;2;TYT;40;1;;1;;;1298501;271.25476;;
111851065;  Halkla Ýliþkiler ve Tanýtým;2;TYT;50;2;;2;;;1572741;254.64963;;
111890176;  Medya ve Ýletiþim;2;TYT;60;2;;2;;;1380469;266.15913;;
111851198;  Muhasebe ve Vergi Uygulamalarý;2;TYT;30;1;;1;;;1359254;267.48425;;
111851771;  Pazarlama;2;TYT;30;1;;1;;;1600407;253.02781;*;MEDEK
;Sapanca Turizm Meslek Yüksekokulu;;;;;;;;;;;;
111851753;  Aþçýlýk;2;TYT;60;2;;2;;;791155;307.46421;*;MEDEK
111890231;  Pastacýlýk ve Ekmekçilik;2;TYT;30;1;;1;;;914462;297.55352;;
111850904;  Turizm ve Otel Ýþletmeciliði;2;TYT;25;1;;1;;;1318163;270.03012;;
111851435;  Turizm ve Seyahat Hizmetleri;2;TYT;25;1;;1;;;1572861;254.64276;;
;SAKARYA ÜNÝVERSÝTESÝ (Devlet Üniversitesi);;;;;;;;;;;;YÖKAK
;Adapazarý Meslek Yüksekokulu;;;;;;;;;;;;
108890242;  Acil Durum ve Afet Yönetimi (Uzaktan Öðretim);2;TYT;100;3;;3;;7;1202625;277.40184;;
108851471;  Bilgisayar Programcýlýðý (Uzaktan Öðretim);2;TYT;80;2;;2;;7, 8;726971;313.11431;;
108851577;  Ýnternet ve Að Teknolojileri (Uzaktan Öðretim);2;TYT;90;3;;3;;7, 8;1294073;271.53293;;
108890252;  Saðlýk Bilgi Sistemleri Teknikerliði (Uzaktan Öðretim);2;TYT;100;3;;3;;7;1334359;269.02024;;
108890251;  Web Tasarýmý ve Kodlama (Uzaktan Öðretim);2;TYT;100;3;;3;;7;887430;299.62041;;
;Sakarya Saðlýk Hizmetleri Meslek Yüksekokulu;;;;;;;;;;;;
108890294;  Aðýz ve Diþ Saðlýðý;2;TYT;30;1;;1;;;455987;343.41488;;
108890179;  Anestezi;2;TYT;40;1;;1;;;350916;360.56714;;
108850234;  Çocuk Geliþimi;2;TYT;40;1;;1;;;736533;312.23776;;
108851665;  Fizyoterapi;2;TYT;40;1;;1;;;547161;331.57011;;
108851726;  Ýlk ve Acil Yardým;2;TYT;40;1;;1;;;431165;347.06352;;MEDEK
108851744;  Optisyenlik;2;TYT;40;1;;1;;;603037;325.27179;;
108850243;  Týbbi Dokümantasyon ve Sekreterlik;2;TYT;30;1;;1;;;535577;332.94698;;
108851462;  Týbbi Laboratuvar Teknikleri;2;TYT;50;2;;2;;;522717;334.51258;;MEDEK
108851444;  Yaþlý Bakýmý;2;TYT;65;2;;2;;;910514;297.85518;*;MEDEK
;SAMSUN ÜNÝVERSÝTESÝ (Devlet Üniversitesi);;;;;;;;;;;;
;Kavak Meslek Yüksekokulu;;;;;;;;;;;;
112771064;  Coðrafi Bilgi Sistemleri;2;TYT;30;1;;1;;;1876024;237.40841;;
112771065;  Elektrik;2;TYT;40;1;;1;;;1295441;271.44564;;
112750504;  Harita ve Kadastro;2;TYT;30;1;;1;;;1319021;269.97636;;
112750885;  Ýnþaat Teknolojisi;2;TYT;40;1;;1;;;1700877;247.24132;;
112751468;  Ýþ Makineleri Operatörlüðü;2;TYT;30;1;;1;;;1311570;270.43073;;
112751292;  Mimari Restorasyon;2;TYT;40;1;;1;;;1795157;241.90770;;
112751062;  Yapý Denetimi;2;TYT;50;2;;2;;;1800931;241.58263;;
;Teknik Bilimler Meslek Yüksekokulu;;;;;;;;;;;;
112771281;  Arka-Yüz Yazýlým Geliþtirme;2;TYT;30;1;;1;;320;...;----;;
112771288;  Makine Resim ve Konstrüksiyonu;2;TYT;30;1;;1;;;...;----;;
112771295;  Ön-Yüz Yazýlým Geliþtirme;2;TYT;30;1;;1;;320;...;----;;
112771127;  Sivil Havacýlýk Kabin Hizmetleri;2;TYT;25;1;;1;;10;589342;326.76727;;
;SELÇUK ÜNÝVERSÝTESÝ (KONYA) (Devlet Üniversitesi);;;;;;;;;;;;YÖKAK
;Akören Ali Rýza Ercan Meslek Yüksekokulu;;;;;;;;;;;;
108953193;  Bankacýlýk ve Sigortacýlýk;2;TYT;25;1;;1;;;1849864;238.86331;;
108950693;  Bilgisayar Programcýlýðý;2;TYT;70;2;;2;;;1228345;275.73161;;
108952432;  Elektronik Teknolojisi;2;TYT;50;2;;2;;;1741884;244.91119;;
108953209;  Lojistik;2;TYT;40;1;;1;;;1839859;239.41845;;
108990375;  Muhasebe ve Vergi Uygulamalarý;2;TYT;30;1;;1;;;1831318;239.89883;;
;Akþehir Meslek Yüksekokulu;;;;;;;;;;;;
108952768;  Bankacýlýk ve Sigortacýlýk;2;TYT;25;1;;1;;;1525889;257.38750;;
108952308;  Ýþletme Yönetimi;2;TYT;30;1;;1;;;1932477;234.30539;;
108950727;  Maliye;2;TYT;40;1;;1;;;1934603;234.18801;;
108952186;  Muhasebe ve Vergi Uygulamalarý;2;TYT;30;1;;1;;;1848963;238.91347;;
108953412;  Turist Rehberliði;2;TYT;40;1;;1;;;1649391;250.18775;;
108950745;  Turizm ve Otel Ýþletmeciliði;2;TYT;25;1;;1;;;1803727;241.42851;;
;Beyþehir Ali Akkanat Meslek Yüksekokulu;;;;;;;;;;;;
108953324;  Aþçýlýk;2;TYT;60;2;;2;;;1081819;285.46323;;
108953051;  Bankacýlýk ve Sigortacýlýk;2;TYT;25;1;;1;;;1660382;249.55902;;
108950772;  Dýþ Ticaret;2;TYT;40;1;;1;;;1661751;249.47871;;
108952317;  Ýþletme Yönetimi;2;TYT;30;1;;1;;;1813431;240.89265;;
108953157;  Lojistik;2;TYT;50;2;;2;;;1883211;237.01419;;
108953281;  Maliye;2;TYT;40;1;;1;;;1822033;240.41275;;
108952195;  Muhasebe ve Vergi Uygulamalarý;2;TYT;30;1;;1;;;1797489;241.77260;;
108950806;  Turist Rehberliði;2;TYT;40;1;;1;;;1368283;266.91583;;
108950815;  Turizm ve Otel Ýþletmeciliði;2;TYT;25;1;;1;;;1708854;246.78873;;
108953333;  Yerel Yönetimler;2;TYT;30;1;;1;;;1888855;236.70076;;
;Bozkýr Meslek Yüksekokulu;;;;;;;;;;;;
108953369;  Alternatif Enerji Kaynaklarý Teknolojisi;2;TYT;35;1;;1;;;1882874;237.03221;;
108952617;  Bilgisayar Programcýlýðý;2;TYT;60;2;;2;;;1357313;267.60197;;
108990300;  Halkla Ýliþkiler ve Tanýtým;2;TYT;50;2;;2;;;1948162;233.45441;;
108953166;  Mimari Restorasyon;2;TYT;40;1;;1;;;1972334;232.14116;;
108953421;  Saðlýk Bilgi Sistemleri Teknikerliði;2;TYT;60;2;;2;;;1520126;257.73045;;
;Cihanbeyli Meslek Yüksekokulu;;;;;;;;;;;;
108950903;  Makine;2;TYT;40;1;;1;;;1615734;252.13665;;
108990431;  Makine Resim ve Konstrüksiyonu;2;TYT;30;1;;1;;;1809914;241.08740;;
108952202;  Muhasebe ve Vergi Uygulamalarý;2;TYT;30;1;;1;;;1893902;236.41779;;
108990373;  Otomotiv Teknolojisi;2;TYT;30;1;;1;;;1519886;257.74394;;
;Çumra Meslek Yüksekokulu;;;;;;;;;;;;
108953121;  Coðrafi Bilgi Sistemleri;2;TYT;40;1;;1;;;1976420;231.91891;;
108990430;  Doðalgaz ve Tesisatý Teknolojisi;2;TYT;30;1;;1;;;1927008;234.60562;;
108952802;  Gýda Teknolojisi;2;TYT;30;1;;1;;;1780861;242.71448;;
108953139;  Laboratuvar Teknolojisi;2;TYT;40;1;;1;;;999715;291.24535;;
108990432;  Makine Resim ve Konstrüksiyonu;2;TYT;40;1;;1;;;1768671;243.40676;;
108950957;  Organik Tarým;2;TYT;30;1;;1;;;1932066;234.32659;;
;Doðanhisar Meslek Yüksekokulu;;;;;;;;;;;;
108951055;  Bankacýlýk ve Sigortacýlýk;2;TYT;25;1;;1;;;1924620;234.73454;;
108953263;  Lojistik;2;TYT;35;1;;1;;;1914794;235.27693;;
108953272;  Maliye;2;TYT;40;1;;1;;;1969598;232.29409;;
108990301;  Ulaþtýrma ve Trafik Hizmetleri;2;TYT;25;1;;1;;;1878691;237.26279;;
;Güneysýnýr Meslek Yüksekokulu;;;;;;;;;;;;
108990428;  Biliþim Güvenliði Teknolojisi;2;TYT;50;2;;2;;;1495119;259.21029;;
108951107;  Harita ve Kadastro;2;TYT;30;1;;1;;;1766743;243.51254;;
108990291;  Tapu ve Kadastro;2;TYT;45;2;;2;;;1247013;274.51836;;
;Hadim Meslek Yüksekokulu;;;;;;;;;;;;
108953439;  Bankacýlýk ve Sigortacýlýk;2;TYT;25;1;;1;;;1905508;235.78190;;
108990303;  Büro Yönetimi ve Yönetici Asistanlýðý;2;TYT;30;1;;1;;;1615735;252.13664;;
108951152;  Harita ve Kadastro;2;TYT;30;1;;1;;;1880151;237.17830;;
;Huðlu Meslek Yüksekokulu;;;;;;;;;;;;
108990429;  Biliþim Güvenliði Teknolojisi;2;TYT;50;2;;2;;;1583867;253.99978;;
108953351;  Ýþ Saðlýðý ve Güvenliði;2;TYT;30;1;;1;;;1575764;254.47680;;
108951222;  Makine;2;TYT;30;1;;1;;;1429494;263.14424;;
108990295;  Silah Sanayi Teknikerliði;2;TYT;60;2;;2;;;857427;301.97790;;
;Ilgýn Meslek Yüksekokulu;;;;;;;;;;;;
108951346;  Bilgisayar Programcýlýðý;2;TYT;60;2;;2;;;1271824;272.93242;;
108951276;  Elektrik;2;TYT;50;2;;2;;;1536666;256.75796;;
108952441;  Elektronik Teknolojisi;2;TYT;45;2;;2;;;1740563;244.98428;;
108951294;  Makine;2;TYT;50;2;;2;;;1660250;249.56679;;
108953078;  Mekatronik;2;TYT;40;1;;1;;;1545864;256.21650;;
;Kadýnhaný Faik Ýçil Meslek Yüksekokulu;;;;;;;;;;;;
108951373;  Harita ve Kadastro;2;TYT;30;1;;1;;;1777507;242.90693;;
108952592;  Ýnþaat Teknolojisi;2;TYT;30;1;;1;;;1879234;237.23071;;
108990449;  Ýþletme Yönetimi;2;TYT;30;1;;1;;;1940217;233.88230;;
108952759;  Lojistik;2;TYT;30;1;;1;;;1908009;235.64674;;
108951407;  Mekatronik;2;TYT;35;1;;1;;;1329936;269.29727;;
108990448;  Saðlýk Bilgi Sistemleri Teknikerliði;2;TYT;40;1;;1;;;1310547;270.49547;;
108990306;  Sivil Savunma ve Ýtfaiyecilik;2;TYT;40;1;;;;9;886313;299.70815;;
108952741;  Yapý Denetimi;2;TYT;30;1;;1;;;1964909;232.53947;;
108951416;  Yerel Yönetimler;2;TYT;30;1;;1;;;1988271;231.27234;;
;Karapýnar Aydoðanlar Meslek Yüksekokulu;;;;;;;;;;;;
108953457;  Alternatif Enerji Kaynaklarý Teknolojisi;2;TYT;40;1;;1;;;1811306;241.01014;;
108952777;  Gýda Kalite Kontrolü ve Analizi;2;TYT;40;1;;1;;;1829601;239.98996;;
108953087;  Laborant ve Veteriner Saðlýk;2;TYT;90;3;;3;;;1092346;284.75227;;
108990374;  Özel Güvenlik ve Koruma;2;TYT;45;2;;2;;2;1470700;260.66620;;
108952114;  Süt ve Ürünleri Teknolojisi;2;TYT;20;1;;1;;;1935560;234.13552;;
;Kulu Meslek Yüksekokulu;;;;;;;;;;;;
108952653;  Bilgisayar Programcýlýðý;2;TYT;60;2;;2;;;1266577;273.26668;;
108951628;  Elektrik;2;TYT;40;1;;1;;;1551798;255.87221;;
108990376;  Ýþ Saðlýðý ve Güvenliði;2;TYT;30;1;;1;;;1651040;250.09358;;
;Saðlýk Hizmetleri Meslek Yüksekokulu;;;;;;;;;;;;
108953175;  Ameliyathane Hizmetleri;2;TYT;60;2;;2;;;525677;334.14032;;
108950233;  Anestezi;2;TYT;40;1;;1;;;313484;367.96364;;
108950242;  Çocuk Geliþimi;2;TYT;40;1;;1;;;676968;317.79413;;
108953236;  Diyaliz;2;TYT;70;2;;2;;;571833;328.70329;;
108953245;  Engelli Bakýmý ve Rehabilitasyon;2;TYT;70;2;;2;;;995703;291.53143;;
108953403;  Engelli Bakýmý ve Rehabilitasyon (KKTC Uyruklu);2;TYT;1;;;;;5;;;;
108953254;  Fizyoterapi;2;TYT;40;1;;1;;;517940;335.11718;;
108953042;  Ýlk ve Acil Yardým;2;TYT;35;1;;1;;;366209;357.75791;;
108953184;  Odyometri;2;TYT;50;2;;2;;;578203;327.99080;;
108952565;  Týbbi Görüntüleme Teknikleri;2;TYT;40;1;;1;;;381449;355.04940;;
108952547;  Týbbi Laboratuvar Teknikleri;2;TYT;50;2;;2;;;464733;342.18378;;
108952811;  Yaþlý Bakýmý;2;TYT;70;2;;2;;;876756;300.46162;;
;Sarayönü Meslek Yüksekokulu;;;;;;;;;;;;
108952662;  Bilgisayar Programcýlýðý;2;TYT;50;2;;2;;;959601;294.18738;;
108952071;  Çevre Koruma ve Kontrol;2;TYT;25;1;;1;;;1856947;238.47024;;
108951725;  Gýda Teknolojisi;2;TYT;35;1;;1;;;1868918;237.81320;;
108951734;  Organik Tarým;2;TYT;30;1;;1;;;1999120;230.69278;;
108951743;  Tohumculuk Teknolojisi;2;TYT;20;1;;1;;;1957917;232.92065;;
;Silifke Taþucu Meslek Yüksekokulu;;;;;;;;;;;;
108953299;  Aþçýlýk;2;TYT;70;2;;2;;;1163183;279.97900;;
108952256;  Bahçe Tarýmý;2;TYT;40;1;;1;;;1914315;235.30309;;
108952098;  Dýþ Ticaret;2;TYT;40;1;;1;;;1772517;243.18940;;
108952468;  Elektronik Teknolojisi;2;TYT;40;1;;1;;;1614868;252.18572;;
108952635;  Ýnþaat Teknolojisi;2;TYT;30;1;;1;;;1937814;234.01454;;
108951982;  Turist Rehberliði;2;TYT;50;2;;2;;;1648332;250.24600;;
108951991;  Turizm ve Otel Ýþletmeciliði;2;TYT;25;1;;1;;;1720247;246.14532;;
108952017;  Yerel Yönetimler;2;TYT;30;1;;1;;;1919558;235.00898;;
;Sosyal Bilimler Meslek Yüksekokulu;;;;;;;;;;;;
108950287;  Bankacýlýk ve Sigortacýlýk;2;TYT;30;1;;1;;;1061746;286.85555;;
108952671;  Büro Yönetimi ve Yönetici Asistanlýðý;2;TYT;40;1;;1;;;1014126;290.22065;;
108953342;  Çaðrý Merkezi Hizmetleri;2;TYT;60;2;;2;;;1066338;286.53548;;
108950303;  Dýþ Ticaret;2;TYT;40;1;;1;;;948612;295.00001;;
108990433;  Emlak Yönetimi;2;TYT;50;2;;2;;;1422521;263.57185;;
108952123;  Halkla Ýliþkiler ve Tanýtým;2;TYT;80;2;;2;;;1267059;273.23680;;
108952283;  Ýþletme Yönetimi;2;TYT;30;1;;1;;;1327470;269.44937;;
108952705;  Lojistik;2;TYT;80;2;;2;;;1318306;270.02151;;
108952168;  Muhasebe ve Vergi Uygulamalarý;2;TYT;30;1;;1;;;1180475;278.83977;;
108950348;  Pazarlama;2;TYT;30;1;;1;;;1486620;259.72326;;
108950366;  Turizm ve Otel Ýþletmeciliði;2;TYT;25;1;;1;;;1312452;270.37433;;
;Taþkent Meslek Yüksekokulu;;;;;;;;;;;;
108953378;  Bankacýlýk ve Sigortacýlýk;2;TYT;25;1;;1;;;1900981;236.03065;;
108952847;  Harita ve Kadastro;2;TYT;30;1;;1;;;1878789;237.25676;;
108953387;  Ýþ Saðlýðý ve Güvenliði;2;TYT;30;1;;1;;;1689514;247.88489;;
;Yunak Meslek Yüksekokulu;;;;;;;;;;;;
108953448;  Bankacýlýk ve Sigortacýlýk;2;TYT;25;1;;1;;;1969064;232.32209;;
108953396;  Maliye;2;TYT;40;1;;1;;;1971600;232.18083;;
;SÝÝRT ÜNÝVERSÝTESÝ (Devlet Üniversitesi);;;;;;;;;;;;YÖKAK
;Eruh Meslek Yüksekokulu;;;;;;;;;;;;
109050354;  Çocuk Geliþimi;2;TYT;30;1;;1;;;1438960;262.57853;;
109090057;  Harita ve Kadastro;2;TYT;30;1;;1;;;1766480;243.52693;;
109050284;  Sosyal Hizmetler;2;TYT;30;1;;1;;;1799969;241.63340;;
;Kurtalan Meslek Yüksekokulu;;;;;;;;;;;;
109050309;  Bankacýlýk ve Sigortacýlýk;2;TYT;25;1;;1;;;1848265;238.95186;;
109050248;  Maliye;2;TYT;40;1;;1;;;1919153;235.03201;;
109050293;  Posta Hizmetleri;2;TYT;60;2;;2;;;1964490;232.56043;;
109090045;  Sosyal Hizmetler;2;TYT;30;1;;1;;;1713032;246.55075;;
;Saðlýk Hizmetleri Meslek Yüksekokulu;;;;;;;;;;;;
109090063;  Diyaliz;2;TYT;70;2;;2;;;783267;308.14212;;
109090046;  Fizyoterapi;2;TYT;40;1;;1;;;796819;306.98447;;
109050239;  Ýlk ve Acil Yardým;2;TYT;35;1;;1;;;510400;336.08227;;
109050054;  Týbbi Dokümantasyon ve Sekreterlik;2;TYT;30;1;;1;;;648114;320.63167;;
109050266;  Týbbi Görüntüleme Teknikleri;2;TYT;40;1;;1;;;575489;328.28796;;
109050275;  Týbbi Laboratuvar Teknikleri;2;TYT;50;2;;2;;;650378;320.40714;;
;Sosyal Bilimler Meslek Yüksekokulu;;;;;;;;;;;;
109090047;  Aþçýlýk;2;TYT;60;2;;2;;;1432758;262.94935;;
109050327;  Büro Yönetimi ve Yönetici Asistanlýðý;2;TYT;40;1;;1;;;1359609;267.46133;;
109090048;  Çaðrý Merkezi Hizmetleri;2;TYT;40;1;;1;;;1585977;253.87360;;
109050018;  Çocuk Geliþimi;2;TYT;30;1;;1;;;1194915;277.89870;;
109050124;  Geleneksel El Sanatlarý;2;TYT;25;1;;1;;;1860843;238.25501;;
109050178;  Ýþletme Yönetimi;2;TYT;30;1;;1;;;1838996;239.46797;;
109050133;  Muhasebe ve Vergi Uygulamalarý;2;TYT;30;1;;1;;;1703110;247.11183;;
109050336;  Sosyal Hizmetler;2;TYT;30;1;;1;;;1315120;270.20910;;
109050345;  Yerel Yönetimler;2;TYT;30;1;;1;;;1798098;241.73620;;
;Tasarým Meslek Yüksekokulu;;;;;;;;;;;;
109090077;  Ýç Mekan Tasarýmý;2;TYT;30;1;;1;;;1664203;249.33844;;
;Teknik Bilimler Meslek Yüksekokulu;;;;;;;;;;;;
109050169;  Bilgisayar Programcýlýðý;2;TYT;60;2;;2;;;1283206;272.20894;;
109050081;  Elektrik;2;TYT;60;2;;2;;;1527245;257.31202;;
109050106;  Gýda Teknolojisi;2;TYT;35;1;;1;;;1864270;238.06597;;
109050187;  Ýnþaat Teknolojisi;2;TYT;40;1;;1;;;1882474;237.05546;;
109050142;  Kimya Teknolojisi;2;TYT;20;1;;1;;;1808151;241.18499;;
109050099;  Makine;2;TYT;40;1;;1;;;1777640;242.89875;;
109050372;  Özel Güvenlik ve Koruma;2;TYT;60;2;;2;;2;1407287;264.51629;;
109090060;  Raylý Sistemler Elektrik ve Elektronik;2;TYT;50;2;;2;;6;1504103;258.67635;;
;SÝNOP ÜNÝVERSÝTESÝ (Devlet Üniversitesi);;;;;;;;;;;;
;Ayancýk Meslek Yüksekokulu;;;;;;;;;;;;
109150308;  Çocuk Geliþimi;2;TYT;35;1;;1;;;1201342;277.48082;;
109190037;  Dýþ Ticaret;2;TYT;30;1;;1;;;1754963;244.17646;;
109190055;  Ýç Mekan Tasarýmý;2;TYT;30;1;;1;;;1476526;260.31349;;
109190038;  Ýnternet ve Að Teknolojileri;2;TYT;50;2;;2;;;1629398;251.33729;;
109150238;  Kontrol ve Otomasyon Teknolojisi;2;TYT;30;1;;1;;;1627556;251.44634;;
109150317;  Lojistik;2;TYT;60;2;;2;;;1768204;243.43301;;
109150468;  Ormancýlýk ve Orman Ürünleri;2;TYT;30;1;;1;;;870985;300.92020;;
;Boyabat Meslek Yüksekokulu;;;;;;;;;;;;
109150502;  Coðrafi Bilgi Sistemleri;2;TYT;30;1;;1;;;1950204;233.34245;;
109190185;  Emlak Yönetimi;2;TYT;30;1;;1;;;...;----;;
109150062;  Harita ve Kadastro;2;TYT;30;1;;1;;;1651235;250.08210;;
109150177;  Ýnþaat Teknolojisi;2;TYT;40;1;;1;;;1943742;233.69551;;
109150353;  Ýþ Saðlýðý ve Güvenliði;2;TYT;30;1;;1;;;1606536;252.67615;;
109190056;  Laboratuvar Teknolojisi;2;TYT;30;1;;1;;;1070229;286.26553;;
109190039;  Mimari Restorasyon;2;TYT;40;1;;1;;;1915579;235.23114;;
109190042;  Sivil Savunma ve Ýtfaiyecilik;2;TYT;50;2;;;;9;1100014;284.23737;;
;Duraðan Meslek Yüksekokulu;;;;;;;;;;;;
109190027;  Eczane Hizmetleri;2;TYT;35;1;;1;;;855113;302.16809;;
109190028;  Ýlk ve Acil Yardým;2;TYT;35;1;;1;;;565564;329.42928;;
;Gerze Meslek Yüksekokulu;;;;;;;;;;;;
109150486;  Aþçýlýk;2;TYT;50;2;;2;;;1103840;283.97939;;
109190040;  Bankacýlýk ve Sigortacýlýk;2;TYT;25;1;;1;;;1439539;262.54380;;
109190213;  Basým ve Yayým Teknolojileri;2;TYT;30;1;;1;;;...;----;;
109190057;  Bilgisayar Programcýlýðý (Uzaktan Öðretim);2;TYT;150;4;;4;;7, 8;1760785;243.84515;;
109150274;  Deniz ve Liman Ýþletmeciliði;2;TYT;30;1;;1;;;1396990;265.14655;;
109150283;  Grafik Tasarýmý;2;TYT;60;2;;2;;;1346558;268.27058;;
109190094;  Moda Tasarýmý;2;TYT;25;1;;1;;;1722851;245.99120;;
109190058;  Otobüs Kaptanlýðý;2;TYT;30;1;;1;;;1950086;233.34785;;
109190041;  Saðlýk Bilgi Sistemleri Teknikerliði;2;TYT;50;2;;2;;;1232257;275.47700;;
109150114;  Tekstil Teknolojisi;2;TYT;25;1;;1;;;1951026;233.29648;;
109150105;  Turizm ve Otel Ýþletmeciliði;2;TYT;25;1;;1;;;1548404;256.06975;;
;Meslek Yüksekokulu;;;;;;;;;;;;
109150168;  Bilgisayar Programcýlýðý;2;TYT;60;2;;2;;;877619;300.39353;;
109190192;  Büyük Veri Analistliði;2;TYT;30;1;;1;;320;...;----;;
109150026;  Elektrik;2;TYT;50;2;;2;;;1349718;268.07153;;
109150035;  Makine;2;TYT;50;2;;2;;;1428518;263.20254;;
109150202;  Mekatronik;2;TYT;50;2;;2;;;1232444;275.46488;;
109150123;  Muhasebe ve Vergi Uygulamalarý;2;TYT;30;1;;1;;;1522270;257.60619;;
109190199;  Nükleer Teknoloji ve Radyasyon Güvenliði;2;TYT;30;1;;1;;;...;----;;
109190206;  Oyun Geliþtirme ve Programlama;2;TYT;30;1;;1;;320;...;----;;
109150326;  Su Altý Teknolojisi;2;TYT;30;1;;1;;57;1303144;270.96248;;
;Saðlýk Hizmetleri Meslek Yüksekokulu;;;;;;;;;;;;
109190087;  Anestezi;2;TYT;30;1;;1;;;363167;358.29649;;
109150459;  Çevre Saðlýðý;2;TYT;40;1;;1;;;1032011;288.94120;;
109190045;  Diyaliz;2;TYT;50;2;;2;;;674480;318.03174;;
109150398;  Týbbi Dokümantasyon ve Sekreterlik;2;TYT;30;1;;1;;;611817;324.33971;;
109150432;  Týbbi Laboratuvar Teknikleri;2;TYT;50;2;;2;;;626651;322.79071;;
109190101;  Yaþlý Bakýmý;2;TYT;30;1;;1;;;977465;292.85772;;
;Türkeli Meslek Yüksekokulu;;;;;;;;;;;;
109190059;  Acil Durum ve Afet Yönetimi;2;TYT;40;1;;1;;;972169;293.24755;;
109190043;  Çocuk Koruma ve Bakým Hizmetleri;2;TYT;60;2;;2;;;1452708;261.75482;;
109190031;  Evde Hasta Bakýmý;2;TYT;60;2;;2;;;874779;300.61216;;
;SÝVAS BÝLÝM VE TEKNOLOJÝ ÜNÝVERSÝTESÝ (Devlet Üniversitesi);;;;;;;;;;;;
;Sivas Meslek Yüksekokulu;;;;;;;;;;;;
111900129;  Ýnsansýz Hava Aracý Teknolojisi ve Operatörlüðü;2;TYT;30;1;;1;;;499736;337.46798;;
;SÝVAS CUMHURÝYET ÜNÝVERSÝTESÝ (Devlet Üniversitesi);;;;;;;;;;;;YÖKAK
;Cumhuriyet Sosyal Bilimler Meslek Yüksekokulu;;;;;;;;;;;;
102690130;  Aþçýlýk;2;TYT;40;1;;1;;;982525;292.48226;;
102651446;  Bankacýlýk ve Sigortacýlýk;2;TYT;25;1;;1;;;1244592;274.67617;;
102652426;  Çaðrý Merkezi Hizmetleri;2;TYT;60;2;;2;;;1378302;266.29269;;
102650387;  Dýþ Ticaret;2;TYT;40;1;;1;;;1622888;251.71599;;
102652311;  Ýnsan Kaynaklarý Yönetimi;2;TYT;45;2;;2;;;1475419;260.37826;;
102651613;  Ýþletme Yönetimi;2;TYT;30;1;;1;;;1617741;252.02093;;
102690329;  Kurumsal Biliþim Uzmanlýðý;2;TYT;30;1;;1;;320;1056772;287.20062;;
102690336;  Mahkeme Büro Hizmetleri;2;TYT;30;1;;1;;;847728;302.77251;;
102650403;  Maliye;2;TYT;40;1;;1;;;1447130;262.08715;;
102651491;  Muhasebe ve Vergi Uygulamalarý;2;TYT;30;1;;1;;;1526002;257.38200;;
102690137;  Saðlýk Turizmi Ýþletmeciliði;2;TYT;30;1;;1;;;1670658;248.96647;;
102652647;  Sosyal Güvenlik;2;TYT;60;2;;2;;;1117817;283.02367;;
102650448;  Turizm ve Otel Ýþletmeciliði;2;TYT;25;1;;1;;;1549608;256.00125;;
;Divriði Nuri Demirað Meslek Yüksekokulu;;;;;;;;;;;;
102651455;  Bankacýlýk ve Sigortacýlýk;2;TYT;25;1;;1;;;1943316;233.71831;;
102690208;  Elektrik;2;TYT;50;2;;2;;;1679591;248.45552;;
102652665;  Lojistik;2;TYT;40;1;;1;;;1945983;233.57470;;
102690343;  Raylý Sistemler Makine Teknolojisi;2;TYT;30;1;;1;;6;1442844;262.35155;;
102690211;  Raylý Sistemler Makinistliði;2;TYT;70;2;;2;;6;1175936;279.12786;;
102690217;  Turizm ve Otel Ýþletmeciliði;2;TYT;20;1;;1;;;1821290;240.45278;;
;Gemerek Meslek Yüksekokulu;;;;;;;;;;;;
102651482;  Bankacýlýk ve Sigortacýlýk;2;TYT;25;1;;1;;;1954393;233.11335;;
102651437;  Halkla Ýliþkiler ve Tanýtým;2;TYT;30;1;;1;;;1986828;231.35258;;
102652602;  Laboratuvar Teknolojisi;2;TYT;30;1;;1;;;1230965;275.55900;;
102651985;  Maliye;2;TYT;30;1;;1;;;1947700;233.47902;;
102690272;  Saðlýk Bilgi Sistemleri Teknikerliði;2;TYT;30;1;;1;;;1635950;250.95942;;
;Gürün Meslek Yüksekokulu;;;;;;;;;;;;
102690186;  Aþçýlýk;2;TYT;30;1;;1;;;1425279;263.40310;;
102651385;  Bankacýlýk ve Sigortacýlýk;2;TYT;20;1;;1;;;1785503;242.45168;;
102690187;  Saðlýk Bilgi Sistemleri Teknikerliði;2;TYT;30;1;;1;;;1530305;257.13359;;
102690273;  Sosyal Hizmetler;2;TYT;30;1;;1;;;1454297;261.65463;;
;Hafik Kamer Örnek Meslek Yüksekokulu;;;;;;;;;;;;
102652514;  Bankacýlýk ve Sigortacýlýk;2;TYT;25;1;;1;;;1970545;232.24047;;
102690138;  Çocuk Geliþimi;2;TYT;35;1;;1;;;1446143;262.14883;;
102652559;  Raylý Sistemler Ýþletmeciliði;2;TYT;30;1;;1;;6;1741177;244.95101;;
102690184;  Saðlýk Kurumlarý Ýþletmeciliði;2;TYT;30;1;;1;;;1850278;238.83976;;
;Ýmranlý Meslek Yüksekokulu;;;;;;;;;;;;
102652523;  Ýþ Saðlýðý ve Güvenliði;2;TYT;30;1;;1;;;1706093;246.94401;;
102690413;  Özel Güvenlik ve Koruma;2;TYT;30;1;;1;;2;...;----;;
102690136;  Sivil Savunma ve Ýtfaiyecilik;2;TYT;50;2;;;;9;1159222;280.24619;;
;Kangal Meslek Yüksekokulu;;;;;;;;;;;;
102652374;  Bankacýlýk ve Sigortacýlýk;2;TYT;25;1;;1;;;1961543;232.72181;;
102652383;  Halkla Ýliþkiler ve Tanýtým;2;TYT;25;1;;1;;;1950494;233.32623;;
102690274;  Raylý Sistemler Ýþletmeciliði;2;TYT;30;1;;1;;6;1626968;251.48183;;
102690275;  Saðlýk Bilgi Sistemleri Teknikerliði;2;TYT;30;1;;1;;;1628396;251.39440;;
102652638;  Saðlýk Kurumlarý Ýþletmeciliði;2;TYT;30;1;;1;;;1838412;239.49977;;
;Koyulhisar Meslek Yüksekokulu;;;;;;;;;;;;
102652498;  Ormancýlýk ve Orman Ürünleri;2;TYT;30;1;;1;;;1098778;284.31655;;
102690119;  Posta Hizmetleri;2;TYT;45;2;;2;;;1987434;231.31835;;
102690276;  Sosyal Güvenlik;2;TYT;40;1;;1;;;1866142;237.96287;;
;Saðlýk Hizmetleri Meslek Yüksekokulu;;;;;;;;;;;;
102652144;  Aðýz ve Diþ Saðlýðý;2;TYT;40;1;;1;;;513993;335.62433;;
102650475;  Ameliyathane Hizmetleri;2;TYT;60;2;;2;;;605305;325.02985;;
102650484;  Anestezi;2;TYT;35;1;;1;;;366325;357.73740;;
102652171;  Çocuk Geliþimi;2;TYT;30;1;;1;;;915934;297.44448;;
102651755;  Diþ Protez Teknolojisi;2;TYT;30;1;;1;;;562463;329.79157;;
102650509;  Diyaliz;2;TYT;70;2;;2;;;685162;316.99829;;
102652656;  Eczane Hizmetleri;2;TYT;35;1;;1;;;719669;313.79160;;
102650518;  Fizyoterapi;2;TYT;30;1;;1;;;637534;321.68616;;
102690350;  Fizyoterapi (KKTC Uyruklu);2;TYT;2;;;;;5;436550;346.25079;;
102651967;  Ýlk ve Acil Yardým;2;TYT;45;2;;2;;;443223;345.26790;;
102650527;  Odyometri;2;TYT;40;1;;1;;;732214;312.63634;;
102652462;  Optisyenlik;2;TYT;40;1;;1;;;780132;308.41176;;
102650554;  Týbbi Dokümantasyon ve Sekreterlik;2;TYT;30;1;;1;;;534947;333.01947;;
102651816;  Týbbi Görüntüleme Teknikleri;2;TYT;40;1;;1;;;448358;344.53313;;
102651782;  Týbbi Laboratuvar Teknikleri;2;TYT;50;2;;2;;;572168;328.66413;;
102652074;  Yaþlý Bakýmý;2;TYT;70;2;;2;;;940454;295.60677;;
;Sivas Teknik Bilimler Meslek Yüksekokulu;;;;;;;;;;;;
102650378;  Bilgisayar Programcýlýðý;2;TYT;70;2;;2;;;747655;311.23919;;
102690308;  Büyük Veri Analistliði;2;TYT;30;1;;1;;320;844794;303.01074;;
102690315;  Dijital Dönüþüm Elektroniði;2;TYT;30;1;;1;;320;1141024;281.46521;;
102690207;  Doðalgaz ve Tesisatý Teknolojisi;2;TYT;40;1;;1;;;1863887;238.08900;;
102650245;  Elektrik;2;TYT;50;2;;2;;;1068587;286.38359;;
102651719;  Elektronik Haberleþme Teknolojisi;2;TYT;40;1;;1;;;1507106;258.49788;;
102651728;  Elektronik Teknolojisi;2;TYT;40;1;;1;;;1331865;269.17842;;
102652011;  Geleneksel El Sanatlarý;2;TYT;30;1;;1;;;1764540;243.63219;;
102651825;  Ýnþaat Teknolojisi;2;TYT;40;1;;1;;;1635915;250.96164;;
102652586;  Ýþ Saðlýðý ve Güvenliði;2;TYT;30;1;;1;;;1190900;278.15770;;
102690392;  Madencilik Teknolojisi;2;TYT;20;1;;1;;;...;----;;
102650306;  Makine;2;TYT;40;1;;1;;;1162001;280.06293;;
102652002;  Mekatronik;2;TYT;40;1;;1;;;1090349;284.88281;;
102652392;  Mimari Dekoratif Sanatlar;2;TYT;65;2;;2;;;1780994;242.70703;;
102652417;  Organik Tarým;2;TYT;40;1;;1;;;1783047;242.58788;;
102651588;  Otomotiv Teknolojisi;2;TYT;30;1;;1;;;1223058;276.07487;;
102652083;  Raylý Sistemler Makine Teknolojisi;2;TYT;60;2;;2;;6;949035;294.96845;;
102690399;  Sondaj Teknolojisi;2;TYT;20;1;;1;;;...;----;;
102690322;  Tekstil Teknolojisi;2;TYT;20;1;;1;;;1746162;244.66902;;
102652577;  Týbbi ve Aromatik Bitkiler;2;TYT;40;1;;1;;;1867490;237.88920;;
102652595;  Yapý Denetimi;2;TYT;40;1;;1;;;1655872;249.81696;;
;Suþehri Timur Karabal Meslek Yüksekokulu;;;;;;;;;;;;
102652038;  Bankacýlýk ve Sigortacýlýk;2;TYT;25;1;;1;;;1887257;236.78995;;
102652674;  Çocuk Geliþimi;2;TYT;35;1;;1;;;1421237;263.65218;;
102690277;  Gýda Kalite Kontrolü ve Analizi;2;TYT;30;1;;1;;;1951906;233.24859;;
102690278;  Saðlýk Kurumlarý Ýþletmeciliði;2;TYT;30;1;;1;;;1829284;240.00790;;
;Þarkýþla Aþýk Veysel Meslek Yüksekokulu;;;;;;;;;;;;
102651464;  Bankacýlýk ve Sigortacýlýk;2;TYT;25;1;;1;;;1980429;231.70301;;
102652435;  Çocuk Geliþimi;2;TYT;35;1;;1;;;1429208;263.16194;;
102690279;  Eczane Hizmetleri;2;TYT;35;1;;1;;;895092;299.03348;;
102652135;  Halkla Ýliþkiler ve Tanýtým;2;TYT;25;1;;1;;;1961332;232.73337;;
102652126;  Laborant ve Veteriner Saðlýk;2;TYT;70;2;;2;;;1307656;270.67749;;
102650996;  Maliye;2;TYT;40;1;;1;;;1986269;231.38502;;
102690185;  Saðlýk Kurumlarý Ýþletmeciliði;2;TYT;30;1;;1;;;1766821;243.50911;;
;Yýldýzeli Meslek Yüksekokulu;;;;;;;;;;;;
102651067;  Bankacýlýk ve Sigortacýlýk;2;TYT;25;1;;1;;;1781333;242.68876;;
102690406;  Biyokimya ;2;TYT;30;1;;1;;;...;----;;
102690134;  Çocuk Geliþimi;2;TYT;30;1;;1;;;1322296;269.77055;;
102652329;  Gýda Teknolojisi;2;TYT;30;1;;1;;;1917437;235.12859;;
102652683;  Laboratuvar Teknolojisi;2;TYT;30;1;;1;;;1187116;278.40867;;
102690210;  Saðlýk Kurumlarý Ýþletmeciliði;2;TYT;30;1;;1;;;1799355;241.66714;;
102690133;  Týbbi Laboratuvar Teknikleri;2;TYT;40;1;;1;;;712815;314.41789;;
102690209;  Týbbi Tanýtým ve Pazarlama;2;TYT;30;1;;1;;;1841421;239.33225;;
;Zara Ahmet Çuhadaroðlu Meslek Yüksekokulu;;;;;;;;;;;;
102651473;  Bankacýlýk ve Sigortacýlýk;2;TYT;25;1;;1;;;1989498;231.20800;;
102652692;  Çaðrý Merkezi Hizmetleri;2;TYT;40;1;;1;;;1834012;239.74537;;
102690280;  Gýda Kalite Kontrolü ve Analizi;2;TYT;40;1;;1;;;1998468;230.72603;;
;SÜLEYMAN DEMÝREL ÜNÝVERSÝTESÝ (ISPARTA) (Devlet Üniversitesi);;;;;;;;;;;;YÖKAK
;Atayalvaç Saðlýk Hizmetleri Meslek Yüksekokulu;;;;;;;;;;;;
109253355;  Fizyoterapi;2;TYT;30;1;;1;;;722135;313.56038;;
109253364;  Ýlk ve Acil Yardým;2;TYT;35;1;;1;;;549728;331.26986;;
109290269;  Týbbi Laboratuvar Teknikleri;2;TYT;30;1;;1;;;629652;322.49031;;
;Eðirdir Saðlýk Hizmetleri Meslek Yüksekokulu;;;;;;;;;;;;
109290341;  Çocuk Geliþimi;2;TYT;30;1;;1;;;1070542;286.24430;;
109253213;  Engelli Bakýmý ve Rehabilitasyon;2;TYT;80;2;;2;;;1330297;269.27644;;
109253258;  Ýlk ve Acil Yardým;2;TYT;35;1;;1;;;519725;334.88580;;
109253222;  Sosyal Hizmetler;2;TYT;40;1;;1;;;1283728;272.17738;;
109290342;  Týbbi Dokümantasyon ve Sekreterlik;2;TYT;30;1;;1;;;612331;324.28751;;
109253267;  Yaþlý Bakýmý;2;TYT;80;2;;2;;;1105526;283.86741;;
;Isparta Saðlýk Hizmetleri Meslek Yüksekokulu;;;;;;;;;;;;
109253328;  Aðýz ve Diþ Saðlýðý;2;TYT;50;2;;2;;;480189;340.05001;;
109250661;  Anestezi;2;TYT;50;2;;2;;;365867;357.81811;;
109253001;  Çocuk Geliþimi;2;TYT;30;1;;1;;;874344;300.64938;;
109252896;  Diþ Protez Teknolojisi;2;TYT;50;2;;2;;;435306;346.43431;;
109252887;  Fizyoterapi;2;TYT;50;2;;2;;;601987;325.38619;;
109252569;  Ýlk ve Acil Yardým;2;TYT;40;1;;1;;;446716;344.76127;;
109290396;  Týbbi Dokümantasyon ve Sekreterlik;2;TYT;30;1;;1;;;514505;335.55976;;
109252596;  Týbbi Görüntüleme Teknikleri;2;TYT;40;1;;1;;;471952;341.18440;;
109252348;  Týbbi Laboratuvar Teknikleri;2;TYT;50;2;;2;;;548023;331.47097;;
109290592;  Týbbi Veri Ýþleme Teknikerliði;2;TYT;30;1;;1;;;...;----;;
109252587;  Yaþlý Bakýmý;2;TYT;80;2;;2;;;913515;297.62593;;
;ÞIRNAK ÜNÝVERSÝTESÝ (Devlet Üniversitesi);;;;;;;;;;;;
;Cizre Meslek Yüksekokulu;;;;;;;;;;;;
109350069;  Bilgisayar Programcýlýðý;2;TYT;50;2;;2;;;1692472;247.72054;;
109350078;  Çocuk Geliþimi;2;TYT;30;1;;1;;;1471695;260.60702;;
109370181;  Elektronik Haberleþme Teknolojisi;2;TYT;25;1;;1;;;1827167;240.13129;;
109350051;  Muhasebe ve Vergi Uygulamalarý;2;TYT;25;1;;1;;;1856174;238.51232;;
109370148;  Sosyal Hizmetler;2;TYT;30;1;;1;;;1701135;247.22532;;
;Ýdil Meslek Yüksekokulu;;;;;;;;;;;;
109350139;  Çocuk Geliþimi;2;TYT;30;1;;1;;;1577696;254.36705;;
109350121;  Elektrikli Cihaz Teknolojisi;2;TYT;25;1;;1;;;1820219;240.51422;;
109370167;  Laborant ve Veteriner Saðlýk;2;TYT;15;1;;1;;;1348041;268.17690;;
109370149;  Sosyal Hizmetler;2;TYT;30;1;;1;;;1801337;241.55984;;
;Saðlýk Hizmetleri Meslek Yüksekokulu;;;;;;;;;;;;
109370168;  Çocuk Geliþimi;2;TYT;30;1;;1;;;1413144;264.14960;;
109370195;  Evde Hasta Bakýmý;2;TYT;30;1;;1;;;...;----;;
109370169;  Ýlk ve Acil Yardým;2;TYT;45;2;;2;;;599849;325.61839;;
109370170;  Optisyenlik;2;TYT;30;1;;1;;;1074336;285.97910;;
109370171;  Týbbi Dokümantasyon ve Sekreterlik;2;TYT;30;1;;1;;;744462;311.52750;;
109370202;  Týbbi Laboratuvar Teknikleri;2;TYT;30;1;;1;;;...;----;;
109370209;  Yaþlý Bakýmý;2;TYT;30;1;;1;;;...;----;;
;Silopi Meslek Yüksekokulu;;;;;;;;;;;;
109350103;  Bankacýlýk ve Sigortacýlýk;2;TYT;25;1;;1;;;1897566;236.21750;;
109370144;  Çocuk Geliþimi;2;TYT;30;1;;1;;;1566317;255.02132;;
109350096;  Dýþ Ticaret;2;TYT;30;1;;1;;;1950780;233.31029;;
109350112;  Lojistik;2;TYT;30;1;;1;;;1961433;232.72798;;
109370163;  Saðlýk Kurumlarý Ýþletmeciliði;2;TYT;30;1;;1;;;1792579;242.05505;;
;Þýrnak Meslek Yüksekokulu;;;;;;;;;;;;
109350087;  Büro Yönetimi ve Yönetici Asistanlýðý;2;TYT;35;1;;1;;;1702463;247.15092;;
109350015;  Elektrik;2;TYT;45;2;;2;;;1580408;254.20507;;
109370154;  Ýnþaat Teknolojisi;2;TYT;35;1;;1;;;1877762;237.31174;;
109370172;  Kuyumculuk ve Taký Tasarýmý;2;TYT;20;1;;1;;;1870483;237.72851;;
109350024;  Makine;2;TYT;30;1;;1;;;1724243;245.91399;;
109350042;  Muhasebe ve Vergi Uygulamalarý;2;TYT;30;1;;1;;;1828357;240.06098;;
109370153;  Otomotiv Teknolojisi;2;TYT;30;1;;1;;;1871932;237.64065;;
109370173;  Özel Güvenlik ve Koruma;2;TYT;40;1;;1;;2;1594196;253.39318;;
109370216;  Sondaj Teknolojisi;2;TYT;30;1;;1;;;...;----;;
;TARSUS ÜNÝVERSÝTESÝ (MERSÝN) (Devlet Üniversitesi);;;;;;;;;;;;YÖKAK
;Mersin Tarsus Organize Sanayi Bölgesi Teknik Bilimler Meslek Yüksekokulu;;;;;;;;;;;;
112070733;  Elektronik Teknolojisi;2;TYT;40;1;;1;;321;1363097;267.24462;;
112070690;  Gýda Teknolojisi;2;TYT;35;1;;1;;321;1516286;257.95245;;
112070740;  Ýklimlendirme ve Soðutma Teknolojisi;2;TYT;40;1;;1;;321;1687103;248.02303;;
112070691;  Kimya Teknolojisi;2;TYT;20;1;;1;;321;1447041;262.09247;;
112070692;  Makine;2;TYT;40;1;;1;;321;1242627;274.80644;;
112070693;  Mekatronik;2;TYT;40;1;;1;;321;1142075;281.39613;;
;Meslek Yüksekokulu;;;;;;;;;;;;
112070674;  Bankacýlýk ve Sigortacýlýk;2;TYT;25;1;;1;;;1235593;275.26599;*;MEDEK
112050823;  Bilgisayar Programcýlýðý;2;TYT;60;2;;2;;;821784;304.88665;;
112051354;  Büro Yönetimi ve Yönetici Asistanlýðý;2;TYT;35;1;;1;;;1363270;267.23277;;
112070681;  Dýþ Ticaret;2;TYT;40;1;;1;;;1292364;271.63920;;
112070672;  Grafik Tasarýmý;2;TYT;50;2;;2;;;1086368;285.15535;;
112070682;  Ýnsan Kaynaklarý Yönetimi;2;TYT;40;1;;1;;;1496390;259.13542;;
112070675;  Lojistik;2;TYT;50;2;;2;;;1193432;277.99629;;
112051593;  Moda Tasarýmý;2;TYT;40;1;;1;;;1422083;263.59817;;
112050983;  Muhasebe ve Vergi Uygulamalarý;2;TYT;30;1;;1;;;1407138;264.52581;*;MEDEK
112050798;  Pazarlama;2;TYT;30;1;;1;;;1583424;254.02497;;
112070695;  Sivil Hava Ulaþtýrma Ýþletmeciliði;2;TYT;30;1;;1;;10;868919;301.07804;;
;Saðlýk Hizmetleri Meslek Yüksekokulu;;;;;;;;;;;;
112070676;  Çocuk Geliþimi;2;TYT;30;1;;1;;;845200;302.98047;;
112070696;  Eczane Hizmetleri;2;TYT;35;1;;1;;;672434;318.23554;;
112070697;  Ýlk ve Acil Yardým;2;TYT;40;1;;1;;;427995;347.54442;*;MEDEK
112070673;  Saðlýk Kurumlarý Ýþletmeciliði;2;TYT;30;1;;1;;;1121694;282.75824;*;MEDEK
112070698;  Týbbi Dokümantasyon ve Sekreterlik;2;TYT;30;1;;1;;;542536;332.11117;;
;TEKÝRDAÐ NAMIK KEMAL ÜNÝVERSÝTESÝ (Devlet Üniversitesi);;;;;;;;;;;;YÖKAK
;Barbaros Denizcilik Meslek Yüksekokulu;;;;;;;;;;;;
107990206;  Deniz ve Liman Ýþletmeciliði;2;TYT;30;1;;1;;;1239066;275.04002;;
;Çerkezköy Meslek Yüksekokulu;;;;;;;;;;;;
107951155;  Büro Yönetimi ve Yönetici Asistanlýðý;2;TYT;35;1;;1;;;1659075;249.63328;;
107950624;  Halkla Ýliþkiler ve Tanýtým;2;TYT;50;2;;2;;;1611521;252.38156;;
107950554;  Ýþ Saðlýðý ve Güvenliði;2;TYT;30;1;;1;;;1242827;274.79329;;
107950545;  Lojistik;2;TYT;60;2;;2;;;1536673;256.75745;;
107951058;  Sivil Savunma ve Ýtfaiyecilik;2;TYT;40;1;;;;9;952050;294.74177;;
107951049;  Tekstil Teknolojisi;2;TYT;30;1;;1;;;1797643;241.76372;;
;Çorlu Meslek Yüksekokulu;;;;;;;;;;;;
107990150;  Çevre Koruma ve Kontrol;2;TYT;40;1;;1;;;1773586;243.13220;;
107950581;  Deri Teknolojisi;2;TYT;20;1;;1;;;1856638;238.48809;;
107950872;  Elektronik Teknolojisi;2;TYT;40;1;;1;;;1271434;272.95779;;
107951067;  Endüstri Ürünleri Tasarýmý;2;TYT;40;1;;1;;;1563461;255.18988;;
107951243;  Geleneksel El Sanatlarý;2;TYT;30;1;;1;;;1822330;240.39723;;
107950493;  Gýda Teknolojisi;2;TYT;35;1;;1;;;1439226;262.56313;;MEDEK
107950793;  Ýþletme Yönetimi;2;TYT;30;1;;1;;;1596179;253.27488;;
107950484;  Kooperatifçilik;2;TYT;20;1;;1;;;1877992;237.29959;;
107950209;  Makine;2;TYT;60;2;;2;;;1206656;277.14241;;
107950687;  Muhasebe ve Vergi Uygulamalarý;2;TYT;30;1;;1;;;1613835;252.24597;*;MEDEK
107950748;  Otomotiv Teknolojisi;2;TYT;30;1;;1;;;1301909;271.04135;;
107950236;  Pazarlama;2;TYT;30;1;;1;;;1736777;245.20216;;
107990213;  Su ve Atýk Yönetimi Teknikerliði;2;TYT;30;1;;1;;;...;----;;
107950615;  Tekstil Teknolojisi;2;TYT;25;1;;1;;;1668034;249.12025;;
;Hayrabolu Meslek Yüksekokulu;;;;;;;;;;;;
107950642;  Bankacýlýk ve Sigortacýlýk;2;TYT;25;1;;1;;;1403424;264.75670;;
107951173;  Büro Yönetimi ve Yönetici Asistanlýðý;2;TYT;25;1;;1;;;1745015;244.73218;;
107950272;  Makine;2;TYT;45;2;;2;;;1539394;256.59939;;
107950757;  Otomotiv Teknolojisi;2;TYT;30;1;;1;;;1563790;255.17182;;
;Malkara Meslek Yüksekokulu;;;;;;;;;;;;
107990220;  Elektrikli Cihaz Teknolojisi;2;TYT;60;2;;2;;;...;----;;
107950324;  Gýda Teknolojisi;2;TYT;35;1;;1;;;1771836;243.22757;;
107950836;  Ýþletme Yönetimi;2;TYT;30;1;;1;;;1850784;238.80933;;
107951207;  Makine;2;TYT;60;2;;2;;;1627503;251.44981;;
;Marmara Ereðlisi Meslek Yüksekokulu;;;;;;;;;;;;
107951164;  Büro Yönetimi ve Yönetici Asistanlýðý;2;TYT;40;1;;1;;;1679006;248.48899;;
107950703;  Muhasebe ve Vergi Uygulamalarý;2;TYT;30;1;;1;;;1693498;247.66160;*;MEDEK
107950378;  Turizm ve Otel Ýþletmeciliði;2;TYT;25;1;;1;;;1665004;249.29017;;
;Muratlý Meslek Yüksekokulu;;;;;;;;;;;;
107950809;  Ýþletme Yönetimi;2;TYT;30;1;;1;;;1834976;239.69131;;
107950669;  Kimya Teknolojisi;2;TYT;20;1;;1;;;1229449;275.65880;;
107990227;  Kimya Teknolojisi (KKTC Uyruklu);2;TYT;1;;;;;5;...;----;;
107951225;  Maliye;2;TYT;40;1;;1;;;1798539;241.71090;;
107950712;  Muhasebe ve Vergi Uygulamalarý;2;TYT;20;1;;1;;;1660564;249.54915;;
107990053;  Sosyal Güvenlik;2;TYT;45;2;;2;;;1698262;247.39114;;
;Saðlýk Hizmetleri Meslek Yüksekokulu;;;;;;;;;;;;
107951101;  Çocuk Geliþimi;2;TYT;40;1;;1;;;909882;297.90336;;
107951261;  Fizyoterapi;2;TYT;40;1;;1;;;629265;322.52835;;
107990132;  Ýlk ve Acil Yardým;2;TYT;40;1;;1;;;462569;342.47991;;
107951119;  Týbbi Dokümantasyon ve Sekreterlik;2;TYT;30;1;;1;;;603332;325.24030;;
107951128;  Týbbi Laboratuvar Teknikleri;2;TYT;40;1;;1;;;587133;327.00444;;
107951191;  Yaþlý Bakýmý;2;TYT;55;2;;2;;;980765;292.61132;*;MEDEK
;Saray Meslek Yüksekokulu;;;;;;;;;;;;
107950606;  Dýþ Ticaret;2;TYT;40;1;;1;;;1735847;245.25440;;
107990133;  Grafik Tasarýmý;2;TYT;40;1;;1;;;1036511;288.62436;;
107950818;  Ýþletme Yönetimi;2;TYT;25;1;;1;;;1752239;244.33035;;
107950721;  Muhasebe ve Vergi Uygulamalarý;2;TYT;20;1;;1;;;1579154;254.28110;;
107990054;  Tapu ve Kadastro;2;TYT;35;1;;1;;;1233228;275.41563;;
;Sosyal Bilimler Meslek Yüksekokulu;;;;;;;;;;;;
107951146;  Büro Yönetimi ve Yönetici Asistanlýðý;2;TYT;40;1;;1;;;1353160;267.86428;;
107951234;  Dýþ Ticaret;2;TYT;40;1;;1;;;1196896;277.77126;;
107950784;  Ýþletme Yönetimi;2;TYT;30;1;;1;;;1334532;269.00918;;
107950951;  Lojistik;2;TYT;50;2;;2;;;1160538;280.15949;;
107950678;  Muhasebe ve Vergi Uygulamalarý;2;TYT;30;1;;1;;;1360718;267.39134;;
107990050;  Sosyal Hizmetler;2;TYT;30;1;;1;;;1185068;278.53890;;
107950148;  Turizm ve Otel Ýþletmeciliði;2;TYT;25;1;;1;;;1238195;275.09853;;
107990051;  Yerel Yönetimler;2;TYT;50;2;;2;;;1530767;257.10553;;
;Þarköy Meslek Yüksekokulu;;;;;;;;;;;;
107990134;  Aþçýlýk;2;TYT;50;2;;2;;;1071923;286.14585;;
107950651;  Þarap Üretim Teknolojisi;2;TYT;30;1;;1;;;1004347;290.91470;;
107950466;  Turizm ve Otel Ýþletmeciliði;2;TYT;25;1;;1;;;1661764;249.47802;;
;Teknik Bilimler Meslek Yüksekokulu;;;;;;;;;;;;
107950915;  Bilgisayar Programcýlýðý;2;TYT;60;2;;2;;;541790;332.20403;;MEDEK
107950987;  Biyomedikal Cihaz Teknolojisi;2;TYT;30;1;;1;;;996572;291.47020;;
107950033;  Elektrik;2;TYT;50;2;;2;;;978357;292.79141;;MEDEK
107950845;  Elektronik Haberleþme Teknolojisi;2;TYT;40;1;;1;;;1292739;271.61548;;
107950854;  Elektronik Teknolojisi;2;TYT;40;1;;1;;;1143967;281.26576;;
107950078;  Gýda Teknolojisi;2;TYT;35;1;;1;;;1304956;270.84669;*;MEDEK
107990135;  Giyim Üretim Teknolojisi;2;TYT;30;1;;1;;;1555351;255.66435;;
107990192;  Ýklimlendirme ve Soðutma Teknolojisi;2;TYT;30;1;;1;;;1564917;255.10726;;
107951031;  Ýnþaat Teknolojisi;2;TYT;40;1;;1;;;1272022;272.91913;;
107950103;  Makine;2;TYT;50;2;;2;;;1023333;289.55667;*;MEDEK
107990097;  Makine Resim ve Konstrüksiyonu;2;TYT;30;1;;1;;;1211607;276.82465;;
107950112;  Mekatronik;2;TYT;60;2;;2;;;867338;301.19465;;MEDEK
107990091;  Mobilya ve Dekorasyon;2;TYT;30;1;;1;;;1533568;256.94165;;
107990092;  Otomotiv Teknolojisi;2;TYT;30;1;;1;;;991374;291.84784;*;MEDEK
107990234;  Robotik ve Yapay Zeka;2;TYT;20;1;;1;;320;...;----;;
107951137;  Seracýlýk;2;TYT;30;1;;1;;;1561157;255.32341;;
107950924;  Tarým Makineleri;2;TYT;25;1;;1;;;1495464;259.18882;;
107951013;  Tekstil Teknolojisi;2;TYT;30;1;;1;;;1675467;248.68874;;
107950933;  Yapý Denetimi;2;TYT;45;2;;2;;;1437053;262.69400;;
;TOKAT GAZÝOSMANPAÞA ÜNÝVERSÝTESÝ (Devlet Üniversitesi);;;;;;;;;;;;YÖKAK
;Almus Meslek Yüksekokulu;;;;;;;;;;;;
104351364;  Avcýlýk ve Yaban Hayatý;2;TYT;40;1;;1;;;1431297;263.03414;;
104351258;  Büro Yönetimi ve Yönetici Asistanlýðý;2;TYT;20;1;;1;;;1783190;242.58005;;
104351346;  Laboratuvar Teknolojisi;2;TYT;30;1;;1;;;1141798;281.41595;;
104351134;  Ormancýlýk ve Orman Ürünleri;2;TYT;30;1;;1;;;1115710;283.16724;;
104351452;  Posta Hizmetleri;2;TYT;50;2;;2;;;1995248;230.89935;;
104351373;  Sosyal Güvenlik;2;TYT;60;2;;2;;;1860434;238.27934;;
;Artova Meslek Yüksekokulu;;;;;;;;;;;;
104351461;  Çaðrý Merkezi Hizmetleri;2;TYT;30;1;;1;;;1866507;237.94402;;
104390106;  Çocuk Koruma ve Bakým Hizmetleri;2;TYT;60;2;;2;;;1549984;255.97820;;
104351513;  Engelli Bakýmý ve Rehabilitasyon;2;TYT;65;2;;2;;;1506743;258.51931;;
104351355;  Ýþ Saðlýðý ve Güvenliði;2;TYT;30;1;;1;;;1678578;248.51431;;
104390071;  Laborant ve Veteriner Saðlýk;2;TYT;60;2;;2;;;1398170;265.07401;;
104351276;  Maliye;2;TYT;30;1;;1;;;1973384;232.08335;;
;Erbaa Meslek Yüksekokulu;;;;;;;;;;;;
104350709;  Bankacýlýk ve Sigortacýlýk;2;TYT;25;1;;1;;;1751361;244.37856;;
104350948;  Bilgisayar Programcýlýðý;2;TYT;60;2;;2;;;1349625;268.07769;;
104351082;  Büro Yönetimi ve Yönetici Asistanlýðý;2;TYT;35;1;;1;;;1686138;248.07788;;
104351125;  Grafik Tasarýmý;2;TYT;60;2;;2;;;1772834;243.17318;;
104351001;  Halkla Ýliþkiler ve Tanýtým;2;TYT;35;1;;1;;;1889022;236.69199;;
104351249;  Moda Tasarýmý;2;TYT;20;1;;1;;;1743115;244.83901;;
104350745;  Muhasebe ve Vergi Uygulamalarý;2;TYT;20;1;;1;;;1714610;246.46292;;
104351504;  Özel Güvenlik ve Koruma;2;TYT;40;1;;1;;2;1325311;269.58486;;
;Erbaa Saðlýk Hizmetleri Meslek Yüksekokulu;;;;;;;;;;;;
104390166;  Evde Hasta Bakýmý;2;TYT;40;1;;1;;;824247;304.68505;;
104351382;  Ýlk ve Acil Yardým;2;TYT;35;1;;1;;;548671;331.39084;;
104390167;  Optisyenlik;2;TYT;40;1;;1;;;914903;297.52127;;
104350224;  Týbbi Dokümantasyon ve Sekreterlik;2;TYT;30;1;;1;;;698291;315.76415;;
;Niksar Meslek Yüksekokulu;;;;;;;;;;;;
104351152;  Bankacýlýk ve Sigortacýlýk;2;TYT;25;1;;1;;;1853203;238.67683;;
104350393;  Bilgisayar Programcýlýðý;2;TYT;60;2;;2;;;1465860;260.96166;;
104390211;  Elektrik Makineleri Bakým ve Onarýmý;2;TYT;40;1;;1;;;...;----;;
104390072;  Halkla Ýliþkiler ve Tanýtým;2;TYT;35;1;;1;;;1953780;233.14869;;
104351143;  Mekatronik;2;TYT;30;1;;1;;;1721214;246.08885;;
104350763;  Muhasebe ve Vergi Uygulamalarý;2;TYT;30;1;;1;;;1920048;234.98306;;
104351391;  Ormancýlýk ve Orman Ürünleri;2;TYT;30;1;;1;;;943200;295.40981;;
104390073;  Sivil Savunma ve Ýtfaiyecilik;2;TYT;40;1;;;;9;1075124;285.92460;;
104350357;  Turizm ve Otel Ýþletmeciliði;2;TYT;25;1;;1;;;1819740;240.54069;;
104390218;  Yenilenebilir Enerji Teknikerliði;2;TYT;25;1;;1;;;...;----;;
;Organize Sanayi Bölgesi Meslek Yüksekokulu;;;;;;;;;;;;
104390225;  Kimya Teknolojisi;2;TYT;20;1;;1;;;1643832;250.50324;;
104390232;  Tekstil Teknolojisi;2;TYT;25;1;;1;;;1833545;239.77344;;
;Pazar Meslek Yüksekokulu;;;;;;;;;;;;
104351328;  Bankacýlýk ve Sigortacýlýk;2;TYT;25;1;;1;;;1907508;235.67422;;
104351267;  Bilgisayar Programcýlýðý;2;TYT;50;2;;2;;;1553552;255.77058;;
104351337;  Çocuk Geliþimi;2;TYT;30;1;;1;;;1392008;265.45389;;
104351407;  Evde Hasta Bakýmý;2;TYT;40;1;;1;;;885417;299.77785;;
104390107;  Sivil Havacýlýk Kabin Hizmetleri;2;TYT;40;1;;1;;10;898683;298.75511;;
104351416;  Sosyal Hizmetler;2;TYT;30;1;;1;;;1580781;254.18572;;
;Reþadiye Meslek Yüksekokulu;;;;;;;;;;;;
104350436;  Bilgisayar Programcýlýðý;2;TYT;50;2;;2;;;1599736;253.06325;;
104390078;  Çaðrý Merkezi Hizmetleri;2;TYT;20;1;;1;;;1792771;242.04334;;
104351425;  Çocuk Geliþimi;2;TYT;30;1;;1;;;1416125;263.96559;;
104351294;  Dýþ Ticaret;2;TYT;20;1;;1;;;1905422;235.78551;;
104390084;  Fizyoterapi;2;TYT;40;1;;1;;;789331;307.61778;;
104351301;  Saðlýk Kurumlarý Ýþletmeciliði;2;TYT;30;1;;1;;;1776663;242.95875;;
104390108;  Saðlýk Turizmi Ýþletmeciliði;2;TYT;20;1;;1;;;1828774;240.03608;;
104351479;  Yaþlý Bakýmý;2;TYT;55;2;;2;;;1141967;281.40377;;
;Tokat Meslek Yüksekokulu;;;;;;;;;;;;
104390176;  Aþçýlýk;2;TYT;25;1;;1;;;995400;291.55230;;
104390239;  Biliþim Güvenliði Teknolojisi;2;TYT;25;1;;1;;;...;----;;
104351073;  Büro Yönetimi ve Yönetici Asistanlýðý;2;TYT;40;1;;1;;;1465556;260.97826;;
104390183;  Ceza Ýnfaz ve Güvenlik Hizmetleri;2;TYT;30;1;;1;;17;844731;303.01522;;
104390103;  Doðalgaz ve Tesisatý Teknolojisi;2;TYT;30;1;;1;;;1868398;237.84070;;
104350039;  Elektrik;2;TYT;70;2;;2;;;1367531;266.96420;;
104350984;  Elektronik Teknolojisi;2;TYT;40;1;;1;;;1538361;256.66283;*;MEDEK
104350048;  Harita ve Kadastro;2;TYT;30;1;;1;;;1364209;267.17422;;
104390096;  Ýç Mekan Tasarýmý;2;TYT;40;1;;1;;;1606816;252.65914;;
104350966;  Ýnþaat Teknolojisi;2;TYT;40;1;;1;;;1798415;241.71824;;
104350806;  Ýþletme Yönetimi;2;TYT;30;1;;1;;;1756685;244.08181;;
104390190;  Mahkeme Büro Hizmetleri;2;TYT;30;1;;1;;;989857;291.95610;;
104350975;  Makine;2;TYT;40;1;;1;;;1491525;259.42304;;
104350727;  Muhasebe ve Vergi Uygulamalarý;2;TYT;30;1;;1;;;1651609;250.06117;;
104390246;  Oyun Geliþtirme ve Programlama;2;TYT;30;1;;1;;320;...;----;;
104390253;  Ön-Yüz Yazýlým Geliþtirme;2;TYT;30;1;;1;;320;...;----;;
104350109;  Turizm ve Otel Ýþletmeciliði;2;TYT;25;1;;1;;;1641749;250.62415;;
;Tokat Saðlýk Hizmetleri Meslek Yüksekokulu;;;;;;;;;;;;
104390079;  Aðýz ve Diþ Saðlýðý;2;TYT;50;2;;2;;;528717;333.76520;;
104390080;  Ameliyathane Hizmetleri;2;TYT;60;2;;2;;;640050;321.43732;;
104350021;  Çocuk Geliþimi;2;TYT;30;1;;1;;;1065839;286.57003;;
104390109;  Eczane Hizmetleri;2;TYT;35;1;;1;;;770595;309.24387;;
104390081;  Patoloji Laboratuvar Teknikleri;2;TYT;50;2;;2;;;745044;311.47532;;
104390110;  Saç Bakýmý ve Güzellik Hizmetleri;2;TYT;40;1;;1;;;1236867;275.18731;;
104390082;  Týbbi Laboratuvar Teknikleri;2;TYT;50;2;;2;;;603637;325.20611;;
;Turhal Meslek Yüksekokulu;;;;;;;;;;;;
104350533;  Bilgisayar Programcýlýðý;2;TYT;60;2;;2;;;1399924;264.96652;;
104350454;  Biyomedikal Cihaz Teknolojisi;2;TYT;30;1;;1;;;1374278;266.53590;;
104390260;  Elektrik Enerjisi Üretim, Ýletim ve Daðýtýmý;2;TYT;40;1;;1;;;...;----;;
104350896;  Elektronik Haberleþme Teknolojisi;2;TYT;20;1;;1;;;1745357;244.71329;;
104351488;  Grafik Tasarýmý;2;TYT;50;2;;2;;;1723283;245.96730;;
104390169;  Hibrid ve Elektrikli Taþýtlar Teknolojisi;2;TYT;40;1;;1;;;1148268;280.97597;;
104350833;  Ýþletme Yönetimi;2;TYT;25;1;;1;;;1925781;234.66976;;
104350499;  Mekatronik;2;TYT;40;1;;1;;;1702428;247.15342;;
104350772;  Muhasebe ve Vergi Uygulamalarý;2;TYT;20;1;;1;;;1873719;237.53985;;
;Turhal Saðlýk Hizmetleri Meslek Yüksekokulu;;;;;;;;;;;;
104350957;  Saðlýk Kurumlarý Ýþletmeciliði;2;TYT;30;1;;1;;;1629845;251.31078;;
104350551;  Týbbi Dokümantasyon ve Sekreterlik;2;TYT;30;1;;1;;;740690;311.86077;;
104351319;  Týbbi Tanýtým ve Pazarlama;2;TYT;40;1;;1;;;1863758;238.09667;;
;Zile Meslek Yüksekokulu;;;;;;;;;;;;
104350718;  Bankacýlýk ve Sigortacýlýk;2;TYT;25;1;;1;;;1899726;236.09888;;
104350639;  Bilgisayar Programcýlýðý;2;TYT;60;2;;2;;;1572302;254.67500;;
104351179;  Gýda Teknolojisi;2;TYT;35;1;;1;;;1945353;233.60786;;
104351064;  Lojistik;2;TYT;30;1;;1;;;1849230;238.89917;;
104351497;  Maliye;2;TYT;25;1;;1;;;1930017;234.44049;;
104351522;  Mimari Restorasyon;2;TYT;30;1;;1;;;1966108;232.47785;;
104390074;  Tapu ve Kadastro;2;TYT;40;1;;1;;;1441330;262.43787;;
;TRABZON ÜNÝVERSÝTESÝ (Devlet Üniversitesi);;;;;;;;;;;;
;Beþikdüzü Meslek Yüksekokulu;;;;;;;;;;;;
112151032;  Büro Yönetimi ve Yönetici Asistanlýðý;2;TYT;40;1;;1;;;1583611;254.01479;;
112151208;  Çaðrý Merkezi Hizmetleri;2;TYT;60;2;;2;;;1643417;250.52634;;
112151095;  Dýþ Ticaret;2;TYT;40;1;;1;;;1806146;241.29814;;
112150891;  Ýþletme Yönetimi;2;TYT;30;1;;1;;;1732269;245.45493;;
112150855;  Muhasebe ve Vergi Uygulamalarý;2;TYT;30;1;;1;;;1784295;242.51742;;
112150688;  Pazarlama;2;TYT;30;1;;1;;;1841878;239.30849;;
;Çarþýbaþý Meslek Yüksekokulu;;;;;;;;;;;;
112190165;  Bilgisayar Destekli Tasarým ve Animasyon;2;TYT;50;2;;2;;;1427101;263.29163;;
112190137;  Bilgisayar Teknolojisi;2;TYT;50;2;;2;;;1169922;279.52829;;
112190172;  Ýnternet ve Að Teknolojileri;2;TYT;50;2;;2;;;1588347;253.73476;;
;Þalpazarý Meslek Yüksekokulu;;;;;;;;;;;;
112190144;  Acil Durum ve Afet Yönetimi;2;TYT;30;1;;1;;;896536;298.92101;;
112190242;  Acil Durum ve Afet Yönetimi (KKTC Uyruklu);2;TYT;1;;;;;5;;;;
112190249;  Mahkeme Büro Hizmetleri;2;TYT;30;1;;1;;;1234284;275.34913;;
112190117;  Sivil Savunma ve Ýtfaiyecilik;2;TYT;40;1;;;;9;1023842;289.52611;;
;Tonya Meslek Yüksekokulu;;;;;;;;;;;;
112190118;  Evde Hasta Bakýmý;2;TYT;50;2;;2;;;854720;302.19911;;
112190114;  Fizyoterapi;2;TYT;40;1;;1;;;726031;313.19867;;
112190115;  Ýlk ve Acil Yardým;2;TYT;40;1;;1;;;548773;331.37889;;
112190207;  Týbbi Görüntüleme Teknikleri;2;TYT;30;1;;1;;;567151;329.24706;;
112190214;  Týbbi Laboratuvar Teknikleri;2;TYT;30;1;;1;;;658450;319.60444;;
112151244;  Yaþlý Bakýmý;2;TYT;50;2;;2;;;1052473;287.50628;;
;Turizm ve Otelcilik Meslek Yüksekokulu;;;;;;;;;;;;
112150607;  Turizm ve Otel Ýþletmeciliði;2;TYT;25;1;;1;;;1394203;265.32063;;
112151086;  Turizm ve Seyahat Hizmetleri;2;TYT;30;1;;1;;;1623032;251.70761;;
;Vakfýkebir Meslek Yüksekokulu;;;;;;;;;;;;
112150767;  Bankacýlýk ve Sigortacýlýk;2;TYT;30;1;;1;;;1597433;253.20013;;
112151305;  Halkla Ýliþkiler ve Tanýtým;2;TYT;80;2;;2;;;1855930;238.52612;;
112150916;  Ýþletme Yönetimi;2;TYT;30;1;;1;;;1857788;238.42327;;
112151102;  Maliye;2;TYT;50;2;;2;;;1882378;237.06065;;
112150873;  Muhasebe ve Vergi Uygulamalarý;2;TYT;30;1;;1;;;1780086;242.75726;;
;TRAKYA ÜNÝVERSÝTESÝ (EDÝRNE) (Devlet Üniversitesi);;;;;;;;;;;;YÖKAK
;Arda Meslek Yüksekokulu;;;;;;;;;;;;
109490177;  Aþçýlýk;2;TYT;60;2;;2;;;1017900;289.94438;;
109490272;  Eczane Hizmetleri;2;TYT;30;1;;1;;;727283;313.08595;;
109450314;  Gýda Teknolojisi;2;TYT;30;1;;1;;;1317109;270.08766;;
109451709;  Kimya Teknolojisi;2;TYT;20;1;;1;;;1072665;286.09439;;
109451948;  Laboratuvar Teknolojisi;2;TYT;30;1;;1;;;966571;293.66404;;
109451312;  Yað Endüstrisi;2;TYT;30;1;;1;;;1839234;239.45521;;
;Edirne Sosyal Bilimler Meslek Yüksekokulu;;;;;;;;;;;;
109451427;  Bankacýlýk ve Sigortacýlýk;2;TYT;25;1;;1;;;1258418;273.78776;;
109451375;  Dýþ Ticaret;2;TYT;40;1;;1;;;1290834;271.73382;;
109451393;  Halkla Ýliþkiler ve Tanýtým;2;TYT;60;2;;2;;;1447602;262.05830;;
109451657;  Lojistik;2;TYT;60;2;;2;;;1245331;274.62953;;
109451445;  Muhasebe ve Vergi Uygulamalarý;2;TYT;30;1;;1;;;1383826;265.96034;;
109490391;  Ofis Teknolojileri ve Veri Yönetimi;2;TYT;35;1;;1;;;...;----;;
109451603;  Pazarlama;2;TYT;30;1;;1;;;1511389;258.24733;;
109490340;  Sosyal Hizmetler;2;TYT;30;1;;1;;;1189910;278.22561;;
109450077;  Turizm ve Otel Ýþletmeciliði;2;TYT;25;1;;1;;;1390453;265.54967;;
;Edirne Teknik Bilimler Meslek Yüksekokulu;;;;;;;;;;;;
109490270;  Basým ve Yayým Teknolojileri;2;TYT;60;2;;2;;;1737737;245.14699;;
109451612;  Bilgisayar Programcýlýðý;2;TYT;80;2;;2;;;664396;319.01998;;
109451772;  Biyomedikal Cihaz Teknolojisi;2;TYT;30;1;;1;;;1161163;280.11931;;
109490398;  Dijital Tarým Teknolojileri;2;TYT;30;1;;1;;;...;----;;
109450147;  Elektrik;2;TYT;60;2;;2;;;1131747;282.08962;;
109451533;  Elektronik Teknolojisi;2;TYT;60;2;;2;;;1367684;266.95476;;
109451984;  Giyim Üretim Teknolojisi;2;TYT;30;1;;1;;;1671957;248.89392;;
109450165;  Harita ve Kadastro;2;TYT;30;1;;1;;;1397945;265.08633;;
109490341;  Hibrid ve Elektrikli Taþýtlar Teknolojisi;2;TYT;40;1;;1;;;869008;301.07025;;
109490405;  Hibrid ve Elektrikli Taþýtlar Teknolojisi (KKTC Uyruklu);2;TYT;2;;;;;5;...;----;;
109490370;  Ýnsansýz Araç Teknikerliði;2;TYT;30;1;;1;;320;710475;314.63436;;
109490178;  Ýþ Saðlýðý ve Güvenliði;2;TYT;30;1;;1;;;1072575;286.10085;;
109450174;  Makine;2;TYT;60;2;;2;;;1151497;280.76275;;MEDEK
109490349;  Mobil Teknolojileri;2;TYT;40;1;;1;;;1092941;284.71041;;
109451648;  Radyo ve Televizyon Teknolojisi;2;TYT;40;1;;1;;;1616108;252.11411;;
109490377;  Robotik ve Yapay Zeka;2;TYT;30;1;;1;;320;533585;333.18652;;
109490412;  Robotik ve Yapay Zeka (KKTC Uyruklu);2;TYT;1;;;;;5, 320;...;----;;
109451993;  Uçak Teknolojisi;2;TYT;30;1;;1;;10;432470;346.85652;;
;Havsa Meslek Yüksekokulu;;;;;;;;;;;;
109451436;  Bankacýlýk ve Sigortacýlýk;2;TYT;25;1;;1;;;1762958;243.72279;;
109451481;  Ýþletme Yönetimi;2;TYT;30;1;;1;;;1855474;238.55113;;
109451718;  Lojistik;2;TYT;50;2;;2;;;1743608;244.81153;*;MEDEK
109451303;  Maliye;2;TYT;50;2;;2;;;1936255;234.09880;;
109451454;  Muhasebe ve Vergi Uygulamalarý;2;TYT;30;1;;1;;;1856678;238.48610;;
;Ýpsala Meslek Yüksekokulu;;;;;;;;;;;;
109450368;  Dýþ Ticaret;2;TYT;40;1;;1;;;1866695;237.93336;;
109451542;  Elektronik Teknolojisi;2;TYT;40;1;;1;;;1685258;248.12775;;
109451939;  Laboratuvar Teknolojisi;2;TYT;30;1;;1;;;1114480;283.24834;;
109451921;  Lojistik;2;TYT;50;2;;2;;;1843143;239.23892;;
109490384;  Mahkeme Büro Hizmetleri;2;TYT;30;1;;1;;;1173367;279.29575;;
109451957;  Mekatronik;2;TYT;40;1;;1;;;1371764;266.68949;;
;Keþan Meslek Yüksekokulu;;;;;;;;;;;;
109450411;  Çocuk Geliþimi;2;TYT;30;1;;1;;;1167614;279.68146;;
109450438;  Elektrik;2;TYT;50;2;;2;;;1558208;255.49412;;
109451745;  Laborant ve Veteriner Saðlýk;2;TYT;45;2;;2;;;1016059;290.08028;;
109451472;  Otomotiv Teknolojisi;2;TYT;30;1;;1;;;1406315;264.57623;;
109450465;  Turizm ve Otel Ýþletmeciliði;2;TYT;25;1;;1;;;1618378;251.97980;;
109490419;  Yenilenebilir Enerji Teknikerliði;2;TYT;30;1;;1;;;...;----;;
;Saðlýk Hizmetleri Meslek Yüksekokulu;;;;;;;;;;;;
109490273;  Aðýz ve Diþ Saðlýðý;2;TYT;40;1;;1;;;573903;328.46857;;
109490274;  Ameliyathane Hizmetleri;2;TYT;50;2;;2;;;645345;320.91068;*;MEDEK
109450253;  Anestezi;2;TYT;40;1;;1;;;412053;350.03238;;
109490426;  Dijital Saðlýk Sistemleri Teknikerliði;2;TYT;30;1;;1;;;...;----;;
109490275;  Elektronörofizyoloji;2;TYT;25;1;;1;;;807748;306.06642;;
109490276;  Fizyoterapi;2;TYT;50;2;;2;;;651127;320.33501;;
109451684;  Ýlk ve Acil Yardým;2;TYT;45;2;;2;;;510101;336.12250;*;MEDEK
109450262;  Odyometri;2;TYT;40;1;;1;;;780851;308.35206;;
109451587;  Ortopedik Protez ve Ortez;2;TYT;70;2;;2;;;842203;303.22251;;
109451727;  Patoloji Laboratuvar Teknikleri;2;TYT;50;2;;2;;;780693;308.36608;*;MEDEK
109451736;  Radyoterapi;2;TYT;30;1;;1;;;713550;314.34812;;
109490176;  Radyoterapi (KKTC Uyruklu);2;TYT;1;;;;;5;;;;
109450298;  Týbbi Dokümantasyon ve Sekreterlik;2;TYT;30;1;;1;;;649823;320.45994;;
109451596;  Týbbi Görüntüleme Teknikleri;2;TYT;40;1;;1;;;540360;332.37009;;
109451578;  Týbbi Laboratuvar Teknikleri;2;TYT;50;2;;2;;;617100;323.80604;*;MEDEK
;Þehit Ressam Hasan Rýza Güzel Sanatlar Meslek Yüksekokulu;;;;;;;;;;;;
109451357;  Geleneksel El Sanatlarý;2;TYT;20;1;;1;;;1921832;234.88443;;
109451763;  Grafik Tasarýmý;2;TYT;40;1;;1;;;1037393;288.56087;;
109451903;  Kuyumculuk ve Taký Tasarýmý;2;TYT;30;1;;1;;;1879510;237.21465;;
109450183;  Mimari Dekoratif Sanatlar;2;TYT;50;2;;2;;;1868950;237.81116;;
109451409;  Mimari Restorasyon;2;TYT;30;1;;1;;;1566738;254.99576;;
109490271;  Seramik ve Cam Tasarýmý;2;TYT;20;1;;1;;;1893756;236.42589;;
;Tunca Meslek Yüksekokulu;;;;;;;;;;;;
109451621;  Bilgisayar Programcýlýðý (Uzaktan Öðretim);2;TYT;250;7;;7;;7, 8;1638784;250.79747;;
109490363;  Web Tasarýmý ve Kodlama (Uzaktan Öðretim);2;TYT;250;7;;7;;7;1943046;233.73261;;
;Uzunköprü Meslek Yüksekokulu;;;;;;;;;;;;
109490433;  Emlak Yönetimi;2;TYT;30;1;;1;;;...;----;;
109451499;  Ýþletme Yönetimi;2;TYT;20;1;;1;;;1657646;249.71459;;
109450517;  Maliye;2;TYT;40;1;;1;;;1900732;236.04310;;
109490440;  Ofis Teknolojileri ve Veri Yönetimi;2;TYT;30;1;;1;;;...;----;;
109490342;  Saðlýk Kurumlarý Ýþletmeciliði;2;TYT;30;1;;1;;;1447432;262.06884;;
109450544;  Yerel Yönetimler;2;TYT;25;1;;1;;;1918350;235.07661;;
;UÞAK ÜNÝVERSÝTESÝ (Devlet Üniversitesi);;;;;;;;;;;;YÖKAK
;Banaz Meslek Yüksekokulu;;;;;;;;;;;;
109850813;  Ýç Mekan Tasarýmý;2;TYT;40;1;;1;;;1705868;246.95729;;
109850876;  Ýnþaat Teknolojisi;2;TYT;35;1;;1;;;1792118;242.08133;;
109850346;  Kimya Teknolojisi;2;TYT;20;1;;1;;;1565900;255.04677;;
109850858;  Laboratuvar Teknolojisi;2;TYT;30;1;;1;;;1095052;284.56646;;
109850743;  Mimari Dekoratif Sanatlar;2;TYT;30;1;;1;;;1899489;236.11134;;
109850716;  Ormancýlýk ve Orman Ürünleri;2;TYT;30;1;;1;;;898131;298.79650;;
109890130;  Seramik ve Cam Tasarýmý;2;TYT;20;1;;1;;;1896019;236.30021;;
109850628;  Turizm ve Otel Ýþletmeciliði;2;TYT;20;1;;1;;;1613877;252.24346;;
;Eþme Meslek Yüksekokulu;;;;;;;;;;;;
109850125;  Bankacýlýk ve Sigortacýlýk;2;TYT;25;1;;1;;;1818531;240.60949;;
109850549;  Büro Yönetimi ve Yönetici Asistanlýðý;2;TYT;25;1;;1;;;1622245;251.75504;;
109890157;  Eczane Hizmetleri;2;TYT;30;1;;1;;;803570;306.41234;;
109890158;  Gýda Teknolojisi;2;TYT;30;1;;1;;;1702874;247.12616;;
109890159;  Halýcýlýk ve Kilimcilik;2;TYT;30;1;;1;;;2006078;230.31708;;
109850707;  Laborant ve Veteriner Saðlýk;2;TYT;50;2;;2;;;1141119;281.45902;;
109850664;  Lojistik;2;TYT;30;1;;1;;;1793106;242.02440;;
;Karahallý Meslek Yüksekokulu;;;;;;;;;;;;
109890131;  Bilgisayar Programcýlýðý;2;TYT;60;2;;2;;;1323109;269.71999;;
109850504;  Dýþ Ticaret;2;TYT;20;1;;1;;;1847717;238.98294;;
109850673;  Lojistik;2;TYT;35;1;;1;;;1903701;235.88277;;
;Saðlýk Hizmetleri Meslek Yüksekokulu;;;;;;;;;;;;
109890117;  Aðýz ve Diþ Saðlýðý;2;TYT;40;1;;1;;;565315;329.45587;;
109850761;  Ýlk ve Acil Yardým;2;TYT;40;1;;1;;;489414;338.83691;;
109850797;  Saðlýk Kurumlarý Ýþletmeciliði;2;TYT;30;1;;1;;;1157849;280.34052;;
109850788;  Týbbi Dokümantasyon ve Sekreterlik;2;TYT;30;1;;1;;;612629;324.25774;;
109890109;  Týbbi Görüntüleme Teknikleri;2;TYT;40;1;;1;;;516432;335.31191;;
109850691;  Týbbi Laboratuvar Teknikleri;2;TYT;50;2;;2;;;610544;324.47125;;
109850779;  Yaþlý Bakýmý;2;TYT;60;2;;2;;;1002703;291.03127;;
;Sivaslý Meslek Yüksekokulu;;;;;;;;;;;;
109850646;  Bitki Koruma;2;TYT;20;1;;1;;;1547941;256.09511;;
109850849;  Tapu ve Kadastro;2;TYT;60;2;;2;;;1412893;264.16550;;
;Sivil Havacýlýk Meslek Yüksekokulu;;;;;;;;;;;;
109850831;  Sivil Havacýlýk Kabin Hizmetleri;2;TYT;40;1;;1;;10;661669;319.28959;;
109850822;  Uçak Teknolojisi;2;TYT;40;1;;1;;10;393328;353.05815;;
;Sosyal Bilimler Meslek Yüksekokulu;;;;;;;;;;;;
109850382;  Ýþletme Yönetimi;2;TYT;30;1;;1;;;1493675;259.29728;;
109850355;  Muhasebe ve Vergi Uygulamalarý;2;TYT;30;1;;1;;;1387785;265.71454;;
109890188;  Sosyal Güvenlik;2;TYT;65;2;;2;;;1183261;278.65799;;
109850064;  Yerel Yönetimler;2;TYT;60;2;;2;;;1607024;252.64690;;
;Teknik Bilimler Meslek Yüksekokulu;;;;;;;;;;;;
109850461;  Bilgisayar Programcýlýðý;2;TYT;60;2;;2;;;819217;305.09957;;
109890129;  Doðalgaz ve Tesisatý Teknolojisi;2;TYT;25;1;;1;;;1692864;247.70033;;
109890127;  Elektrik;2;TYT;45;2;;2;;;1147181;281.05150;;
109850567;  Giyim Üretim Teknolojisi;2;TYT;20;1;;1;;;1761246;243.81966;;
109850619;  Kaynak Teknolojisi;2;TYT;20;1;;1;;;1503490;258.71170;;
109890128;  Makine;2;TYT;40;1;;1;;;1185013;278.54191;;
109890133;  Mekatronik;2;TYT;40;1;;1;;;1097537;284.39552;;
109850601;  Otomotiv Teknolojisi;2;TYT;30;1;;1;;;1214518;276.63361;;
109850319;  Tekstil Teknolojisi;2;TYT;30;1;;1;;;1663804;249.36094;;
;Ulubey Meslek Yüksekokulu;;;;;;;;;;;;
109850752;  Bankacýlýk ve Sigortacýlýk;2;TYT;25;1;;1;;;1691601;247.76808;;
109850637;  Çocuk Geliþimi;2;TYT;35;1;;1;;;1206742;277.13706;;
109850585;  Moda Tasarýmý;2;TYT;35;1;;1;;;1749326;244.48906;;
109890160;  Optisyenlik;2;TYT;30;1;;1;;;738698;312.03838;;
109850531;  Turizm ve Seyahat Hizmetleri;2;TYT;25;1;;1;;;1747231;244.60794;*;TUADER
;Uzaktan Eðitim Meslek Yüksekokulu;;;;;;;;;;;;
109850576;  Bilgisayar Programcýlýðý (Uzaktan Öðretim);2;TYT;150;4;;4;;7, 8;1617757;252.01998;;
;VAN YÜZÜNCÜ YIL ÜNÝVERSÝTESÝ (Devlet Üniversitesi);;;;;;;;;;;;
;Baþkale Meslek Yüksekokulu;;;;;;;;;;;;
110251036;  Bilgisayar Programcýlýðý;2;TYT;60;2;;2;;257;1250860;274.26542;;
110290290;  Elektrik Enerjisi Üretim, Ýletim ve Daðýtýmý;2;TYT;50;2;;2;;257;...;----;;
110251124;  Organik Tarým;2;TYT;50;2;;2;;257;1909759;235.55069;;
;Erciþ Meslek Yüksekokulu;;;;;;;;;;;;
110250886;  Bankacýlýk ve Sigortacýlýk;2;TYT;25;1;;1;;;1576180;254.45208;;
110251327;  Biyomedikal Cihaz Teknolojisi;2;TYT;30;1;;1;;;1229538;275.65343;;
110251363;  Çocuk Geliþimi;2;TYT;30;1;;1;;;1038499;288.48296;;
110290165;  Doðalgaz ve Tesisatý Teknolojisi;2;TYT;25;1;;1;;;1717252;246.31605;;
110290210;  Geleneksel El Sanatlarý;2;TYT;20;1;;1;;;1753387;244.26461;;
110251063;  Ýnþaat Teknolojisi;2;TYT;40;1;;1;;;1834642;239.71076;;
110250911;  Muhasebe ve Vergi Uygulamalarý;2;TYT;30;1;;1;;;1745171;244.72372;;
110290211;  Pazarlama;2;TYT;30;1;;1;;;1859696;238.31868;;
;Gevaþ Meslek Yüksekokulu;;;;;;;;;;;;
110251081;  Bahçe Tarýmý;2;TYT;20;1;;1;;;1846272;239.06041;;
110250708;  Bankacýlýk ve Sigortacýlýk;2;TYT;25;1;;1;;;1632991;251.13308;;
110250753;  Bilgisayar Programcýlýðý;2;TYT;60;2;;2;;;1416280;263.95724;;
110251318;  Laborant ve Veteriner Saðlýk;2;TYT;50;2;;2;;;1088268;285.02126;;
110250929;  Muhasebe ve Vergi Uygulamalarý;2;TYT;30;1;;1;;;1684454;248.17252;;
110250859;  Organik Tarým;2;TYT;20;1;;1;;;1864555;238.05063;;
110251284;  Turizm ve Otel Ýþletmeciliði;2;TYT;25;1;;1;;;1715096;246.43496;;
;Muradiye Meslek Yüksekokulu;;;;;;;;;;;;
110290220;  Harita ve Kadastro;2;TYT;30;1;;1;;257;1165738;279.80749;;
110251399;  Kimya Teknolojisi;2;TYT;20;1;;1;;257;1612749;252.30917;;
110251415;  Laboratuvar Teknolojisi;2;TYT;30;1;;1;;257;999810;291.23873;;
110290212;  Optisyenlik;2;TYT;30;1;;1;;257;733685;312.49733;;
110290164;  Peyzaj ve Süs Bitkileri Yetiþtiriciliði;2;TYT;30;1;;1;;257;1850270;238.84020;;
;Özalp Meslek Yüksekokulu;;;;;;;;;;;;
110250841;  Bilgisayar Programcýlýðý;2;TYT;60;2;;2;;257;1526177;257.37348;;
110251309;  Dýþ Ticaret;2;TYT;25;1;;1;;257;1726694;245.77521;;
110290213;  Gýda Teknolojisi;2;TYT;30;1;;1;;257;1790560;242.16978;;
110251151;  Týbbi Laboratuvar Teknikleri;2;TYT;40;1;;1;;257;713486;314.35541;;
;Van Güvenlik Meslek Yüksekokulu;;;;;;;;;;;;
110290120;  Acil Durum ve Afet Yönetimi;2;TYT;30;1;;1;;;684970;317.01555;;
110251372;  Ýþ Saðlýðý ve Güvenliði;2;TYT;30;1;;1;;;964068;293.85291;;
110251406;  Özel Güvenlik ve Koruma;2;TYT;30;1;;1;;2;981927;292.52815;;
;Van Meslek Yüksekokulu;;;;;;;;;;;;
110250559;  Bilgisayar Programcýlýðý;2;TYT;60;2;;2;;;762874;309.89945;;
110251115;  Büro Yönetimi ve Yönetici Asistanlýðý;2;TYT;35;1;;1;;;1128392;282.31349;;
110250408;  Elektrik;2;TYT;50;2;;2;;;1072409;286.11289;;
110251018;  Elektronik Teknolojisi;2;TYT;45;2;;2;;;1249903;274.32639;;
110250868;  Geleneksel El Sanatlarý;2;TYT;30;1;;1;;;1460940;261.25335;;
110251072;  Ýnþaat Teknolojisi;2;TYT;40;1;;1;;;1185432;278.51511;;
110250992;  Ýþletme Yönetimi;2;TYT;30;1;;1;;;1442961;262.34505;;
110250444;  Makine;2;TYT;50;2;;2;;;1418539;263.81359;;
110250895;  Mimari Restorasyon;2;TYT;30;1;;1;;;1187313;278.39505;;
110250453;  Mobilya ve Dekorasyon;2;TYT;40;1;;1;;;1644230;250.47937;;
110250902;  Muhasebe ve Vergi Uygulamalarý;2;TYT;30;1;;1;;;1338223;268.77937;;
110250956;  Otomotiv Teknolojisi;2;TYT;30;1;;1;;;1374616;266.51440;;
110290156;  Tekstil Teknolojisi;2;TYT;30;1;;1;;;1579114;254.28348;;
110250505;  Turist Rehberliði;2;TYT;45;2;;2;;;1079564;285.61951;;
110250514;  Turizm ve Otel Ýþletmeciliði;2;TYT;25;1;;1;;;1310491;270.49843;;
;Van Saðlýk Hizmetleri Meslek Yüksekokulu;;;;;;;;;;;;
110290241;  Aðýz ve Diþ Saðlýðý;2;TYT;25;1;;1;;;349225;360.88692;;
110250568;  Anestezi;2;TYT;45;2;;2;;;319452;366.73992;;
110290121;  Çocuk Geliþimi;2;TYT;30;1;;1;;;783923;308.08270;;
110251336;  Diyaliz;2;TYT;60;2;;2;;;601808;325.40651;;
110290127;  Eczane Hizmetleri;2;TYT;35;1;;1;;;591189;326.56195;;
110251381;  Engelli Bakýmý ve Rehabilitasyon;2;TYT;60;2;;2;;;971948;293.26510;;
110251142;  Ýlk ve Acil Yardým;2;TYT;45;2;;2;;;353637;360.04465;;
110251293;  Radyoterapi;2;TYT;30;1;;1;;;684643;317.04552;;
110250586;  Týbbi Dokümantasyon ve Sekreterlik;2;TYT;30;1;;1;;;478661;340.25508;;
110251054;  Týbbi Görüntüleme Teknikleri;2;TYT;40;1;;1;;;409239;350.46369;;
110251027;  Týbbi Laboratuvar Teknikleri;2;TYT;50;2;;2;;;505011;336.77994;;
110251169;  Yaþlý Bakýmý;2;TYT;70;2;;2;;;749888;311.03793;;
;YALOVA ÜNÝVERSÝTESÝ (Devlet Üniversitesi);;;;;;;;;;;;
;Altýnova Meslek Yüksekokulu;;;;;;;;;;;;
109970302;  Gemi Ýnþaatý;2;TYT;40;1;;1;;;775131;308.84960;;
109970365;  Gemi Ýnþaatý (KKTC Uyruklu);2;TYT;1;;;;;5;1782499;242.61959;;
109970301;  Kaynak Teknolojisi;2;TYT;30;1;;1;;;1420196;263.71547;;
;Armutlu Meslek Yüksekokulu;;;;;;;;;;;;
109950318;  Gýda Kalite Kontrolü ve Analizi;2;TYT;40;1;;1;;;1623700;251.66735;;
109950275;  Gýda Teknolojisi;2;TYT;35;1;;1;;;1501300;258.83917;;
109950399;  Halkla Ýliþkiler ve Tanýtým;2;TYT;45;2;;2;;;1594850;253.35406;;
109950406;  Lojistik;2;TYT;60;2;;2;;;1330631;269.25486;;
109950266;  Su Ürünleri Ýþleme Teknolojisi;2;TYT;20;1;;1;;;1788797;242.26328;;
109950451;  Turizm ve Otel Ýþletmeciliði;2;TYT;25;1;;1;;;1497415;259.07427;;
;Çýnarcýk Meslek Yüksekokulu;;;;;;;;;;;;
109950415;  Büro Yönetimi ve Yönetici Asistanlýðý;2;TYT;50;2;;2;;;1331998;269.16992;;
109950284;  Çocuk Geliþimi;2;TYT;50;2;;2;;;956195;294.43566;;
109970407;  Fiber Tekne Ýmalatý ve Kompozit Kalýp Teknolojileri;2;TYT;30;1;;1;;;...;----;;
109970414;  Kurumsal Biliþim Uzmanlýðý;2;TYT;30;1;;1;;320;...;----;;
109970289;  Medya ve Ýletiþim;2;TYT;50;2;;2;;;1292765;271.61430;;
109950424;  Muhasebe ve Vergi Uygulamalarý;2;TYT;30;1;;1;;;1381880;266.07630;;
109950381;  Özel Güvenlik ve Koruma;2;TYT;50;2;;2;;2;1507522;258.47480;;
109950293;  Yerel Yönetimler;2;TYT;60;2;;2;;;1648666;250.22797;;
;Termal Saðlýk Hizmetleri Meslek Yüksekokulu;;;;;;;;;;;;
109970372;  Fizyoterapi;2;TYT;40;1;;1;;;667582;318.71108;;
109970379;  Ýlk ve Acil Yardým;2;TYT;45;2;;2;;;509580;336.18895;;
109970386;  Saðlýk Kurumlarý Ýþletmeciliði;2;TYT;30;1;;1;;;1272751;272.87095;;
109970393;  Yaþlý Bakýmý;2;TYT;70;2;;2;;;1092543;284.73908;;
;Yalova Meslek Yüksekokulu;;;;;;;;;;;;
109950212;  Aþçýlýk;2;TYT;60;2;;2;;;878341;300.33688;;
109950187;  Bilgisayar Programcýlýðý;2;TYT;60;2;;2;;;562530;329.78282;;
109950203;  Deniz Ulaþtýrma ve Ýþletme;2;TYT;30;1;;1;;11;648011;320.64347;;
109950036;  Deniz ve Liman Ýþletmeciliði;2;TYT;30;1;;1;;11;1127326;282.38576;;
109950178;  Ýklimlendirme ve Soðutma Teknolojisi;2;TYT;30;1;;1;;;1604525;252.79001;;
109970292;  Marina ve Yat Ýþletmeciliði;2;TYT;30;1;;1;;11;1242809;274.79435;;
109970421;  Ön-Yüz Yazýlým Geliþtirme;2;TYT;30;1;;1;;320;...;----;;
109970428;  Ön-Yüz Yazýlým Geliþtirme (KKTC Uyruklu);2;TYT;1;;;;;5, 320;...;----;;
109970304;  Peyzaj ve Süs Bitkileri Yetiþtiriciliði;2;TYT;40;1;;1;;;1617009;252.06284;;
109970312;  Polimer Teknolojisi;2;TYT;25;1;;1;;;1247372;274.49314;;
109950372;  Sivil Savunma ve Ýtfaiyecilik (Kýz);2;TYT;20;1;;;;9, 31;899020;298.73133;;
109950363;  Sivil Savunma ve Ýtfaiyecilik (Erkek);2;TYT;45;2;;;;9, 33;807631;306.07411;;
109950151;  Tekstil Teknolojisi;2;TYT;25;1;;1;;;1499374;258.95578;;
109950115;  Turizm ve Otel Ýþletmeciliði;2;TYT;25;1;;1;;;1307877;270.66358;;
;YOZGAT BOZOK ÜNÝVERSÝTESÝ (Devlet Üniversitesi);;;;;;;;;;;;YÖKAK
;Akdaðmadeni Meslek Yüksekokulu;;;;;;;;;;;;
102350239;  Bankacýlýk ve Sigortacýlýk;2;TYT;25;1;;1;;;1904204;235.85344;;
102350521;  Çocuk Geliþimi;2;TYT;30;1;;1;;;1460552;261.27665;;
102350124;  Elektrik;2;TYT;35;1;;1;;;1659458;249.61190;;
102390123;  Grafik Tasarýmý;2;TYT;30;1;;1;;;1771343;243.25567;;
102350142;  Makine;2;TYT;35;1;;1;;;1730157;245.57487;;
102390053;  Mimari Restorasyon;2;TYT;20;1;;1;;;1991320;231.11290;;
;Boðazlýyan Meslek Yüksekokulu;;;;;;;;;;;;
102350406;  Bilgisayar Programcýlýðý;2;TYT;60;2;;2;;;1624528;251.62218;;
102390124;  Bilgisayar Programcýlýðý (Uzaktan Öðretim);2;TYT;150;4;;4;;7, 8;1795492;241.88788;;
102350584;  Elektronik Teknolojisi;2;TYT;30;1;;1;;;1797316;241.78273;;
102350469;  Gýda Teknolojisi;2;TYT;30;1;;1;;;1950483;233.32674;;
102350593;  Laborant ve Veteriner Saðlýk;2;TYT;50;2;;2;;;1448600;262.00032;;
102390065;  Mimari Restorasyon;2;TYT;20;1;;1;;;1994011;230.96714;;
102390090;  Ormancýlýk ve Orman Ürünleri;2;TYT;30;1;;1;;;1088236;285.02299;;
;Çekerek Fuat Oktay Saðlýk Hizmetleri Meslek Yüksekokulu;;;;;;;;;;;;
102390087;  Çocuk Geliþimi;2;TYT;30;1;;1;;;1409946;264.35167;;
102390159;  Evde Hasta Bakýmý;2;TYT;20;1;;1;;;891837;299.28418;;
102390125;  Ýlk ve Acil Yardým;2;TYT;35;1;;1;;;592146;326.45768;;
102390091;  Týbbi Dokümantasyon ve Sekreterlik;2;TYT;30;1;;1;;;763895;309.81292;;
102390092;  Týbbi Tanýtým ve Pazarlama;2;TYT;30;1;;1;;;1801635;241.54391;;
102390093;  Yaþlý Bakýmý;2;TYT;60;2;;2;;;1259661;273.70961;;
;Saðlýk Hizmetleri Meslek Yüksekokulu;;;;;;;;;;;;
102350503;  Anestezi;2;TYT;50;2;;2;;;443171;345.27669;;
102350415;  Çocuk Geliþimi;2;TYT;30;1;;1;;;1214006;276.66620;;
102390166;  Eczane Hizmetleri;2;TYT;30;1;;1;;;855924;302.10314;;
102390094;  Ýlk ve Acil Yardým;2;TYT;40;1;;1;;;526948;333.98186;;
102350512;  Saðlýk Kurumlarý Ýþletmeciliði;2;TYT;30;1;;1;;;1515516;257.99620;;
102350575;  Týbbi Dokümantasyon ve Sekreterlik;2;TYT;30;1;;1;;;643146;321.12898;;
102390127;  Týbbi Dokümantasyon ve Sekreterlik (Uzaktan Öðretim);2;TYT;100;3;;3;;7;1007283;290.70893;;
102390066;  Týbbi Görüntüleme Teknikleri;2;TYT;30;1;;1;;;538415;332.60098;;
102350424;  Yaþlý Bakýmý;2;TYT;60;2;;2;;;1123124;282.66516;;
;Sorgun Meslek Yüksekokulu;;;;;;;;;;;;
102350557;  Bilgisayar Programcýlýðý;2;TYT;60;2;;2;;;1484054;259.87531;;
102350548;  Ýnþaat Teknolojisi;2;TYT;35;1;;1;;;1972101;232.15250;;
102350478;  Muhasebe ve Vergi Uygulamalarý;2;TYT;20;1;;1;;;1870940;237.70040;;
102350609;  Optisyenlik;2;TYT;40;1;;1;;;1069796;286.29584;;
102350627;  Otomotiv Teknolojisi;2;TYT;30;1;;1;;;1755455;244.14994;;
102390054;  Özel Güvenlik ve Koruma;2;TYT;50;2;;2;;2;1620719;251.84570;;
102390128;  Raylý Sistemler Makine Teknolojisi;2;TYT;40;1;;1;;6;1618772;251.95551;;
;Þefaatli Meslek Yüksekokulu;;;;;;;;;;;;
102390096;  Laborant ve Veteriner Saðlýk;2;TYT;40;1;;1;;;1497107;259.09363;;
102390103;  Özel Güvenlik ve Koruma;2;TYT;35;1;;1;;2;1732585;245.43742;;
102390050;  Tapu ve Kadastro;2;TYT;40;1;;1;;;1546333;256.18946;;
;Yerköy Meslek Yüksekokulu;;;;;;;;;;;;
102390173;  Ceza Ýnfaz ve Güvenlik Hizmetleri;2;TYT;80;2;;2;;17;1042987;288.17080;;
102390180;  Mahkeme Büro Hizmetleri;2;TYT;30;1;;1;;;1214261;276.65034;;
102390187;  Sosyal Güvenlik;2;TYT;70;2;;2;;;1836559;239.60283;;
;Yozgat Meslek Yüksekokulu;;;;;;;;;;;;
102390129;  Aþçýlýk;2;TYT;50;2;;2;;;1360295;267.41803;;
102390130;  Bankacýlýk ve Sigortacýlýk;2;TYT;25;1;;1;;;1576684;254.42204;;
102390131;  Bilgisayar Destekli Tasarým ve Animasyon;2;TYT;50;2;;2;;;1671084;248.94341;;
102390132;  Bilgisayar Programcýlýðý;2;TYT;60;2;;2;;;1261012;273.62727;;
102390133;  Büro Yönetimi ve Yönetici Asistanlýðý;2;TYT;40;1;;1;;;1608831;252.53721;;
102390222;  Büyük Veri Analistliði;2;TYT;30;1;;1;;320;...;----;;
102390229;  Çaðrý Merkezi Hizmetleri;2;TYT;30;1;;1;;;1823411;240.33983;;
102390135;  Elektrik;2;TYT;50;2;;2;;;1535090;256.85179;;
102390134;  Elektronik Teknolojisi;2;TYT;30;1;;1;;;1662634;249.42696;;
102390194;  Geleneksel El Sanatlarý;2;TYT;20;1;;1;;;2004803;230.38347;;
102390136;  Grafik Tasarýmý;2;TYT;40;1;;1;;;1570340;254.78780;;
102390137;  Ýç Mekan Tasarýmý;2;TYT;30;1;;1;;;1767324;243.48054;;
102390138;  Ýnþaat Teknolojisi;2;TYT;35;1;;1;;;1933861;234.22903;;
102390139;  Ýþletme Yönetimi;2;TYT;30;1;;1;;;1886956;236.80529;;
102390140;  Makine;2;TYT;40;1;;1;;;1616600;252.08806;;
102390141;  Muhasebe ve Vergi Uygulamalarý;2;TYT;30;1;;1;;;1787829;242.31885;;
102390142;  Otomotiv Teknolojisi;2;TYT;30;1;;1;;;1623432;251.68417;;
102390144;  Sivil Savunma ve Ýtfaiyecilik;2;TYT;30;1;;;;9;1034704;288.74687;;
102390145;  Tarým Makineleri;2;TYT;20;1;;1;;;1866546;237.94176;;
;ZONGULDAK BÜLENT ECEVÝT ÜNÝVERSÝTESÝ (Devlet Üniversitesi);;;;;;;;;;;;YÖKAK
;Ahmet Erdoðan Saðlýk Hizmetleri Meslek Yüksekokulu;;;;;;;;;;;;
110351186;  Aðýz ve Diþ Saðlýðý;2;TYT;50;2;;2;;;581656;327.60900;;
110350707;  Ameliyathane Hizmetleri;2;TYT;60;2;;2;;;658644;319.58315;;
110350364;  Anestezi;2;TYT;50;2;;2;;;422061;348.45620;;
110351211;  Çocuk Geliþimi;2;TYT;35;1;;1;;;1044964;288.03310;;
110351274;  Eczane Hizmetleri;2;TYT;35;1;;1;;;755390;310.54943;;
110351017;  Ýlk ve Acil Yardým;2;TYT;35;1;;1;;;511782;335.90122;*;MEDEK
110351195;  Odyometri;2;TYT;50;2;;2;;;781889;308.25843;;
110351292;  Optisyenlik;2;TYT;50;2;;2;;;864450;301.41811;;
110351326;  Patoloji Laboratuvar Teknikleri;2;TYT;60;2;;2;;;762752;309.90889;*;MEDEK
110351371;  Podoloji;2;TYT;50;2;;2;;;852623;302.37690;;
110350982;  Saç Bakýmý ve Güzellik Hizmetleri;2;TYT;60;2;;2;;;1186270;278.46159;;
110350928;  Týbbi Görüntüleme Teknikleri;2;TYT;40;1;;1;;;536453;332.83090;;
110350885;  Týbbi Laboratuvar Teknikleri;2;TYT;50;2;;2;;;627622;322.69559;;
110351026;  Týbbi Tanýtým ve Pazarlama;2;TYT;60;2;;2;;;1401379;264.88035;;
110390335;  Týbbi Veri Ýþleme Teknikerliði;2;TYT;30;1;;1;;;...;----;;
110350716;  Yaþlý Bakýmý;2;TYT;75;2;;2;;;1054893;287.33597;;
110351317;  Yaþlý Bakýmý (KKTC Uyruklu);2;TYT;2;;;;;5;...;----;;
;Alaplý Meslek Yüksekokulu;;;;;;;;;;;;
110350743;  Bankacýlýk ve Sigortacýlýk;2;TYT;25;1;;1;;62;1626617;251.50083;;
110350416;  Elektrik;2;TYT;50;2;;2;;62;1154390;280.56805;;
110350858;  Elektronik Haberleþme Teknolojisi;2;TYT;35;1;;1;;62;1722821;245.99272;;
110350867;  Elektronik Teknolojisi;2;TYT;40;1;;1;;62;1455328;261.59201;;
110350452;  Gemi Ýnþaatý;2;TYT;30;1;;1;;;1112854;283.35786;;
110390158;  Gemi Makineleri Ýþletmeciliði;2;TYT;30;1;;1;;11, 62;976643;292.91972;;
110350946;  Ýnþaat Teknolojisi;2;TYT;30;1;;1;;;1861040;238.24387;;
110350822;  Ýþletme Yönetimi;2;TYT;30;1;;1;;;1749598;244.47489;;
110350876;  Kontrol ve Otomasyon Teknolojisi;2;TYT;35;1;;1;;62;1449803;261.92628;;
110350504;  Makine;2;TYT;50;2;;2;;;1380137;266.17852;;
110350955;  Metalurji;2;TYT;20;1;;1;;;1527407;257.30398;;
110350779;  Muhasebe ve Vergi Uygulamalarý;2;TYT;30;1;;1;;;1731713;245.48663;;
110390342;  Robotik ve Yapay Zeka;2;TYT;30;1;;1;;320;...;----;;
110351123;  Yapý Denetimi;2;TYT;25;1;;1;;;1897475;236.22192;;
110350513;  Yapý Ressamlýðý;2;TYT;30;1;;1;;;1922133;234.86799;;
;Biliþim Teknolojileri Meslek Yüksekokulu;;;;;;;;;;;;
110390293;  Arka-Yüz Yazýlým Geliþtirme;2;TYT;30;1;;1;;320;...;----;;
110390300;  Büyük Veri Analistliði;2;TYT;30;1;;1;;320;...;----;;
110390307;  Oyun Geliþtirme ve Programlama;2;TYT;30;1;;1;;320;...;----;;
;Çaycuma Gýda ve Tarým Meslek Yüksekokulu;;;;;;;;;;;;
110351441;  Gýda Kalite Kontrolü ve Analizi;2;TYT;40;1;;1;;;1827626;240.10476;;
110351459;  Gýda Teknolojisi;2;TYT;35;1;;1;;;1740798;244.97216;;
110351414;  Kimya Teknolojisi;2;TYT;20;1;;1;;;1591648;253.54070;;
110390164;  Laborant ve Veteriner Saðlýk;2;TYT;40;1;;1;;;1071403;286.18170;;
110390251;  Laboratuvar Teknolojisi;2;TYT;30;1;;1;;;1126997;282.40549;;
;Çaycuma Meslek Yüksekokulu;;;;;;;;;;;;
110390237;  Açýk Deniz Sondaj Teknolojisi;2;TYT;30;1;;1;;22, 24, 34, 240, 320;335033;363.59373;;
110390244;  Açýk Deniz Tabaný Uygulamalarý Teknolojisi;2;TYT;30;1;;1;;22, 24, 34, 240, 320;480668;339.98542;;
110351141;  Çaðrý Merkezi Hizmetleri;2;TYT;30;1;;1;;62;1781720;242.66653;;
110390098;  Ýç Mekan Tasarýmý;2;TYT;50;2;;2;;62;1749439;244.48354;;
110351105;  Ýnsan Kaynaklarý Yönetimi;2;TYT;40;1;;1;;62;1791858;242.09789;;
110390314;  Ofis Teknolojileri ve Veri Yönetimi;2;TYT;30;1;;1;;62;...;----;;
110351202;  Ormancýlýk ve Orman Ürünleri;2;TYT;30;1;;1;;62;995717;291.53045;;
110390167;  Sivil Hava Ulaþtýrma Ýþletmeciliði;2;TYT;30;1;;1;;10, 62;1130384;282.18101;*;MEDEK
110351389;  Sivil Havacýlýk Kabin Hizmetleri;2;TYT;50;2;;2;;10, 62;835270;303.78458;;
110390141;  Sosyal Güvenlik;2;TYT;50;2;;2;;62;1792120;242.08105;;
;Devrek Meslek Yüksekokulu;;;;;;;;;;;;
110351053;  Aþçýlýk;2;TYT;70;2;;2;;;1228503;275.72072;;
110351353;  Bilgisayar Programcýlýðý;2;TYT;60;2;;2;;;1071213;286.19580;;
110351238;  Geleneksel El Sanatlarý;2;TYT;25;1;;1;;;1850329;238.83605;;
110351398;  Ýnternet ve Að Teknolojileri;2;TYT;50;2;;2;;;1632847;251.14205;;
110390321;  Kurumsal Biliþim Uzmanlýðý;2;TYT;30;1;;1;;320;...;----;;
110390258;  Mahkeme Büro Hizmetleri;2;TYT;30;1;;1;;;1178276;278.97901;;
110350788;  Muhasebe ve Vergi Uygulamalarý;2;TYT;25;1;;1;;;1819459;240.55608;;
110351335;  Özel Güvenlik ve Koruma;2;TYT;70;2;;2;;2;1685551;248.11176;;
110351405;  Posta Hizmetleri;2;TYT;50;2;;2;;;1995470;230.88686;;
110350637;  Turizm ve Otel Ýþletmeciliði;2;TYT;25;1;;1;;62;1775747;243.01194;;
110350682;  Yerel Yönetimler;2;TYT;30;1;;1;;;1913757;235.33272;;
;Gökçebey Mithat-Mehmet Çanakçý Meslek Yüksekokulu;;;;;;;;;;;;
110350964;  Halkla Ýliþkiler ve Tanýtým;2;TYT;30;1;;1;;;1867131;237.90933;;
110351168;  Mimari Dekoratif Sanatlar;2;TYT;20;1;;1;;;1911931;235.43300;;
110390165;  Saðlýk Kurumlarý Ýþletmeciliði;2;TYT;30;1;;1;;;1606122;252.69739;;
;Karadeniz Ereðli Meslek Yüksekokulu;;;;;;;;;;;;
110351362;  Bilgisayar Teknolojisi;2;TYT;50;2;;2;;62;1168870;279.59707;;
110390265;  Bilgisayar Teknolojisi (KKTC Uyruklu);2;TYT;1;;;;;5, 62;;;;
110390157;  Biliþim Güvenliði Teknolojisi;2;TYT;50;2;;2;;62;1132740;282.02585;;
110390328;  Bulut Biliþim Operatörlüðü;2;TYT;30;1;;1;;320;...;----;;
110351229;  Deniz ve Liman Ýþletmeciliði;2;TYT;30;1;;1;;62;1405259;264.64266;;
110351283;  Grafik Tasarýmý;2;TYT;60;2;;2;;;1255672;273.96598;;
;Zonguldak Meslek Yüksekokulu (Kilimli);;;;;;;;;;;;
110350276;  Biyomedikal Cihaz Teknolojisi;2;TYT;30;1;;1;;62;1238808;275.05662;;
110350285;  Harita ve Kadastro;2;TYT;30;1;;1;;;1423100;263.53974;;
110350937;  Ýnþaat Teknolojisi;2;TYT;40;1;;1;;;1730978;245.52474;*;MEDEK
110350813;  Ýþletme Yönetimi;2;TYT;30;1;;1;;;1740352;244.99651;;
110351132;  Lojistik;2;TYT;60;2;;2;;;1597303;253.20790;;
110390159;  Madencilik Teknolojisi;2;TYT;40;1;;1;;;1285046;272.09917;;
110350761;  Muhasebe ve Vergi Uygulamalarý;2;TYT;30;1;;1;;;1727869;245.70720;;
110350337;  Turizm ve Otel Ýþletmeciliði;2;TYT;25;1;;1;;62;1581018;254.17042;;
110351308;  Turizm ve Otel Ýþletmeciliði (KKTC Uyruklu);2;TYT;1;;;;;5, 62;...;----;;
;ÝÇÝÞLERÝ BAKANLIÐI VE MÝLLÝ SAVUNMA BAKANLIÐI ADINA SAÐLIK BÝLÝMLERÝ ÜNÝVERSÝTESÝNDE EÐÝTÝM ALACAKLAR (Devlet Üniversitesi);;;;;;;;;;;;
;Gülhane Saðlýk Meslek Yüksekokulu (Ankara);;;;;;;;;;;;
111091386;  Anestezi (Ankara) (Erkek) (Milli Savunma Bakanlýðý Adýna);2;TYT;2;1;;;;33, 58;210568;393.84490;;
111091446;  Eczane Hizmetleri (Ankara) (Erkek) (Milli Savunma Bakanlýðý Adýna);2;TYT;2;1;;;;33, 58;214163;392.75762;;
111091431;  Ýlk ve Acil Yardým (Ankara) (Kýz) (Ýçiþleri Bakanlýðý Adýna);2;TYT;2;1;;;;31, 59;86255;447.56323;;
111050346;  Ýlk ve Acil Yardým (Erkek) (Ankara) (Ýçiþleri Bakanlýðý Adýna);2;TYT;8;1;;;;33, 59;193045;399.49259;;
111091155;  Ýlk ve Acil Yardým (Erkek) (Ankara) (Milli Savunma Bakanlýðý Adýna);2;TYT;70;2;;;;33, 58;371575;356.80920;;
111091387;  Týbbi Görüntüleme Teknikleri (Ankara) (Erkek) (Milli Savunma Bakanlýðý Adýna);2;TYT;5;1;;;;33, 58;190648;400.29580;;
111091388;  Týbbi Laboratuvar Teknikleri (Ankara) (Erkek) (Milli Savunma Bakanlýðý Adýna);2;TYT;3;1;;;;33, 58;260801;379.98757;;
;Hamidiye Saðlýk Hizmetleri Meslek Yüksekokulu (Ýstanbul);;;;;;;;;;;;
111091384;  Biyomedikal Cihaz Teknolojisi (Erkek) (Milli Savunma Bakanlýðý Adýna);2;TYT;3;1;;;;33, 58;268117;378.20185;;
111091156;  Ýlk ve Acil Yardým (Erkek) (Milli Savunma Bakanlýðý Adýna);2;TYT;70;2;;;;33, 58;472504;341.11062;;
;HOCA AHMET YESEVÝ ULUSLARARASI TÜRK-KAZAK ÜNÝVERSÝTESÝ (TÜRKÝSTAN-KAZAKÝSTAN)*;;;;;;;;;;;;
;Türkistan Meslek Yüksekokulu;;;;;;;;;;;;
403950015;  Bilgisayar Programcýlýðý (Uzaktan Öðretim) (Ücretli);2;TYT;100;;;;;130;2093506;225.59476;;
;*Uluslararasý anlaþmalar ile kurulmuþ olan üniversite, özerk statüye sahip ortak devlet üniversitesidir. Eðitim, yurt dýþýnda üniversitenin bulunduðu ülkede sürdürülecektir.;;;;;;;;;;;;
;ACIBADEM MEHMET ALÝ AYDINLAR ÜNÝVERSÝTESÝ (ÝSTANBUL) (Vakýf Üniversitesi) ;;;;;;;;;;;;
;Meslek Yüksekokulu;;;;;;;;;;;;
200150361;  Aþçýlýk (Burslu);2;TYT;4;;1;;1;21, 64;233350;387.19792;;
200150352;  Aþçýlýk (%50 Ýndirimli);2;TYT;31;;;;;21, 64;1374336;266.53184;;
200190081;  Bilgisayar Programcýlýðý (Burslu);2;TYT;7;;1;;1;21, 64;238373;385.79950;;
200190088;  Bilgisayar Programcýlýðý (%50 Ýndirimli);2;TYT;41;;;;;21, 64;793806;307.23749;;
200150758;  Biyomedikal Cihaz Teknolojisi (Burslu);2;TYT;4;;1;;1;21, 64;440889;345.60600;;
200150767;  Biyomedikal Cihaz Teknolojisi (%50 Ýndirimli);2;TYT;25;;;;;21, 64;2291627;214.80204;;
;Saðlýk Hizmetleri Meslek Yüksekokulu;;;;;;;;;;;;
200150652;  Aðýz ve Diþ Saðlýðý (Burslu);2;TYT;6;;1;;1;21, 64;334552;363.68844;;
200150661;  Aðýz ve Diþ Saðlýðý (%50 Ýndirimli);2;TYT;42;;;;;21, 64;1332292;269.15220;;
200150679;  Ameliyathane Hizmetleri (Burslu);2;TYT;6;;1;;1;21, 64;471181;341.28945;;
200150688;  Ameliyathane Hizmetleri (%50 Ýndirimli);2;TYT;40;;;;;21, 64;1548796;256.04731;;
200150025;  Anestezi (Burslu);2;TYT;6;;1;;1;21, 64;188555;401.00468;;
200150255;  Anestezi (%50 Ýndirimli);2;TYT;42;;;;;21, 64;815373;305.41544;;
200150185;  Diyaliz (Burslu);2;TYT;4;;1;;1;21, 64;548627;331.39655;;
200150334;  Diyaliz (%50 Ýndirimli);2;TYT;31;;;;;21, 64;2173315;221.26701;;
200150201;  Elektronörofizyoloji (Burslu);2;TYT;4;;1;;1;21, 64;543673;331.98065;;
200150343;  Elektronörofizyoloji (%50 Ýndirimli);2;TYT;28;;;;;21, 64;2726048;180.43396;;
200190058;  Fizyoterapi (Burslu);2;TYT;5;;1;;1;21, 64;203542;396.06898;;
200190059;  Fizyoterapi (%50 Ýndirimli);2;TYT;37;;;;;21, 64;1411973;264.22435;;
200150167;  Ýlk ve Acil Yardým (Burslu);2;TYT;9;;1;;1;21, 64;317487;367.14228;;
200150264;  Ýlk ve Acil Yardým (%50 Ýndirimli);2;TYT;53;;;;;21, 64;999424;291.26704;;
200150697;  Odyometri (Burslu);2;TYT;4;;1;;1;21, 64;415486;349.48090;;
200150704;  Odyometri (%50 Ýndirimli);2;TYT;25;;;;;21, 64;2306410;213.98068;;
200150713;  Optisyenlik (Burslu);2;TYT;7;;1;;1;21, 64;403749;351.33626;;
200150722;  Optisyenlik (%50 Ýndirimli);2;TYT;41;;;;;21, 64;1774224;243.09431;;
200150731;  Ortopedik Protez ve Ortez (Burslu);2;TYT;3;;;;1;21, 64;650559;320.39119;;
200150749;  Ortopedik Protez ve Ortez (%50 Ýndirimli);2;TYT;20;;;;;21, 64;2412795;207.93024;;
200150061;  Patoloji Laboratuvar Teknikleri (Burslu);2;TYT;5;;1;;1;21, 64;464417;342.22767;;
200150307;  Patoloji Laboratuvar Teknikleri (%50 Ýndirimli);2;TYT;34;;;;;21, 64;2107659;224.82683;;
200150546;  Podoloji (Burslu);2;TYT;5;;1;;1;21, 64;580582;327.72284;;
200150537;  Podoloji (%50 Ýndirimli);2;TYT;37;;;;;21, 64;2148278;222.63438;;
200150088;  Radyoterapi (Burslu);2;TYT;4;;1;;1;21, 64;582509;327.51373;;
200150282;  Radyoterapi (%50 Ýndirimli);2;TYT;31;;;;;21, 64;2258818;216.60002;;
200150149;  Týbbi Dokümantasyon ve Sekreterlik (Burslu);2;TYT;5;;1;;1;21, 64;328865;364.83145;;
200150316;  Týbbi Dokümantasyon ve Sekreterlik (%50 Ýndirimli);2;TYT;34;;;;;21, 64;1287808;271.92740;;
200150113;  Týbbi Görüntüleme Teknikleri (Burslu);2;TYT;8;;1;;1;21, 64;337793;363.04707;;
200150273;  Týbbi Görüntüleme Teknikleri (%50 Ýndirimli);2;TYT;46;;;;;21, 64;1211037;276.86314;;
200150131;  Týbbi Laboratuvar Teknikleri (Burslu);2;TYT;8;;1;;1;21, 64;348478;361.02580;;
200150291;  Týbbi Laboratuvar Teknikleri (%50 Ýndirimli);2;TYT;47;;;;;21, 64;1610941;252.41526;;
200190151;  Týbbi Veri Ýþleme Teknikerliði (Burslu);2;TYT;4;;1;;1;21, 64;...;----;;
200190158;  Týbbi Veri Ýþleme Teknikerliði (%50 Ýndirimli);2;TYT;25;;;;;21, 64;...;----;;
;ALANYA ÜNÝVERSÝTESÝ (ANTALYA) (Vakýf Üniversitesi) ;;;;;;;;;;;;
;Meslek Yüksekokulu;;;;;;;;;;;;
210100353;  Akýllý Altyapýlar Teknikerliði (Burslu);2;TYT;5;;1;;1;18, 21, 64;...;----;;
210100360;  Akýllý Altyapýlar Teknikerliði (%50 Ýndirimli);2;TYT;34;;;;;18, 21, 64;...;----;;
210100101;  Aþçýlýk (Burslu);2;TYT;5;;1;;1;18, 21, 64;631765;322.27451;;
210100108;  Aþçýlýk (%50 Ýndirimli);2;TYT;24;;;;;18, 21, 64;2044876;228.21704;;
210100234;  Bilgisayar Programcýlýðý (Burslu);2;TYT;5;;1;;1;18, 21, 64;648377;320.60607;;
210100241;  Bilgisayar Programcýlýðý (%50 Ýndirimli);2;TYT;24;;;;;18, 21, 64;2107526;224.83521;;
210100115;  Fizyoterapi (Burslu);2;TYT;7;;1;;1;18, 21, 64;622675;323.21053;;
210100122;  Fizyoterapi (%50 Ýndirimli);2;TYT;32;;;;;18, 21, 64;1372056;266.66896;;
210100367;  Gýda Kalite Kontrolü ve Analizi (Burslu);2;TYT;5;;1;;1;18, 21, 64;...;----;;
210100374;  Gýda Kalite Kontrolü ve Analizi (%50 Ýndirimli);2;TYT;34;;;;;18, 21, 64;...;----;;
210100381;  Kimya Teknolojisi (Burslu);2;TYT;5;;1;;1;18, 21, 64;...;----;;
210100388;  Kimya Teknolojisi (%50 Ýndirimli);2;TYT;34;;;;;18, 21, 64;...;----;;
210100248;  Turizm ve Otel Ýþletmeciliði (Burslu);2;TYT;5;;1;;1;18, 21, 64;969898;293.41177;;
210100227;  Turizm ve Otel Ýþletmeciliði (%50 Ýndirimli);2;TYT;24;;;;;18, 21, 64;2241489;217.54743;;
;ALTINBAÞ ÜNÝVERSÝTESÝ (ÝSTANBUL) (Vakýf Üniversitesi) ;;;;;;;;;;;;YÖKAK
;Saðlýk Hizmetleri Meslek Yüksekokulu;;;;;;;;;;;;
202950223;  Aðýz ve Diþ Saðlýðý (Burslu);2;TYT;9;;1;;1;18, 21, 64;563670;329.64876;;
202950841;  Aðýz ve Diþ Saðlýðý (%50 Ýndirimli);2;TYT;59;;;;;18, 21, 64;1717079;246.32559;;
202950268;  Ameliyathane Hizmetleri (Burslu);2;TYT;9;;1;;1;18, 21, 64;699277;315.66787;;
202950859;  Ameliyathane Hizmetleri (%50 Ýndirimli);2;TYT;59;;;;;18, 21, 64;2010007;230.10525;;
202950286;  Anestezi (Burslu);2;TYT;9;;1;;1;18, 21, 64;426010;347.84551;;
202950295;  Anestezi (%25 Ýndirimli);2;TYT;59;;;;;18, 21, 64;1475303;260.38580;;
202990456;  Çevre Saðlýðý ve Çevresel Risk Yönetimi Teknikerliði (Burslu);2;TYT;5;;1;;1;18, 21, 64;...;----;;
202990463;  Çevre Saðlýðý ve Çevresel Risk Yönetimi Teknikerliði (%50 Ýndirimli);2;TYT;34;;;;;18, 21, 64;...;----;;
202950029;  Çocuk Geliþimi (Burslu);2;TYT;5;;1;;1;18, 21, 64;...;----;;
202950198;  Çocuk Geliþimi (%50 Ýndirimli);2;TYT;34;;;;;18, 21, 64;...;----;;
202990309;  Eczane Hizmetleri (Burslu);2;TYT;4;;1;;1;18, 21, 64;582032;327.56494;;
202990316;  Eczane Hizmetleri (%50 Ýndirimli);2;TYT;25;;;;;18, 21, 64;2278329;215.52913;;
202950647;  Fizyoterapi (Burslu);2;TYT;6;;1;;1;18, 21, 64;587271;326.99231;;
202950877;  Fizyoterapi (%50 Ýndirimli);2;TYT;38;;;;;18, 21, 64;...;----;;
202950117;  Ýlk ve Acil Yardým (Burslu);2;TYT;10;;2;;1;18, 21, 64;517444;335.18186;;
202950126;  Ýlk ve Acil Yardým (%25 Ýndirimli);2;TYT;68;;;;;18, 21, 64;1785544;242.44937;;
202950144;  Odyometri (Burslu);2;TYT;4;;1;;1;18, 21, 64;695246;316.05172;;
202950753;  Odyometri (%50 Ýndirimli);2;TYT;25;;;;;18, 21, 64;2564184;198.27617;;
202950162;  Optisyenlik (Burslu);2;TYT;5;;1;;1;18, 21, 64;457238;343.23749;;
202950762;  Optisyenlik (%50 Ýndirimli);2;TYT;37;;;;;18, 21, 64;1872179;237.62609;;
202950311;  Radyoterapi (Burslu);2;TYT;5;;1;;1;18, 21, 64;757376;310.37197;;
202950895;  Radyoterapi (%50 Ýndirimli);2;TYT;33;;;;;18, 21, 64;2431884;206.80210;;
202990470;  Tele-Saðlýk Teknikerliði (Burslu);2;TYT;5;;1;;1;18, 21, 64;...;----;;
202990477;  Tele-Saðlýk Teknikerliði (%50 Ýndirimli);2;TYT;34;;;;;18, 21, 64;...;----;;
202951239;  Týbbi Dokümantasyon ve Sekreterlik (Burslu);2;TYT;4;;;;1;18, 21, 64;538995;332.53231;;
202990162;  Týbbi Dokümantasyon ve Sekreterlik (%50 Ýndirimli);2;TYT;21;;;;;18, 21, 64;1622963;251.71129;;
202950674;  Týbbi Görüntüleme Teknikleri (Burslu);2;TYT;10;;1;;1;18, 21, 64;566939;329.26985;;
202950902;  Týbbi Görüntüleme Teknikleri (%50 Ýndirimli);2;TYT;62;;;;;18, 21, 64;1763990;243.66351;;
202951266;  Týbbi Laboratuvar Teknikleri (Burslu);2;TYT;8;;1;;1;18, 21, 64;581718;327.60183;;
202990163;  Týbbi Laboratuvar Teknikleri (%50 Ýndirimli);2;TYT;47;;;;;18, 21, 64;2410197;208.07807;;
;ANKARA BÝLÝM ÜNÝVERSÝTESÝ (Vakýf Üniversitesi) ;;;;;;;;;;;;
;Meslek Yüksekokulu;;;;;;;;;;;;
209510236;  Bilgisayar Destekli Tasarým ve Animasyon (Burslu);2;TYT;8;;1;;1;21, 64;404547;351.20336;;
209510243;  Bilgisayar Destekli Tasarým ve Animasyon (%50 Ýndirimli);2;TYT;51;;;;;21, 64;1839719;239.42640;;
209510173;  Bilgisayar Programcýlýðý (Burslu);2;TYT;8;;1;;1;21, 64;271245;377.45452;;
209510180;  Bilgisayar Programcýlýðý (%50 Ýndirimli);2;TYT;51;;;;;21, 64;1294348;271.51447;;
209510138;  Biliþim Güvenliði Teknolojisi (Burslu);2;TYT;8;;1;;1;21, 64;333864;363.81931;;
209510145;  Biliþim Güvenliði Teknolojisi (%50 Ýndirimli);2;TYT;51;;;;;21, 64;1477944;260.22744;;
209510201;  E-Ticaret ve Pazarlama (Burslu);2;TYT;8;;1;;1;21, 64;472518;341.10831;;
209510208;  E-Ticaret ve Pazarlama (%50 Ýndirimli);2;TYT;51;;;;;21, 64;2216733;218.90587;;
209510187;  Ýnsansýz Hava Aracý Teknolojisi ve Operatörlüðü (Burslu);2;TYT;8;;1;;1;21, 64;235485;386.59064;;
209510194;  Ýnsansýz Hava Aracý Teknolojisi ve Operatörlüðü (%50 Ýndirimli);2;TYT;51;;;;;21, 64;1130776;282.15341;;
209510250;  Web Tasarýmý ve Kodlama (Burslu);2;TYT;8;;1;;1;21, 64;432445;346.86070;;
209510257;  Web Tasarýmý ve Kodlama (%50 Ýndirimli);2;TYT;51;;;;;21, 64;1775752;243.01190;;
;ANKARA MEDÝPOL ÜNÝVERSÝTESÝ (Vakýf Üniversitesi) ;;;;;;;;;;;;
;Meslek Yüksekokulu;;;;;;;;;;;;
209210173;  Arka-Yüz Yazýlým Geliþtirme (Burslu);2;TYT;10;;2;;1;18, 21, 64, 320;...;----;;
209210180;  Arka-Yüz Yazýlým Geliþtirme (%50 Ýndirimli);2;TYT;68;;;;;18, 21, 64, 320;...;----;;
209210039;  Bilgisayar Programcýlýðý (Burslu);2;TYT;12;;2;;1;18, 21, 64;218553;391.44059;;
209210040;  Bilgisayar Programcýlýðý (%50 Ýndirimli);2;TYT;76;;;;;18, 21, 64;...;----;;
209210187;  Bilgisayar Programcýlýðý (Ýngilizce) (Burslu);2;TYT;10;;2;;1;18, 21, 22, 23, 24, 64;...;----;;
209210194;  Bilgisayar Programcýlýðý (Ýngilizce) (%50 Ýndirimli);2;TYT;68;;;;;18, 21, 22, 23, 24, 64;...;----;;
209210087;  Ýç Mekan Tasarýmý (Burslu);2;TYT;10;;2;;1;18, 21, 64;466584;341.92010;;
209210088;  Ýç Mekan Tasarýmý (%50 Ýndirimli);2;TYT;67;;;;;18, 21, 64;...;----;;
209210037;  Ýnþaat Teknolojisi (Burslu);2;TYT;10;;2;;1;18, 21, 64;486588;339.20226;;
209210038;  Ýnþaat Teknolojisi (%50 Ýndirimli);2;TYT;68;;;;;18, 21, 64;...;----;;
209210166;  Mahkeme Büro Hizmetleri (Burslu);2;TYT;4;;1;;1;18, 21, 64;451083;344.13943;;
209210201;  Mahkeme Büro Hizmetleri (%50 Ýndirimli);2;TYT;25;;;;;18, 21, 64;...;----;;
209210090;  Pazarlama (Burslu);2;TYT;4;;;;1;18, 21, 64;525787;334.12688;;
209210091;  Pazarlama (%50 Ýndirimli);2;TYT;20;;;;;18, 21, 64;...;----;;
209210208;  Robotik ve Yapay Zeka (Burslu);2;TYT;10;;2;;1;18, 21, 64, 320;...;----;;
209210215;  Robotik ve Yapay Zeka (%50 Ýndirimli);2;TYT;68;;;;;18, 21, 64, 320;...;----;;
;Saðlýk Hizmetleri Meslek Yüksekokulu;;;;;;;;;;;;
209210015;  Aðýz ve Diþ Saðlýðý (Burslu);2;TYT;8;;1;;1;18, 21, 64;385311;354.40028;;
209210016;  Aðýz ve Diþ Saðlýðý (%50 Ýndirimli);2;TYT;51;;;;;18, 21, 64;...;----;;
209210222;  Aðýz ve Diþ Saðlýðý (Ýngilizce) (Burslu);2;TYT;10;;2;;1;18, 21, 22, 23, 24, 64;...;----;;
209210229;  Aðýz ve Diþ Saðlýðý (Ýngilizce) (%50 Ýndirimli);2;TYT;68;;;;;18, 21, 22, 23, 24, 64;...;----;;
209210013;  Ameliyathane Hizmetleri (Burslu);2;TYT;8;;1;;1;18, 21, 64;468505;341.64935;;
209210014;  Ameliyathane Hizmetleri (%50 Ýndirimli);2;TYT;54;;;;;18, 21, 64;...;----;;
209210236;  Ameliyathane Hizmetleri (Ýngilizce) (Burslu);2;TYT;10;;2;;1;18, 21, 22, 23, 24, 64;...;----;;
209210243;  Ameliyathane Hizmetleri (Ýngilizce) (%50 Ýndirimli);2;TYT;68;;;;;18, 21, 22, 23, 24, 64;...;----;;
209210017;  Anestezi (Burslu);2;TYT;8;;1;;1;18, 21, 64;255764;381.25688;;
209210018;  Anestezi (%50 Ýndirimli);2;TYT;49;;;;;18, 21, 64;...;----;;
209210250;  Anestezi (Ýngilizce) (Burslu);2;TYT;10;;2;;1;18, 21, 22, 23, 24, 64;...;----;;
209210257;  Anestezi (Ýngilizce) (%50 Ýndirimli);2;TYT;68;;;;;18, 21, 22, 23, 24, 64;...;----;;
209210019;  Biyomedikal Cihaz Teknolojisi (Burslu);2;TYT;8;;1;;1;18, 21, 64;597089;325.92331;;
209210020;  Biyomedikal Cihaz Teknolojisi (%50 Ýndirimli);2;TYT;51;;;;;18, 21, 64;...;----;;
209210021;  Diþ Protez Teknolojisi (Burslu);2;TYT;8;;1;;1;18, 21, 64;278104;375.78137;;
209210022;  Diþ Protez Teknolojisi (%50 Ýndirimli);2;TYT;48;;;;;18, 21, 64;...;----;;
209210264;  Diþ Protez Teknolojisi (Ýngilizce) (Burslu);2;TYT;10;;2;;1;18, 21, 22, 23, 24, 64;...;----;;
209210271;  Diþ Protez Teknolojisi (Ýngilizce) (%50 Ýndirimli);2;TYT;68;;;;;18, 21, 22, 23, 24, 64;...;----;;
209210023;  Diyaliz (Burslu);2;TYT;8;;1;;1;18, 21, 64;523516;334.40916;;
209210024;  Diyaliz (%50 Ýndirimli);2;TYT;54;;;;;18, 21, 64;...;----;;
209210025;  Fizyoterapi (Burslu);2;TYT;8;;1;;1;18, 21, 64;377000;355.83768;;
209210026;  Fizyoterapi (%50 Ýndirimli);2;TYT;49;;;;;18, 21, 64;...;----;;
209210278;  Fizyoterapi (Ýngilizce) (Burslu);2;TYT;10;;2;;1;18, 21, 22, 23, 24, 64;...;----;;
209210285;  Fizyoterapi (Ýngilizce) (%50 Ýndirimli);2;TYT;68;;;;;18, 21, 22, 23, 24, 64;...;----;;
209210027;  Ýlk ve Acil Yardým (Burslu);2;TYT;8;;1;;1;18, 21, 64;347302;361.25930;;
209210028;  Ýlk ve Acil Yardým (%50 Ýndirimli);2;TYT;49;;;;;18, 21, 64;...;----;;
209210292;  Ýlk ve Acil Yardým (Ýngilizce) (Burslu);2;TYT;10;;2;;1;18, 21, 22, 23, 24, 64;...;----;;
209210299;  Ýlk ve Acil Yardým (Ýngilizce) (%50 Ýndirimli);2;TYT;68;;;;;18, 21, 22, 23, 24, 64;...;----;;
209210029;  Odyometri (Burslu);2;TYT;7;;1;;1;18, 21, 64;464208;342.25369;;
209210030;  Odyometri (%50 Ýndirimli);2;TYT;47;;;;;18, 21, 64;...;----;;
209210076;  Optisyenlik (Burslu);2;TYT;7;;1;;1;18, 21, 64;298928;371.08061;;
209210077;  Optisyenlik (%50 Ýndirimli);2;TYT;44;;;;;18, 21, 64;...;----;;
209210031;  Radyoterapi (Burslu);2;TYT;7;;1;;1;18, 21, 64;511458;335.94603;;
209210032;  Radyoterapi (%50 Ýndirimli);2;TYT;47;;;;;18, 21, 64;...;----;;
209210078;  Saðlýk Turizmi Ýþletmeciliði (Burslu);2;TYT;3;;1;;1;18, 21, 64;369343;357.19263;;
209210079;  Saðlýk Turizmi Ýþletmeciliði (%50 Ýndirimli);2;TYT;24;;;;;18, 21, 64;...;----;;
209210035;  Týbbi Görüntüleme Teknikleri (Burslu);2;TYT;8;;1;;1;18, 21, 64;337522;363.09876;;
209210036;  Týbbi Görüntüleme Teknikleri (%50 Ýndirimli);2;TYT;49;;;;;18, 21, 64;...;----;;
209210033;  Týbbi Laboratuvar Teknikleri (Burslu);2;TYT;8;;1;;1;18, 21, 64;410780;350.22602;;
209210034;  Týbbi Laboratuvar Teknikleri (%50 Ýndirimli);2;TYT;49;;;;;18, 21, 64;...;----;;
209210306;  Týbbi Laboratuvar Teknikleri (Ýngilizce) (Burslu);2;TYT;10;;2;;1;18, 21, 22, 23, 24, 64;...;----;;
209210313;  Týbbi Laboratuvar Teknikleri (Ýngilizce) (%50 Ýndirimli);2;TYT;68;;;;;18, 21, 22, 23, 24, 64;...;----;;
;ANTALYA BELEK ÜNÝVERSÝTESÝ (Vakýf Üniversitesi) ;;;;;;;;;;;;
;Meslek Yüksekokulu;;;;;;;;;;;;
210200115;  Aþçýlýk (Burslu);2;TYT;3;;;;1;18, 21, 64;630931;322.35919;;
210200122;  Aþçýlýk (%50 Ýndirimli);2;TYT;17;;;;;18, 21, 64;1809603;241.10509;;
210200129;  Bankacýlýk ve Sigortacýlýk (Burslu);2;TYT;3;;;;1;18, 21, 64;943903;295.35988;;
210200136;  Bankacýlýk ve Sigortacýlýk (%50 Ýndirimli);2;TYT;17;;;;;18, 21, 64;1975821;231.95151;;
210200451;  Bilgisayar Destekli Tasarým ve Animasyon (Burslu);2;TYT;4;;1;;1;18, 21, 64;893108;299.18323;;
210200458;  Bilgisayar Destekli Tasarým ve Animasyon (%50 Ýndirimli);2;TYT;25;;;;;18, 21, 64;2609187;194.83904;;
210200465;  Biliþim Güvenliði Teknolojisi (Burslu);2;TYT;4;;1;;1;18, 21, 64;758933;310.23625;;
210200472;  Biliþim Güvenliði Teknolojisi (%50 Ýndirimli);2;TYT;25;;;;;18, 21, 64;2612622;194.55970;;
210200143;  Eczane Hizmetleri (Burslu);2;TYT;4;;1;;1;18, 21, 64;668779;318.58945;;
210200150;  Eczane Hizmetleri (%50 Ýndirimli);2;TYT;25;;;;;18, 21, 64;1706516;246.91756;;
210200171;  Ýç Mekan Tasarýmý (Burslu);2;TYT;4;;1;;1;18, 21, 64;771579;309.15677;;
210200185;  Ýç Mekan Tasarýmý (%50 Ýndirimli);2;TYT;25;;;;;18, 21, 64;1857186;238.45701;;
210200192;  Ýnþaat Teknolojisi (Burslu);2;TYT;3;;;;1;18, 21, 64;915588;297.46914;;
210200199;  Ýnþaat Teknolojisi (%50 Ýndirimli);2;TYT;18;;;;;18, 21, 64;1950305;233.33668;;
210200479;  Mahkeme Büro Hizmetleri (Burslu);2;TYT;10;;2;;1;18, 21, 64;1258621;273.77512;;
210200486;  Mahkeme Büro Hizmetleri (%50 Ýndirimli);2;TYT;68;;;;;18, 21, 64;;;;
210200206;  Mimari Restorasyon (Burslu);2;TYT;3;;1;;1;18, 21, 64;1058781;287.06233;;
210200213;  Mimari Restorasyon (%50 Ýndirimli);2;TYT;24;;;;;18, 21, 64;2126370;223.81070;;
210200220;  Optisyenlik (Burslu);2;TYT;6;;1;;1;18, 21, 64;641701;321.27471;;
210200234;  Optisyenlik (%50 Ýndirimli);2;TYT;42;;;;;18, 21, 64;1368040;266.93060;;
210200493;  Sivil Hava Ulaþtýrma Ýþletmeciliði (Burslu);2;TYT;4;;1;;1;10, 18, 21, 64;666707;318.79520;;
210200500;  Sivil Hava Ulaþtýrma Ýþletmeciliði (%50 Ýndirimli);2;TYT;28;;;;;10, 18, 21, 64;1788421;242.28485;;
210200241;  Sivil Havacýlýk Kabin Hizmetleri (Burslu);2;TYT;4;;1;;1;10, 18, 21, 64;481325;339.90132;;
210200248;  Sivil Havacýlýk Kabin Hizmetleri (%50 Ýndirimli);2;TYT;28;;;;;10, 18, 21, 64;1110839;283.49822;;
210200283;  Turist Rehberliði (Burslu);2;TYT;3;;;;1;18, 21, 64;493497;338.29592;;
210200290;  Turist Rehberliði (%50 Ýndirimli);2;TYT;15;;;;;18, 21, 64;1770160;243.32127;;
210200507;  Web Tasarýmý ve Kodlama (Burslu);2;TYT;5;;1;;1;18, 21, 64;...;----;;
210200514;  Web Tasarýmý ve Kodlama (%50 Ýndirimli);2;TYT;34;;;;;18, 21, 64;...;----;;
;ANTALYA BÝLÝM ÜNÝVERSÝTESÝ (Vakýf Üniversitesi) ;;;;;;;;;;;;
;Meslek Yüksekokulu;;;;;;;;;;;;
206410594;  Aþçýlýk (Burslu);2;TYT;6;;1;;1;18, 21, 64;447238;344.68533;;
206410596;  Aþçýlýk (%50 Ýndirimli);2;TYT;38;;;;;18, 21, 64;1381924;266.07412;;
206410598;  Bilgisayar Programcýlýðý (Burslu);2;TYT;8;;1;;1;18, 21, 64;415688;349.44764;;
206410600;  Bilgisayar Programcýlýðý (%50 Ýndirimli);2;TYT;51;;;;;18, 21, 64;1031821;288.95446;;
206410602;  Ýnþaat Teknolojisi (Burslu);2;TYT;7;;1;;1;18, 21, 64;641079;321.33796;;
206410604;  Ýnþaat Teknolojisi (%50 Ýndirimli);2;TYT;46;;;;;18, 21, 64;1569442;254.84154;;
206410752;  Mahkeme Büro Hizmetleri (Burslu);2;TYT;4;;1;;1;18, 21, 64;710325;314.65027;;
206410759;  Mahkeme Büro Hizmetleri (%50 Ýndirimli);2;TYT;25;;;;;18, 21, 64;1672154;248.88172;;
;Saðlýk Hizmetleri Meslek Yüksekokulu;;;;;;;;;;;;
206410615;  Aðýz ve Diþ Saðlýðý (Burslu);2;TYT;8;;1;;1;18, 21, 64;417592;349.14842;;
206410616;  Aðýz ve Diþ Saðlýðý (%50 Ýndirimli);2;TYT;51;;;;;18, 21, 64;905710;298.22023;;
206410635;  Ameliyathane Hizmetleri (Burslu);2;TYT;8;;1;;1;18, 21, 64;567465;329.20717;;
206410636;  Ameliyathane Hizmetleri (%50 Ýndirimli);2;TYT;51;;;;;18, 21, 64;1086370;285.15519;;
206410633;  Anestezi (Burslu);2;TYT;8;;1;;1;18, 21, 64;304780;369.82991;;
206410634;  Anestezi (%50 Ýndirimli);2;TYT;51;;;;;18, 21, 64;712412;314.45391;;
206410644;  Diyaliz (Burslu);2;TYT;8;;1;;1;18, 21, 64;597933;325.82979;;
206410645;  Diyaliz (%50 Ýndirimli);2;TYT;51;;;;;18, 21, 64;1179306;278.91456;;
206410618;  Fizyoterapi (Burslu);2;TYT;8;;1;;1;18, 21, 64;495834;337.97791;;
206410619;  Fizyoterapi (%50 Ýndirimli);2;TYT;51;;;;;18, 21, 64;1122674;282.69432;;
206410624;  Ýlk ve Acil Yardým (Burslu);2;TYT;8;;1;;1;18, 21, 64;408336;350.60613;;
206410625;  Ýlk ve Acil Yardým (%50 Ýndirimli);2;TYT;51;;;;;18, 21, 64;824791;304.63947;;
206410658;  Optisyenlik (Burslu);2;TYT;8;;1;;1;18, 21, 64;326856;365.24682;;
206410659;  Optisyenlik (%50 Ýndirimli);2;TYT;51;;;;;18, 21, 64;1129727;282.22343;;
206410627;  Týbbi Görüntüleme Teknikleri (Burslu);2;TYT;8;;1;;1;18, 21, 64;445518;344.93108;;
206410628;  Týbbi Görüntüleme Teknikleri (%50 Ýndirimli);2;TYT;51;;;;;18, 21, 64;893773;299.13175;;
206410621;  Týbbi Laboratuvar Teknikleri (Burslu);2;TYT;8;;1;;1;18, 21, 64;498393;337.63812;;
206410622;  Týbbi Laboratuvar Teknikleri (%50 Ýndirimli);2;TYT;51;;;;;18, 21, 64;1004559;290.89852;;
;ATAÞEHÝR ADIGÜZEL MESLEK YÜKSEKOKULU (ÝSTANBUL) (Vakýf Üniversitesi) ;;;;;;;;;;;;
;Ataþehir Adýgüzel Meslek Yüksekokulu;;;;;;;;;;;;
207450953;  Aþçýlýk (Burslu);2;TYT;5;;1;;1;21, 64;...;----;;
207450960;  Aþçýlýk (%50 Ýndirimli);2;TYT;34;;;;;21, 64;...;----;;
207450576;  Bankacýlýk ve Sigortacýlýk (Burslu);2;TYT;5;;1;;1;21, 64;...;----;;
207450594;  Bankacýlýk ve Sigortacýlýk (%50 Ýndirimli);2;TYT;34;;;;;21, 64;...;----;;
207450937;  Bilgisayar Programcýlýðý (Burslu);2;TYT;10;;1;;1;21, 64;442900;345.31389;;
207450946;  Bilgisayar Programcýlýðý (%50 Ýndirimli);2;TYT;64;;;;;21, 64;1830217;239.95792;;
207450655;  Çocuk Geliþimi (Burslu);2;TYT;5;;1;;1;21, 64;...;----;;
207450691;  Çocuk Geliþimi (%50 Ýndirimli);2;TYT;34;;;;;21, 64;...;----;;
207450179;  Ýþletme Yönetimi (Burslu);2;TYT;5;;1;;1;21, 64;...;----;;
207450197;  Ýþletme Yönetimi (%50 Ýndirimli);2;TYT;34;;;;;21, 64;...;----;;
207450028;  Mekatronik (Burslu);2;TYT;4;;1;;1;21, 64;621592;323.32766;;
207450046;  Mekatronik (%50 Ýndirimli);2;TYT;30;;;;;21, 64;2262101;216.42042;;
207450479;  Optisyenlik (Burslu);2;TYT;9;;1;;1;21, 64;713056;314.39425;;
207450497;  Optisyenlik (%50 Ýndirimli);2;TYT;55;;;;;21, 64;2399993;208.67008;;
207450276;  Sivil Havacýlýk Kabin Hizmetleri (Burslu);2;TYT;4;;1;;1;10, 21, 64;535146;332.99666;;
207450294;  Sivil Havacýlýk Kabin Hizmetleri (%50 Ýndirimli);2;TYT;30;;;;;10, 21, 64;1840364;239.39083;;
207450373;  Týbbi Dokümantasyon ve Sekreterlik (Burslu);2;TYT;5;;1;;1;21, 64;...;----;;
207450391;  Týbbi Dokümantasyon ve Sekreterlik (%50 Ýndirimli);2;TYT;34;;;;;21, 64;...;----;;
;ATILIM ÜNÝVERSÝTESÝ (ANKARA) (Vakýf Üniversitesi) ;;;;;;;;;;;;YÖKAK
;Atýlým Meslek Yüksekokulu;;;;;;;;;;;;
200290271;  E-Ticaret ve Pazarlama (Burslu);2;TYT;3;;1;;1;21, 64;562036;329.84196;;
200290278;  E-Ticaret ve Pazarlama (%50 Ýndirimli);2;TYT;25;;;;;21, 64;2507692;202.09527;;
200290285;  Mahkeme Büro Hizmetleri (Burslu);2;TYT;3;;1;;1;21, 64;565333;329.45419;;
200290292;  Mahkeme Büro Hizmetleri (%50 Ýndirimli);2;TYT;25;;;;;21, 64;2503762;202.34979;;
;Saðlýk Hizmetleri Meslek Yüksekokulu;;;;;;;;;;;;
200290178;  Ameliyathane Hizmetleri (Burslu);2;TYT;4;;1;;1;21, 64;549946;331.24745;;
200290179;  Ameliyathane Hizmetleri (%50 Ýndirimli);2;TYT;31;;;;;21, 64;1293921;271.54261;;
200290180;  Anestezi (Burslu);2;TYT;6;;1;;1;21, 64;327632;365.07990;;
200290181;  Anestezi (%50 Ýndirimli);2;TYT;42;;;;;21, 64;845074;302.98942;;
200290182;  Fizyoterapi (Burslu);2;TYT;5;;1;;1;21, 64;466167;341.98124;;
200290183;  Fizyoterapi (%50 Ýndirimli);2;TYT;37;;;;;21, 64;1144418;281.23651;;
200290184;  Ýlk ve Acil Yardým (Burslu);2;TYT;6;;1;;1;21, 64;398845;352.13925;;
200290185;  Ýlk ve Acil Yardým (%50 Ýndirimli);2;TYT;42;;;;;21, 64;999866;291.23502;;
200290194;  Týbbi Görüntüleme Teknikleri (Burslu);2;TYT;5;;1;;1;21, 64;445041;345.00379;;
200290201;  Týbbi Görüntüleme Teknikleri (%50 Ýndirimli);2;TYT;37;;;;;21, 64;995473;291.54668;;
200290186;  Týbbi Laboratuvar Teknikleri (Burslu);2;TYT;6;;1;;1;21, 64;501744;337.20176;;
200290187;  Týbbi Laboratuvar Teknikleri (%50 Ýndirimli);2;TYT;42;;;;;21, 64;1183388;278.64841;;
;AVRASYA ÜNÝVERSÝTESÝ (TRABZON) (Vakýf Üniversitesi) ;;;;;;;;;;;;
;Meslek Yüksekokulu;;;;;;;;;;;;
200390121;  Aþçýlýk (Ücretli);2;TYT;40;;;;;18, 64;...;----;;
200351921;  Aþçýlýk (Burslu);2;TYT;10;;2;;1;18, 21, 64;846798;302.84927;;
200390162;  Aþçýlýk (%50 Ýndirimli);2;TYT;28;;;;;18, 21, 64;2705395;184.50122;;
200350014;  Bilgisayar Programcýlýðý (Ücretli);2;TYT;30;;;;;18, 64;...;----;;
200350023;  Bilgisayar Programcýlýðý (Burslu);2;TYT;8;;1;;1;18, 21, 64;798627;306.82927;;
200390131;  Bilgisayar Programcýlýðý (%50 Ýndirimli);2;TYT;21;;;;;18, 21, 64;;;;
200390630;  Biliþim Güvenliði Teknolojisi (Ücretli);2;TYT;18;;;;;18, 64;...;----;;
200390333;  Biliþim Güvenliði Teknolojisi (Burslu);2;TYT;4;;1;;1;18, 21, 64;1027599;289.25152;;
200390340;  Biliþim Güvenliði Teknolojisi (%50 Ýndirimli);2;TYT;7;;;;;18, 21, 64;;;;
200350614;  Dýþ Ticaret (Ücretli);2;TYT;18;;;;;18, 64;...;----;;
200350623;  Dýþ Ticaret (Burslu);2;TYT;4;;1;;1;18, 21, 64;1551497;255.89062;;
200350641;  Dýþ Ticaret (%50 Ýndirimli);2;TYT;7;;;;;18, 21, 64;;;;
200390637;  E-Ticaret ve Pazarlama (Ücretli);2;TYT;18;;;;;18, 64;...;----;;
200390347;  E-Ticaret ve Pazarlama (Burslu);2;TYT;4;;1;;1;18, 21, 64;998363;291.33996;;
200390354;  E-Ticaret ve Pazarlama (%50 Ýndirimli);2;TYT;7;;;;;18, 21, 64;;;;
200350111;  Halkla Ýliþkiler ve Tanýtým (Ücretli);2;TYT;18;;;;;18, 64;...;----;;
200350129;  Halkla Ýliþkiler ve Tanýtým (Burslu);2;TYT;4;;1;;1;18, 21, 64;1789588;242.21985;;
200390129;  Halkla Ýliþkiler ve Tanýtým (%50 Ýndirimli);2;TYT;7;;;;;18, 21, 64;;;;
200390644;  Harita ve Kadastro (Ücretli);2;TYT;15;;;;;18, 64;...;----;;
200351824;  Harita ve Kadastro (Burslu);2;TYT;4;;1;;1;18, 21, 64;1338219;268.77993;;
200390128;  Harita ve Kadastro (%50 Ýndirimli);2;TYT;10;;;;;18, 21, 64;2330651;212.62561;;
200351057;  Ýç Mekan Tasarýmý (Ücretli);2;TYT;18;;;;;18, 64;...;----;;
200351066;  Ýç Mekan Tasarýmý (Burslu);2;TYT;4;;1;;1;18, 21, 64;836854;303.65586;;
200390127;  Ýç Mekan Tasarýmý (%50 Ýndirimli);2;TYT;12;;;;;18, 21, 64;2609165;194.84043;;
200390399;  Ýnþaat Teknolojisi (Ücretli);2;TYT;30;;;;;18, 64;...;----;;
200390117;  Ýnþaat Teknolojisi (Burslu);2;TYT;8;;1;;1;18, 21, 64;1067766;286.43958;;
200390118;  Ýnþaat Teknolojisi (%50 Ýndirimli);2;TYT;21;;;;;18, 21, 64;2580924;197.03840;;
200350217;  Lojistik (Ücretli);2;TYT;18;;;;;18, 64;...;----;;
200350226;  Lojistik (Burslu);2;TYT;4;;1;;1;18, 21, 64;1612795;252.30637;;
200390126;  Lojistik (%50 Ýndirimli);2;TYT;7;;;;;18, 21, 64;;;;
200390406;  Mahkeme Büro Hizmetleri (Ücretli);2;TYT;25;;;;;18, 64;...;----;;
200390361;  Mahkeme Büro Hizmetleri (Burslu);2;TYT;7;;1;;1;18, 21, 64;1182142;278.72828;;
200390368;  Mahkeme Büro Hizmetleri (%50 Ýndirimli);2;TYT;17;;;;;18, 21, 64;;;;
200351093;  Mimari Restorasyon (Ücretli);2;TYT;20;;;;;18, 64;...;----;;
200351109;  Mimari Restorasyon (Burslu);2;TYT;5;;1;;1;18, 21, 64;1035688;288.67932;;
200390125;  Mimari Restorasyon (%50 Ýndirimli);2;TYT;14;;;;;18, 21, 64;;;;
200390413;  Moda Tasarýmý (Ücretli);2;TYT;14;;;;;18, 64;...;----;;
200351799;  Moda Tasarýmý (Burslu);2;TYT;4;;;;1;18, 21, 64;1210426;276.90133;;
200390124;  Moda Tasarýmý (%50 Ýndirimli);2;TYT;7;;;;;18, 21, 64;;;;
200390427;  Otomotiv Teknolojisi (Ücretli);2;TYT;34;;;;;18, 64;...;----;;
200390420;  Otomotiv Teknolojisi (Burslu);2;TYT;5;;1;;1;18, 21, 64;...;----;;
200390434;  Sivil Havacýlýk Kabin Hizmetleri (Ücretli);2;TYT;30;;;;;10, 18, 64;...;----;;
200390163;  Sivil Havacýlýk Kabin Hizmetleri (Burslu);2;TYT;8;;1;;1;10, 18, 21, 64;639753;321.46738;;
200390164;  Sivil Havacýlýk Kabin Hizmetleri (%50 Ýndirimli);2;TYT;21;;;;;10, 18, 21, 64;1621292;251.81128;;
200351199;  Sosyal Hizmetler (Ücretli);2;TYT;18;;;;;18, 64;...;----;;
200351206;  Sosyal Hizmetler (Burslu);2;TYT;4;;1;;1;18, 21, 64;1143015;281.33121;;
200351533;  Sosyal Hizmetler (%50 Ýndirimli);2;TYT;7;;;;;18, 21, 64;;;;
200390448;  Web Tasarýmý ve Kodlama (Ücretli);2;TYT;34;;;;;18, 64;...;----;;
200390441;  Web Tasarýmý ve Kodlama (Burslu);2;TYT;5;;1;;1;18, 21, 64;...;----;;
;Saðlýk Hizmetleri Meslek Yüksekokulu;;;;;;;;;;;;
200351621;  Aðýz ve Diþ Saðlýðý (Ücretli);2;TYT;25;;;;;18, 64;...;----;;
200351639;  Aðýz ve Diþ Saðlýðý (Burslu);2;TYT;6;;1;;1;18, 21, 64;586792;327.04037;;
200390167;  Aðýz ve Diþ Saðlýðý (%50 Ýndirimli);2;TYT;13;;;;;18, 21, 64;1429350;263.15361;;
200390462;  Ameliyathane Hizmetleri (Ücretli);2;TYT;25;;;;;18, 64;...;----;;
200390455;  Ameliyathane Hizmetleri (Burslu);2;TYT;4;;1;;1;18, 21, 64;...;----;;
200351251;  Anestezi (Ücretli);2;TYT;68;;;;;18, 64;1271097;272.97905;;
200351269;  Anestezi (Burslu);2;TYT;10;;2;;1;18, 21, 64;440898;345.60389;;
200390134;  Çocuk Geliþimi (Ücretli);2;TYT;14;;;;;18, 64;...;----;;
200350826;  Çocuk Geliþimi (Burslu);2;TYT;4;;1;;1;18, 21, 64;935955;295.95010;;
200390168;  Çocuk Geliþimi (%50 Ýndirimli);2;TYT;11;;;;;18, 21, 64;2525421;200.93553;;
200350995;  Diþ Protez Teknolojisi (Ücretli);2;TYT;30;;;;;18, 64;...;----;;
200351003;  Diþ Protez Teknolojisi (Burslu);2;TYT;8;;1;;1;18, 21, 64;584050;327.33979;;
200351912;  Diþ Protez Teknolojisi (%50 Ýndirimli);2;TYT;21;;;;;18, 21, 64;1334695;268.99979;;
200390476;  Diyaliz (Ücretli);2;TYT;25;;;;;18, 64;...;----;;
200390469;  Diyaliz (Burslu);2;TYT;4;;1;;1;18, 21, 64;...;----;;
200390483;  Eczane Hizmetleri (Ücretli);2;TYT;18;;;;;18, 64;...;----;;
200390170;  Eczane Hizmetleri (Burslu);2;TYT;4;;1;;1;18, 21, 64;675443;317.93748;;
200390171;  Eczane Hizmetleri (%50 Ýndirimli);2;TYT;12;;;;;18, 21, 64;2001918;230.54106;;
200390490;  Elektronörofizyoloji (Ücretli);2;TYT;15;;;;;18, 64;...;----;;
200390305;  Elektronörofizyoloji (Burslu);2;TYT;4;;1;;1;18, 21, 64;876489;300.47978;;
200390312;  Elektronörofizyoloji (%50 Ýndirimli);2;TYT;10;;;;;18, 21, 64;;;;
200390497;  Fizyoterapi (Ücretli);2;TYT;15;;;;;18, 64;...;----;;
200390319;  Fizyoterapi (Burslu);2;TYT;4;;1;;1;18, 21, 64;640455;321.39806;;
200390326;  Fizyoterapi (%50 Ýndirimli);2;TYT;10;;;;;18, 21, 64;1927652;234.57103;;
200350314;  Ýlk ve Acil Yardým (Ücretli);2;TYT;68;;;;;18, 64;1418258;263.83089;;
200350323;  Ýlk ve Acil Yardým (Burslu);2;TYT;10;;2;;1;18, 21, 64;541011;332.29762;;
200351393;  Ýþ Saðlýðý ve Güvenliði (Ücretli);2;TYT;18;;;;;18, 64;...;----;;
200351409;  Ýþ Saðlýðý ve Güvenliði (Burslu);2;TYT;4;;1;;1;18, 21, 64;1174110;279.25031;;
200351418;  Ýþ Saðlýðý ve Güvenliði (%50 Ýndirimli);2;TYT;7;;;;;18, 21, 64;;;;
200351075;  Ýþ ve Uðraþý Terapisi (Ücretli);2;TYT;18;;;;;18, 64;...;----;;
200351084;  Ýþ ve Uðraþý Terapisi (Burslu);2;TYT;4;;1;;1;18, 21, 64;896857;298.89648;;
200351472;  Ýþ ve Uðraþý Terapisi (%50 Ýndirimli);2;TYT;7;;;;;18, 21, 64;2544055;199.69112;;
200351375;  Odyometri (Ücretli);2;TYT;28;;;;;18, 64;...;----;;
200351384;  Odyometri (Burslu);2;TYT;7;;1;;1;18, 21, 64;775923;308.78400;;
200390136;  Odyometri (%50 Ýndirimli);2;TYT;19;;;;;18, 21, 64;2677371;188.30929;;
200351312;  Optisyenlik (Ücretli);2;TYT;26;;;;;18, 64;...;----;;
200351321;  Optisyenlik (Burslu);2;TYT;6;;1;;1;18, 21, 64;482066;339.79923;;
200390172;  Optisyenlik (%50 Ýndirimli);2;TYT;12;;;;;18, 21, 64;1917059;235.14792;;
200390504;  Ortopedik Protez ve Ortez (Ücretli);2;TYT;20;;;;;18, 64;...;----;;
200390174;  Ortopedik Protez ve Ortez (Burslu);2;TYT;4;;1;;1;18, 21, 64;716588;314.06854;;
200390175;  Ortopedik Protez ve Ortez (%50 Ýndirimli);2;TYT;10;;;;;18, 21, 64;2715445;182.72569;;
200351887;  Patoloji Laboratuvar Teknikleri (Ücretli);2;TYT;26;;;;;18, 64;...;----;;
200351896;  Patoloji Laboratuvar Teknikleri (Burslu);2;TYT;6;;1;;1;18, 21, 64;724444;313.34978;;
200390110;  Patoloji Laboratuvar Teknikleri (%50 Ýndirimli);2;TYT;12;;;;;18, 21, 64;2335749;212.34000;;
200390518;  Radyoterapi (Ücretli);2;TYT;25;;;;;18, 64;...;----;;
200390511;  Radyoterapi (Burslu);2;TYT;4;;1;;1;18, 21, 64;...;----;;
200390207;  Týbbi Görüntüleme Teknikleri (Ücretli);2;TYT;47;;;;;18, 64;1692821;247.70247;;
200390176;  Týbbi Görüntüleme Teknikleri (Burslu);2;TYT;7;;1;;1;18, 21, 64;577173;328.10663;;
200351296;  Týbbi Laboratuvar Teknikleri (Ücretli);2;TYT;21;;;;;18, 64;...;----;;
200351303;  Týbbi Laboratuvar Teknikleri (Burslu);2;TYT;4;;1;;1;18, 21, 64;607973;324.74391;;
200390178;  Týbbi Laboratuvar Teknikleri (%50 Ýndirimli);2;TYT;9;;;;;18, 21, 64;1676975;248.60263;;
;BAHÇEÞEHÝR ÜNÝVERSÝTESÝ (ÝSTANBUL) (Vakýf Üniversitesi) ;;;;;;;;;;;;YÖKAK
;Saðlýk Hizmetleri Meslek Yüksekokulu;;;;;;;;;;;;
200590146;  Aðýz ve Diþ Saðlýðý (Burslu);2;TYT;4;;1;;1;18, 21, 64;176776;405.15230;;
200590147;  Aðýz ve Diþ Saðlýðý (%50 Ýndirimli);2;TYT;28;;;;;18, 21, 64;1641605;250.63336;;
200551204;  Anestezi (Burslu);2;TYT;5;;1;;1;18, 21, 64;236316;386.36389;;
200551213;  Anestezi (%50 Ýndirimli);2;TYT;34;;;;;18, 21, 64;1135576;281.83642;;
200550957;  Çocuk Geliþimi (Burslu);2;TYT;4;;1;;1;18, 21, 64;422223;348.42969;;
200550993;  Çocuk Geliþimi (%50 Ýndirimli);2;TYT;28;;;;;18, 21, 64;2258942;216.59395;;
200590148;  Diþ Protez Teknolojisi (Burslu);2;TYT;4;;1;;1;18, 21, 64;185183;402.14878;;
200590149;  Diþ Protez Teknolojisi (%50 Ýndirimli);2;TYT;28;;;;;18, 21, 64;1162702;280.01353;;
200551407;  Fizyoterapi (Burslu);2;TYT;5;;1;;1;18, 21, 64;234421;386.88773;;
200551416;  Fizyoterapi (%50 Ýndirimli);2;TYT;34;;;;;18, 21, 64;1846220;239.06300;;
200551267;  Ýlk ve Acil Yardým (Burslu);2;TYT;5;;1;;1;18, 21, 64;289266;373.22476;;
200551276;  Ýlk ve Acil Yardým (%50 Ýndirimli);2;TYT;34;;;;;18, 21, 64;1427117;263.29046;;
200590150;  Optisyenlik (Burslu);2;TYT;5;;1;;1;18, 21, 64;253995;381.71484;;
200590151;  Optisyenlik (%50 Ýndirimli);2;TYT;34;;;;;18, 21, 64;2219345;218.76489;;
200551143;  Týbbi Laboratuvar Teknikleri (Burslu);2;TYT;5;;1;;1;18, 21, 64;454439;343.64733;;
200551152;  Týbbi Laboratuvar Teknikleri (%50 Ýndirimli);2;TYT;34;;;;;18, 21, 64;2597499;195.77756;;
200590306;  Týbbi Veri Ýþleme Teknikerliði (Burslu);2;TYT;4;;1;;1;18, 21, 64;...;----;;
200590313;  Týbbi Veri Ýþleme Teknikerliði (%50 Ýndirimli);2;TYT;30;;;;;18, 21, 64;...;----;;
;BAÞKENT ÜNÝVERSÝTESÝ (ANKARA) (Vakýf Üniversitesi) ;;;;;;;;;;;;YÖKAK
;Adana Saðlýk Hizmetleri Meslek Yüksekokulu;;;;;;;;;;;;
200650444;  Anestezi (Ücretli);2;TYT;7;;;;;64;1309114;270.58407;;
200650453;  Anestezi (Burslu);2;TYT;7;;1;;1;21, 64;330568;364.48533;;
200690706;  Anestezi (%50 Ýndirimli);2;TYT;39;;;;;21, 64;825885;304.55121;;
200650462;  Fizyoterapi (Ücretli);2;TYT;7;;;;;64;1763243;243.70609;;
200650471;  Fizyoterapi (Burslu);2;TYT;7;;1;;1;21, 64;522542;334.53337;;
200651496;  Fizyoterapi (%50 Ýndirimli);2;TYT;35;;;;;21, 64;1391803;265.46663;;
200651054;  Ýlk ve Acil Yardým (Ücretli);2;TYT;5;;;;;64;1570919;254.75422;;
200651063;  Ýlk ve Acil Yardým (Burslu);2;TYT;7;;1;;1;21, 64;392602;353.18138;;
200690713;  Ýlk ve Acil Yardým (%50 Ýndirimli);2;TYT;41;;;;;21, 64;1005673;290.82255;;
200650753;  Týbbi Görüntüleme Teknikleri (Burslu);2;TYT;7;;1;;1;21, 64;449684;344.33352;;
200651512;  Týbbi Görüntüleme Teknikleri (%50 Ýndirimli);2;TYT;46;;;;;21, 64;1185299;278.52362;;
;Anadolu Osb Meslek Yüksekokulu;;;;;;;;;;;;
200690430;  Elektronik Haberleþme Teknolojisi (Burslu);2;TYT;7;;;;1;21, 64;720405;313.72254;;
200690432;  Elektronik Haberleþme Teknolojisi (%50 Ýndirimli);2;TYT;11;;;;;21, 64;2032261;228.89865;;
200690434;  Endüstriyel Kalýpçýlýk (Burslu);2;TYT;5;;;;1;21, 64;1100170;284.22794;;
200690436;  Endüstriyel Kalýpçýlýk (%50 Ýndirimli);2;TYT;9;;;;;21, 64;2174214;221.21688;;
200690748;  Ýnsansýz Hava Aracý Teknolojisi ve Operatörlüðü (Burslu);2;TYT;5;;1;;1;21, 64;331495;364.28829;;
200690755;  Ýnsansýz Hava Aracý Teknolojisi ve Operatörlüðü (%50 Ýndirimli);2;TYT;30;;;;;21, 64;1308769;270.60644;;
200690941;  Kaynak Teknolojisi (Burslu);2;TYT;4;;1;;1;21, 64;...;----;;
200690948;  Kaynak Teknolojisi (%50 Ýndirimli);2;TYT;25;;;;;21, 64;...;----;;
200690438;  Makine (Burslu);2;TYT;4;;1;;1;21, 64;568498;329.09279;*;MEDEK
200690440;  Makine (%50 Ýndirimli);2;TYT;22;;;;;21, 64;1608665;252.54681;*;MEDEK
;Kahramankazan Meslek Yüksekokulu;;;;;;;;;;;;
200651178;  Dýþ Ticaret (Burslu);2;TYT;6;;;;1;21, 64;728479;312.97997;;
200651399;  Dýþ Ticaret (%50 Ýndirimli);2;TYT;17;;;;;21, 64;2153059;222.36711;;
200651715;  Elektronik Teknolojisi (Burslu);2;TYT;6;;;;1;21, 64;620778;323.41614;;
200651733;  Elektronik Teknolojisi (%50 Ýndirimli);2;TYT;17;;;;;21, 64;1828401;240.05851;;
200690418;  Endüstriyel Hammaddeler Ýþleme Teknolojisi (Burslu);2;TYT;4;;;;1;21, 64;803608;306.40946;;
200690420;  Endüstriyel Hammaddeler Ýþleme Teknolojisi (%50 Ýndirimli);2;TYT;9;;;;;21, 64;2289679;214.90821;;
200690422;  Gýda Kalite Kontrolü ve Analizi (Burslu);2;TYT;4;;;;1;21, 64;962646;293.96133;;
200690423;  Gýda Kalite Kontrolü ve Analizi (%50 Ýndirimli);2;TYT;9;;;;;21, 64;2299524;214.35588;;
200690426;  Gýda Teknolojisi (Burslu);2;TYT;6;;;;1;21, 64;832882;303.97976;;
200690428;  Gýda Teknolojisi (%50 Ýndirimli);2;TYT;14;;;;;21, 64;2322196;213.09558;;
200650823;  Ýþletme Yönetimi (Burslu);2;TYT;5;;;;1;21, 64;820213;305.01587;;
200651415;  Ýþletme Yönetimi (%50 Ýndirimli);2;TYT;13;;;;;21, 64;2380158;209.83432;;
200651672;  Kontrol ve Otomasyon Teknolojisi (Burslu);2;TYT;5;;;;1;21, 64;674021;318.07708;;
200651699;  Kontrol ve Otomasyon Teknolojisi (%50 Ýndirimli);2;TYT;8;;;;;21, 64;1886346;236.83894;;
200651196;  Lojistik (Burslu);2;TYT;5;;;;1;21, 64;672543;318.22563;;
200651433;  Lojistik (%50 Ýndirimli);2;TYT;18;;;;;21, 64;2367450;210.54996;;
200690453;  Makine (Burslu);2;TYT;6;;1;;1;21, 64;494063;338.22069;;
200690454;  Makine (%50 Ýndirimli);2;TYT;24;;;;;21, 64;1643200;250.54067;;
200690811;  Organik Tarým (Burslu);2;TYT;5;;;;1;21, 64;1331044;269.22935;;
200690818;  Organik Tarým (%50 Ýndirimli);2;TYT;20;;;;;21, 64;;;;
200651751;  Otomotiv Teknolojisi (Burslu);2;TYT;6;;1;;1;21, 64;447415;344.66168;;
200651778;  Otomotiv Teknolojisi (%50 Ýndirimli);2;TYT;24;;;;;21, 64;1781768;242.66372;;
200690955;  Robotik ve Yapay Zeka (Burslu);2;TYT;6;;1;;1;21, 64, 320;...;----;;
200690962;  Robotik ve Yapay Zeka (%50 Ýndirimli);2;TYT;24;;;;;21, 64, 320;...;----;;
;Konya Saðlýk Hizmetleri Meslek Yüksekokulu;;;;;;;;;;;;
200651124;  Ýlk ve Acil Yardým (Burslu);2;TYT;6;;1;;1;21, 64;459743;342.87867;;
200651469;  Ýlk ve Acil Yardým (%50 Ýndirimli);2;TYT;38;;;;;21, 64;1281868;272.29581;;
;Saðlýk Hizmetleri Meslek Yüksekokulu;;;;;;;;;;;;
200651812;  Aðýz ve Diþ Saðlýðý (Burslu);2;TYT;6;;1;;1;21, 64;438850;345.91097;;
200690727;  Aðýz ve Diþ Saðlýðý (%50 Ýndirimli);2;TYT;38;;;;;21, 64;1263428;273.47161;;
200650295;  Ameliyathane Hizmetleri (Burslu);2;TYT;7;;1;;1;21, 64;502467;337.10777;;
200651239;  Ameliyathane Hizmetleri (%50 Ýndirimli);2;TYT;42;;;;;21, 64;1473667;260.48773;;
200650259;  Anestezi (Burslu);2;TYT;7;;1;;1;21, 64;301028;370.62690;;
200650859;  Anestezi (%25 Ýndirimli);2;TYT;42;;;;;21, 64;1047115;287.88152;;
200650277;  Diyaliz (Burslu);2;TYT;7;;1;;1;21, 64;543759;331.97022;;
200651257;  Diyaliz (%50 Ýndirimli);2;TYT;46;;;;;21, 64;1739167;245.06380;;
200650717;  Fizyoterapi (Ücretli);2;TYT;6;;;;;64;1806190;241.29609;;
200650789;  Fizyoterapi (Burslu);2;TYT;7;;1;;1;21, 64;414442;349.64300;;
200650832;  Fizyoterapi (%25 Ýndirimli);2;TYT;40;;;;;21, 64;1720379;246.13708;;
200651081;  Ýlk ve Acil Yardým (Ücretli);2;TYT;6;;;;;64;1425339;263.39969;*;MEDEK
200651099;  Ýlk ve Acil Yardým (Burslu);2;TYT;7;;1;;1;21, 64;389015;353.77817;*;MEDEK
200651106;  Ýlk ve Acil Yardým (%25 Ýndirimli);2;TYT;40;;;;;21, 64;1271791;272.93499;*;MEDEK
200651566;  Ýþ Saðlýðý ve Güvenliði (Burslu);2;TYT;4;;;;1;21, 64;553025;330.88224;;
200651787;  Ýþ Saðlýðý ve Güvenliði (%50 Ýndirimli);2;TYT;14;;;;;21, 64;1905545;235.78019;;
200650726;  Patoloji Laboratuvar Teknikleri (Ücretli);2;TYT;5;;;;;64;1742971;244.84715;;
200650735;  Patoloji Laboratuvar Teknikleri (Burslu);2;TYT;8;;1;;1;21, 64;578026;328.01027;;
200651284;  Patoloji Laboratuvar Teknikleri (%50 Ýndirimli);2;TYT;40;;;;;21, 64;1636958;250.90519;;
200650365;  Týbbi Dokümantasyon ve Sekreterlik (Ücretli);2;TYT;1;;;;;64;1449468;261.94769;;
200650374;  Týbbi Dokümantasyon ve Sekreterlik (Burslu);2;TYT;4;;;;1;21, 64;406821;350.84362;;
200651293;  Týbbi Dokümantasyon ve Sekreterlik (%50 Ýndirimli);2;TYT;18;;;;;21, 64;1106610;283.79368;;
200650762;  Týbbi Görüntüleme Teknikleri (Ücretli);2;TYT;4;;;;;64;1490772;259.46835;;
200650771;  Týbbi Görüntüleme Teknikleri (Burslu);2;TYT;6;;1;;1;21, 64;383255;354.74114;;
200650877;  Týbbi Görüntüleme Teknikleri (%25 Ýndirimli);2;TYT;34;;;;;21, 64;1431226;263.03868;;
200690783;  Yaþlý Bakýmý (Burslu);2;TYT;5;;;;1;21, 64;812000;305.70425;;
200690790;  Yaþlý Bakýmý (%50 Ýndirimli);2;TYT;20;;;;;21, 64;2652668;190.98741;;
;Sosyal Bilimler Meslek Yüksekokulu;;;;;;;;;;;;
200651636;  Aþçýlýk (Burslu);2;TYT;6;;1;;1;21, 64;319807;366.67018;;
200651654;  Aþçýlýk (%25 Ýndirimli);2;TYT;33;;;;;21, 64;2330228;212.64877;;
200651018;  Büro Yönetimi ve Yönetici Asistanlýðý (Burslu);2;TYT;7;;;;1;21, 64;725492;313.25125;;
200651318;  Büro Yönetimi ve Yönetici Asistanlýðý (%50 Ýndirimli);2;TYT;11;;;;;21, 64;2265197;216.24949;;
200690350;  Çocuk Geliþimi (Ücretli);2;TYT;5;;;;;64;2018344;229.66066;;
200690351;  Çocuk Geliþimi (Burslu);2;TYT;8;;1;;1;21, 64;521501;334.66505;;
200690741;  Çocuk Geliþimi (%50 Ýndirimli);2;TYT;40;;;;;21, 64;1880346;237.16787;;
200650514;  Fotoðrafçýlýk ve Kameramanlýk (Burslu);2;TYT;5;;;;1;21, 64;565956;329.38822;;
200651327;  Fotoðrafçýlýk ve Kameramanlýk (%50 Ýndirimli);2;TYT;13;;;;;21, 64;2182471;220.77139;;
200690797;  Mahkeme Büro Hizmetleri (Burslu);2;TYT;5;;1;;1;21, 64;475487;340.69625;;
200690804;  Mahkeme Büro Hizmetleri (%50 Ýndirimli);2;TYT;24;;;;;21, 64;2187674;220.49053;;
200650805;  Muhasebe ve Vergi Uygulamalarý (Burslu);2;TYT;6;;;;1;21, 64;611737;324.34714;;
200651336;  Muhasebe ve Vergi Uygulamalarý (%50 Ýndirimli);2;TYT;17;;;;;21, 64;1983141;231.55651;;
200690762;  Pastacýlýk ve Ekmekçilik (Burslu);2;TYT;6;;;;1;21, 64;366917;357.61742;;
200690769;  Pastacýlýk ve Ekmekçilik (%25 Ýndirimli);2;TYT;17;;;;;21, 64;2330667;212.62469;;
200650065;  Turizm ve Otel Ýþletmeciliði (Burslu);2;TYT;5;;;;1;21, 64;617473;323.76591;;
200651354;  Turizm ve Otel Ýþletmeciliði (%50 Ýndirimli);2;TYT;18;;;;;21, 64;2068525;226.93663;;
;Teknik Bilimler Meslek Yüksekokulu;;;;;;;;;;;;
200651584;  Bilgisayar Programcýlýðý (Ücretli);2;TYT;4;;;;;64;2391260;209.18366;;
200651593;  Bilgisayar Programcýlýðý (Burslu);2;TYT;7;;1;;1;21, 64;229852;388.18374;;
200651618;  Bilgisayar Programcýlýðý (%25 Ýndirimli);2;TYT;38;;;;;21, 64;;;;
200650153;  Biyomedikal Cihaz Teknolojisi (Ücretli);2;TYT;2;;;;;64;1964173;232.57724;;
200650162;  Biyomedikal Cihaz Teknolojisi (Burslu);2;TYT;4;;1;;1;21, 64;583435;327.40979;;
200651372;  Biyomedikal Cihaz Teknolojisi (%50 Ýndirimli);2;TYT;29;;;;;21, 64;2267683;216.11172;;
200690969;  Dijital Saðlýk Sistemleri Teknikerliði (Burslu);2;TYT;4;;;;1;21, 64;...;----;;
200690976;  Dijital Saðlýk Sistemleri Teknikerliði (%50 Ýndirimli);2;TYT;9;;;;;21, 64;...;----;;
;BEYKOZ ÜNÝVERSÝTESÝ (ÝSTANBUL) (Vakýf Üniversitesi) ;;;;;;;;;;;;YÖKAK
;Beykoz Lojistik Meslek Yüksekokulu;;;;;;;;;;;;
200851615;  Bilgisayar Programcýlýðý (Burslu);2;TYT;8;;1;;1;18, 21, 64;413757;349.75115;;
200851622;  Bilgisayar Programcýlýðý (%50 Ýndirimli);2;TYT;51;;;;;18, 21, 64;1546092;256.20377;;
200851629;  Biliþim Güvenliði Teknolojisi (Burslu);2;TYT;8;;1;;1;18, 21, 64;533842;333.15785;;
200851636;  Biliþim Güvenliði Teknolojisi (%50 Ýndirimli);2;TYT;51;;;;;18, 21, 64;;;;
200850381;  Deniz ve Liman Ýþletmeciliði (Burslu);2;TYT;3;;1;;1;18, 21, 64;675826;317.90141;;
200850521;  Deniz ve Liman Ýþletmeciliði (%50 Ýndirimli);2;TYT;23;;;;;18, 21, 64;1769004;243.38795;;
200850548;  Dýþ Ticaret (Burslu);2;TYT;4;;1;;1;18, 21, 64;635400;321.90068;;
200850178;  Dýþ Ticaret (%50 Ýndirimli);2;TYT;25;;;;;18, 21, 64;2346230;211.75884;;
200850769;  Dýþ Ticaret (Uzaktan Öðretim) (Burslu);2;TYT;5;;1;;1;7, 18, 21, 64;471862;341.19615;;
200850812;  Dýþ Ticaret (Uzaktan Öðretim) (%50 Ýndirimli);2;TYT;34;;;;;7, 18, 21, 64;1995538;230.88360;;
200851607;  E-Ticaret ve Pazarlama (Burslu);2;TYT;5;;1;;1;18, 21, 64;521964;334.60834;;
200851608;  E-Ticaret ve Pazarlama (%50 Ýndirimli);2;TYT;34;;;;;18, 21, 64;2317921;213.34108;;
200850663;  Lojistik (Burslu);2;TYT;7;;1;;1;18, 21, 64;688591;316.67489;;
200850239;  Lojistik (%50 Ýndirimli);2;TYT;42;;;;;18, 21, 64;2231730;218.08028;;
200850751;  Lojistik (Uzaktan Öðretim) (Burslu);2;TYT;5;;1;;1;7, 18, 21, 64;643469;321.09463;;
200851167;  Lojistik (Uzaktan Öðretim) (%50 Ýndirimli);2;TYT;34;;;;;7, 18, 21, 64;1991902;231.07910;;
200851149;  Raylý Sistemler Ýþletmeciliði (Burslu);2;TYT;4;;;;1;6, 18, 21, 64;680226;317.47789;;
200851158;  Raylý Sistemler Ýþletmeciliði (%50 Ýndirimli);2;TYT;21;;;;;6, 18, 21, 64;1906309;235.73681;;
200851025;  Sivil Havacýlýk Kabin Hizmetleri (Burslu);2;TYT;8;;1;;1;10, 18, 21, 64;514126;335.60878;;
200851034;  Sivil Havacýlýk Kabin Hizmetleri (%50 Ýndirimli);2;TYT;51;;;;;10, 18, 21, 64;2057787;227.50859;;
200851061;  Sivil Havacýlýk Kabin Hizmetleri (Ýngilizce) (Burslu);2;TYT;8;;1;;1;10, 18, 21, 22, 23, 24, 64;460699;342.74506;;
200851079;  Sivil Havacýlýk Kabin Hizmetleri (Ýngilizce) (%50 Ýndirimli);2;TYT;51;;;;;10, 18, 21, 22, 23, 24, 64;2250207;217.06959;;
;Meslek Yüksekokulu;;;;;;;;;;;;
200851643;  Büyük Veri Analistliði (Burslu);2;TYT;5;;1;;1;18, 21, 64, 320;...;----;;
200851650;  Büyük Veri Analistliði (%50 Ýndirimli);2;TYT;34;;;;;18, 21, 64, 320;...;----;;
;BEZM-Ý ÂLEM VAKIF ÜNÝVERSÝTESÝ (ÝSTANBUL) (Vakýf Üniversitesi) ;;;;;;;;;;;;YÖKAK
;Saðlýk Hizmetleri Meslek Yüksekokulu;;;;;;;;;;;;
200950659;  Aðýz ve Diþ Saðlýðý (Ücretli);2;TYT;10;;;;;64;2037194;228.63190;;
200950026;  Aðýz ve Diþ Saðlýðý (Burslu);2;TYT;7;;1;;1;21, 64;383373;354.72148;;
200950035;  Aðýz ve Diþ Saðlýðý (%50 Ýndirimli);2;TYT;33;;;;;21, 64;865296;301.35324;;
200950666;  Ameliyathane Hizmetleri (Ücretli);2;TYT;8;;;;;64;2288388;214.98155;;
200950502;  Ameliyathane Hizmetleri (Burslu);2;TYT;7;;1;;1;21, 64;531875;333.38515;;
200950637;  Ameliyathane Hizmetleri (%50 Ýndirimli);2;TYT;35;;;;;21, 64;1101454;284.14096;;
200950673;  Anestezi (Ücretli);2;TYT;18;;;;;64;1098495;284.33433;;
200950053;  Anestezi (Burslu);2;TYT;9;;1;;1;21, 64;207575;394.79858;;
200950062;  Anestezi (%50 Ýndirimli);2;TYT;33;;;;;21, 64;659585;319.49387;;
200950089;  Eczane Hizmetleri (Burslu);2;TYT;5;;1;;1;21, 64;426992;347.69905;;
200950098;  Eczane Hizmetleri (%50 Ýndirimli);2;TYT;31;;;;;21, 64;1058791;287.06127;;
200950389;  Elektronörofizyoloji (Burslu);2;TYT;5;;1;;1;21, 64;650197;320.42425;;
200950398;  Elektronörofizyoloji (%50 Ýndirimli);2;TYT;21;;;;;21, 64;1633067;251.12849;;
200950694;  Ýlk ve Acil Yardým (Ücretli);2;TYT;18;;;;;64;1484258;259.86131;*;MEDEK
200950114;  Ýlk ve Acil Yardým (Burslu);2;TYT;8;;1;;1;21, 64;341826;362.29340;*;MEDEK
200950123;  Ýlk ve Acil Yardým (%50 Ýndirimli);2;TYT;34;;;;;21, 64;758773;310.25141;*;MEDEK
200950701;  Optisyenlik (Ücretli);2;TYT;5;;;;;64;2146277;222.73957;;
200950423;  Optisyenlik (Burslu);2;TYT;5;;1;;1;21, 64;467134;341.84040;;
200950432;  Optisyenlik (%50 Ýndirimli);2;TYT;20;;;;;21, 64;1099028;284.30014;;
200950708;  Ortopedik Protez ve Ortez (Ücretli);2;TYT;2;;;;;64;2603431;195.31490;;
200950468;  Ortopedik Protez ve Ortez (Burslu);2;TYT;5;;1;;1;21, 64;588313;326.87793;;
200950477;  Ortopedik Protez ve Ortez (%50 Ýndirimli);2;TYT;28;;;;;21, 64;1630046;251.29908;;
200950715;  Patoloji Laboratuvar Teknikleri (Ücretli);2;TYT;2;;;;;64;2521070;201.22821;*;MEDEK
200950308;  Patoloji Laboratuvar Teknikleri (Burslu);2;TYT;5;;1;;1;21, 64;499944;337.44070;*;MEDEK
200950317;  Patoloji Laboratuvar Teknikleri (%50 Ýndirimli);2;TYT;28;;;;;21, 64;1182179;278.72613;*;MEDEK
200950722;  Radyoterapi (Ücretli);2;TYT;2;;;;;64;2324785;212.95788;;
200950141;  Radyoterapi (Burslu);2;TYT;6;;1;;1;21, 64;588965;326.80705;;
200950159;  Radyoterapi (%50 Ýndirimli);2;TYT;23;;;;;21, 64;1188193;278.33813;;
200950729;  Týbbi Dokümantasyon ve Sekreterlik (Ücretli);2;TYT;2;;;;;64;1872809;237.59074;;
200950344;  Týbbi Dokümantasyon ve Sekreterlik (Burslu);2;TYT;5;;1;;1;21, 64;392060;353.27020;;
200950353;  Týbbi Dokümantasyon ve Sekreterlik (%50 Ýndirimli);2;TYT;28;;;;;21, 64;879660;300.23530;;
200950736;  Týbbi Görüntüleme Teknikleri (Ücretli);2;TYT;10;;;;;64;1738108;245.12573;;
200950177;  Týbbi Görüntüleme Teknikleri (Burslu);2;TYT;5;;1;;1;21, 64;357115;359.40496;;
200950186;  Týbbi Görüntüleme Teknikleri (%50 Ýndirimli);2;TYT;21;;;;;21, 64;865602;301.33050;;
200950743;  Týbbi Laboratuvar Teknikleri (Ücretli);2;TYT;8;;;;;64;2124344;223.92156;*;MEDEK
200950202;  Týbbi Laboratuvar Teknikleri (Burslu);2;TYT;5;;1;;1;21, 64;331834;364.21567;*;MEDEK
200950211;  Týbbi Laboratuvar Teknikleri (%50 Ýndirimli);2;TYT;23;;;;;21, 64;921851;297.00414;*;MEDEK
200950605;  Yaþlý Bakýmý (Burslu);2;TYT;5;;;;1;21, 64;687313;316.79420;;
200950645;  Yaþlý Bakýmý (%50 Ýndirimli);2;TYT;15;;;;;21, 64;2272240;215.86232;;
;BÝRUNÝ ÜNÝVERSÝTESÝ (ÝSTANBUL) (Vakýf Üniversitesi) ;;;;;;;;;;;;YÖKAK
;Meslek Yüksekokulu;;;;;;;;;;;;
207650829;  Acil Durum ve Afet Yönetimi (Burslu);2;TYT;5;;1;;1;18, 21, 64;676758;317.81452;;
207650838;  Acil Durum ve Afet Yönetimi (%50 Ýndirimli);2;TYT;34;;;;;18, 21, 64;2138707;223.14319;;
207650335;  Aðýz ve Diþ Saðlýðý (Burslu);2;TYT;10;;2;;1;18, 21, 64;479865;340.09326;;
207650876;  Aðýz ve Diþ Saðlýðý (%50 Ýndirimli);2;TYT;68;;;;;18, 21, 64;1449232;261.96174;;
207650017;  Ameliyathane Hizmetleri (Burslu);2;TYT;10;;2;;1;18, 21, 64;603720;325.19733;;
207650879;  Ameliyathane Hizmetleri (%50 Ýndirimli);2;TYT;68;;;;;18, 21, 64;1730984;245.52429;;
207650035;  Anestezi (Burslu);2;TYT;10;;2;;1;18, 21, 64;316149;367.40935;;
207650883;  Anestezi (%50 Ýndirimli);2;TYT;68;;;;;18, 21, 64;939250;295.70391;;
207650950;  Bilgisayar Programcýlýðý (Burslu);2;TYT;13;;2;;1;18, 21, 64;272102;377.25075;;
207650952;  Bilgisayar Programcýlýðý (%50 Ýndirimli);2;TYT;85;;;;;18, 21, 64;909776;297.91081;;
207650398;  Biyomedikal Cihaz Teknolojisi (Burslu);2;TYT;5;;1;;1;18, 21, 64;652066;320.23981;;
207650405;  Biyomedikal Cihaz Teknolojisi (%50 Ýndirimli);2;TYT;34;;;;;18, 21, 64;2595142;195.96654;;
207650053;  Çocuk Geliþimi (Burslu);2;TYT;8;;1;;1;18, 21, 64;678430;317.65473;;
207650062;  Çocuk Geliþimi (%50 Ýndirimli);2;TYT;51;;;;;18, 21, 64;2174632;221.19497;;
207650432;  Diþ Protez Teknolojisi (Burslu);2;TYT;8;;1;;1;18, 21, 64;418225;349.04869;;
207650890;  Diþ Protez Teknolojisi (%50 Ýndirimli);2;TYT;51;;;;;18, 21, 64;1046741;287.90862;;
207650071;  Diyaliz (Burslu);2;TYT;10;;2;;1;18, 21, 64;699065;315.68874;;
207650892;  Diyaliz (%50 Ýndirimli);2;TYT;68;;;;;18, 21, 64;2502118;202.45730;;
207650977;  Eczane Hizmetleri (Burslu);2;TYT;5;;1;;1;18, 21, 64;491250;338.58939;;
207650978;  Eczane Hizmetleri (%50 Ýndirimli);2;TYT;34;;;;;18, 21, 64;1936557;234.08250;;
207650114;  Fizyoterapi (Burslu);2;TYT;10;;2;;1;18, 21, 64;485731;339.31028;;
207650898;  Fizyoterapi (%50 Ýndirimli);2;TYT;68;;;;;18, 21, 64;1818589;240.60571;;
207650132;  Ýlk ve Acil Yardým (Burslu);2;TYT;10;;2;;1;18, 21, 64;424290;348.11515;;
207650902;  Ýlk ve Acil Yardým (%50 Ýndirimli);2;TYT;68;;;;;18, 21, 64;1121296;282.78476;;
207650159;  Odyometri (Burslu);2;TYT;8;;1;;1;18, 21, 64;609340;324.59556;;
207650910;  Odyometri (%50 Ýndirimli);2;TYT;51;;;;;18, 21, 64;2530487;200.60520;;
207650292;  Optisyenlik (Burslu);2;TYT;8;;1;;1;18, 21, 64;467773;341.75158;;
207650915;  Optisyenlik (%50 Ýndirimli);2;TYT;51;;;;;18, 21, 64;2048801;228.00106;;
207650635;  Patoloji Laboratuvar Teknikleri (Burslu);2;TYT;5;;1;;1;18, 21, 64;625262;322.94140;;
207650918;  Patoloji Laboratuvar Teknikleri (%50 Ýndirimli);2;TYT;34;;;;;18, 21, 64;2184625;220.65628;;
207651020;  Robotik ve Yapay Zeka (Burslu);2;TYT;5;;1;;1;18, 21, 64, 320;...;----;;
207651027;  Robotik ve Yapay Zeka (%50 Ýndirimli);2;TYT;34;;;;;18, 21, 64, 320;...;----;;
207650256;  Týbbi Görüntüleme Teknikleri (Burslu);2;TYT;10;;2;;1;18, 21, 64;455895;343.42856;;
207650931;  Týbbi Görüntüleme Teknikleri (%50 Ýndirimli);2;TYT;68;;;;;18, 21, 64;1501250;258.84209;;
207650274;  Týbbi Laboratuvar Teknikleri (Burslu);2;TYT;10;;2;;1;18, 21, 64;509622;336.18243;;
207650935;  Týbbi Laboratuvar Teknikleri (%50 Ýndirimli);2;TYT;68;;;;;18, 21, 64;1642392;250.58812;;
;ÇAÐ ÜNÝVERSÝTESÝ (MERSÝN) (Vakýf Üniversitesi) ;;;;;;;;;;;;
;Meslek Yüksekokulu;;;;;;;;;;;;
201050386;  Bankacýlýk ve Sigortacýlýk (Burslu);2;TYT;4;;1;;1;18, 21, 64;928225;296.52325;;IACBE
201050235;  Bankacýlýk ve Sigortacýlýk (%50 Ýndirimli);2;TYT;27;;;;;18, 21, 64;2171968;221.34053;;IACBE
201050605;  Çocuk Geliþimi (Burslu);2;TYT;10;;1;;1;18, 21, 64;841664;303.26813;;
201050623;  Çocuk Geliþimi (%50 Ýndirimli);2;TYT;60;;;;;18, 21, 64;2734833;177.91431;;
201050395;  Dýþ Ticaret (Burslu);2;TYT;10;;1;;1;18, 21, 64;866866;301.23366;;IACBE
201050253;  Dýþ Ticaret (%50 Ýndirimli);2;TYT;59;;;;;18, 21, 64;2190420;220.34017;;IACBE
201050632;  Ýþ Saðlýðý ve Güvenliði (Burslu);2;TYT;5;;1;;1;18, 21, 64;982366;292.49491;;
201050659;  Ýþ Saðlýðý ve Güvenliði (%50 Ýndirimli);2;TYT;31;;;;;18, 21, 64;2462915;204.91237;;
201050730;  Mahkeme Büro Hizmetleri (Burslu);2;TYT;4;;1;;1;18, 21, 64;744702;311.50487;;
201050737;  Mahkeme Büro Hizmetleri (%50 Ýndirimli);2;TYT;25;;;;;18, 21, 64;2426416;207.12754;;
201050562;  Saðlýk Kurumlarý Ýþletmeciliði (Burslu);2;TYT;4;;1;;1;18, 21, 64;...;----;;
201050589;  Saðlýk Kurumlarý Ýþletmeciliði (%50 Ýndirimli);2;TYT;25;;;;;18, 21, 64;...;----;;
201050668;  Sosyal Hizmetler (Burslu);2;TYT;4;;1;;1;18, 21, 64;907141;298.10875;;
201050686;  Sosyal Hizmetler (%50 Ýndirimli);2;TYT;30;;;;;18, 21, 64;2532225;200.49055;;
201050695;  Týbbi Dokümantasyon ve Sekreterlik (Burslu);2;TYT;10;;1;;1;18, 21, 64;606797;324.87062;;
201050711;  Týbbi Dokümantasyon ve Sekreterlik (%50 Ýndirimli);2;TYT;60;;;;;18, 21, 64;2081753;226.23007;;
;ÇANKAYA ÜNÝVERSÝTESÝ (ANKARA) (Vakýf Üniversitesi) ;;;;;;;;;;;;
;Çankaya Meslek Yüksekokulu;;;;;;;;;;;;
201190061;  Bilgisayar Programcýlýðý (Ýngilizce) (Burslu);2;TYT;7;;1;;1;18, 21, 22, 23, 24, 64;153475;414.08484;;
201190062;  Bilgisayar Programcýlýðý (Ýngilizce) (%50 Ýndirimli);2;TYT;25;;;;;18, 21, 22, 23, 24, 64;1350747;268.00944;;
201150049;  Dýþ Ticaret (Ýngilizce) (Burslu);2;TYT;7;;;;1;18, 21, 22, 23, 24, 64;323626;365.89865;;
201150058;  Dýþ Ticaret (Ýngilizce) (%50 Ýndirimli);2;TYT;17;;;;;18, 21, 22, 23, 24, 64;2269689;216.00215;;
201190069;  E-Ticaret ve Pazarlama (Ýngilizce) (Burslu);2;TYT;7;;;;1;18, 21, 22, 23, 24, 64;400605;351.85357;;
201190076;  E-Ticaret ve Pazarlama (Ýngilizce) (%50 Ýndirimli);2;TYT;17;;;;;18, 21, 22, 23, 24, 64;2398053;208.78400;;
;DEMÝROÐLU BÝLÝM ÜNÝVERSÝTESÝ (ÝSTANBUL) (Vakýf Üniversitesi) ;;;;;;;;;;;;
;Saðlýk Hizmetleri Meslek Yüksekokulu;;;;;;;;;;;;
202650483;  Ameliyathane Hizmetleri (Burslu);2;TYT;8;;1;;1;18, 21, 64;739122;312.00165;;
202650602;  Ameliyathane Hizmetleri (%50 Ýndirimli);2;TYT;45;;;;;18, 21, 64;1849992;238.85638;;
202650032;  Anestezi (Ücretli);2;TYT;23;;;;;18, 64;...;----;;
202650041;  Anestezi (Burslu);2;TYT;7;;1;;1;18, 21, 64;440532;345.65710;;
202650627;  Anestezi (%50 Ýndirimli);2;TYT;22;;;;;18, 21, 64;999980;291.22672;;
202650226;  Diyaliz (Burslu);2;TYT;5;;1;;1;18, 21, 64;757892;310.32416;;
202650604;  Diyaliz (%50 Ýndirimli);2;TYT;34;;;;;18, 21, 64;2017882;229.68566;;
202650526;  Fizyoterapi (Burslu);2;TYT;7;;1;;1;18, 21, 64;637789;321.66319;;
202650605;  Fizyoterapi (%50 Ýndirimli);2;TYT;43;;;;;18, 21, 64;1866449;237.94772;;
202650174;  Ýlk ve Acil Yardým (Ücretli);2;TYT;26;;;;;18, 64;...;----;;
202650183;  Ýlk ve Acil Yardým (Burslu);2;TYT;9;;1;;1;18, 21, 64;575744;328.26049;;
202650628;  Ýlk ve Acil Yardým (%50 Ýndirimli);2;TYT;32;;;;;18, 21, 64;1160443;280.16598;;
202650639;  Tele-Saðlýk Teknikerliði (Burslu);2;TYT;6;;1;;1;18, 21, 64;...;----;;
202650646;  Tele-Saðlýk Teknikerliði (%50 Ýndirimli);2;TYT;33;;;;;18, 21, 64;...;----;;
202650147;  Týbbi Dokümantasyon ve Sekreterlik (Burslu);2;TYT;1;;;;1;18, 21, 64;464083;342.26980;;
202650598;  Týbbi Dokümantasyon ve Sekreterlik (%50 Ýndirimli);2;TYT;6;;;;;18, 21, 64;1118548;282.97190;;
202650156;  Týbbi Görüntüleme Teknikleri (Burslu);2;TYT;8;;1;;1;18, 21, 64;626903;322.76698;;
202650625;  Týbbi Görüntüleme Teknikleri (%50 Ýndirimli);2;TYT;44;;;;;18, 21, 64;1464074;261.06688;;
202650165;  Týbbi Laboratuvar Teknikleri (Burslu);2;TYT;6;;1;;1;18, 21, 64;697821;315.80626;;
202650626;  Týbbi Laboratuvar Teknikleri (%50 Ýndirimli);2;TYT;33;;;;;18, 21, 64;1677786;248.55621;;
;DOÐUÞ ÜNÝVERSÝTESÝ (ÝSTANBUL) (Vakýf Üniversitesi) ;;;;;;;;;;;;
;Meslek Yüksekokulu;;;;;;;;;;;;
201290270;  Aðýz ve Diþ Saðlýðý (Burslu);2;TYT;10;;1;;1;18, 21, 64;608050;324.73594;;
201290341;  Aðýz ve Diþ Saðlýðý (%50 Ýndirimli);2;TYT;59;;;;;18, 21, 64;1833710;239.76342;;
201250806;  Anestezi (Burslu);2;TYT;10;;2;;1;18, 21, 64;452982;343.86316;;
201290348;  Anestezi (%50 Ýndirimli);2;TYT;68;;;;;18, 21, 64;1286080;272.03518;;
201250824;  Aþçýlýk (Burslu);2;TYT;13;;2;;1;18, 21, 64;582696;327.49218;*;TUADER
201290355;  Aþçýlýk (%50 Ýndirimli);2;TYT;85;;;;;18, 21, 64;2401314;208.59643;*;TUADER
201250339;  Bankacýlýk ve Sigortacýlýk (Burslu);2;TYT;12;;2;;1;18, 21, 64;712959;314.40232;;
201250542;  Bankacýlýk ve Sigortacýlýk (%50 Ýndirimli);2;TYT;76;;;;;18, 21, 64;2256792;216.70947;;
201290544;  Bilgisayar Destekli Tasarým ve Animasyon (Burslu);2;TYT;4;;1;;1;18, 21, 64;441429;345.52850;;
201290551;  Bilgisayar Destekli Tasarým ve Animasyon (%50 Ýndirimli);2;TYT;25;;;;;18, 21, 64;2095264;225.49852;;
201250321;  Bilgisayar Programcýlýðý (Burslu);2;TYT;13;;2;;1;18, 21, 64;313797;367.89959;;
201290362;  Bilgisayar Programcýlýðý (%50 Ýndirimli);2;TYT;85;;;;;18, 21, 64;1223120;276.07083;;
201290320;  Bilgisayar Teknolojisi (Burslu);2;TYT;7;;1;;1;18, 21, 64;430533;347.16113;;
201290327;  Bilgisayar Teknolojisi (%50 Ýndirimli);2;TYT;47;;;;;18, 21, 64;1658832;249.64938;;
201290262;  Biliþim Güvenliði Teknolojisi (Burslu);2;TYT;10;;2;;1;18, 21, 64;409529;350.41747;;
201290263;  Biliþim Güvenliði Teknolojisi (%50 Ýndirimli);2;TYT;67;;;;;18, 21, 64;2094218;225.55387;;
201250842;  Çocuk Geliþimi (Burslu);2;TYT;10;;1;;1;18, 21, 64;721452;313.62312;;
201290369;  Çocuk Geliþimi (%50 Ýndirimli);2;TYT;64;;;;;18, 21, 64;2340560;212.07634;;
201250348;  Dýþ Ticaret (Burslu);2;TYT;10;;1;;1;18, 21, 64;595356;326.11404;;
201290306;  Dýþ Ticaret (%50 Ýndirimli);2;TYT;59;;;;;18, 21, 64;1925986;234.65947;;
201290272;  Dýþ Ticaret (Ýngilizce) (Burslu);2;TYT;10;;2;;1;18, 21, 22, 23, 24, 64;480110;340.06198;;
201290273;  Dýþ Ticaret (Ýngilizce) (%50 Ýndirimli);2;TYT;67;;;;;18, 21, 22, 23, 24, 64;2562114;198.42248;;
201290642;  Dijital Dönüþüm Elektroniði (Burslu);2;TYT;5;;1;;1;18, 21, 64, 320;...;----;;
201290649;  Dijital Dönüþüm Elektroniði (%50 Ýndirimli);2;TYT;34;;;;;18, 21, 64, 320;...;----;;
201290307;  Eczane Hizmetleri (Burslu);2;TYT;10;;1;;1;18, 21, 64;673700;318.10780;;
201290308;  Eczane Hizmetleri (%50 Ýndirimli);2;TYT;63;;;;;18, 21, 64;2281964;215.33507;;
201290260;  Elektrik (Burslu);2;TYT;10;;2;;1;18, 21, 64;591389;326.54116;;
201290261;  Elektrik (%50 Ýndirimli);2;TYT;67;;;;;18, 21, 64;1993775;230.97855;;
201290558;  Elektronik Teknolojisi (Burslu);2;TYT;4;;1;;1;18, 21, 64;598214;325.79967;;
201290565;  Elektronik Teknolojisi (%50 Ýndirimli);2;TYT;25;;;;;18, 21, 64;2262546;216.39888;;
201250869;  Elektronörofizyoloji (Burslu);2;TYT;7;;1;;1;18, 21, 64;796324;307.02727;;
201250878;  Elektronörofizyoloji (%50 Ýndirimli);2;TYT;46;;;;;18, 21, 64;2698875;185.48630;;
201250887;  Fizyoterapi (Burslu);2;TYT;10;;1;;1;18, 21, 64;583414;327.41165;;
201290376;  Fizyoterapi (%50 Ýndirimli);2;TYT;59;;;;;18, 21, 64;2052931;227.77716;;
201250409;  Grafik Tasarýmý (Burslu);2;TYT;14;;2;;1;18, 21, 64;542408;332.12742;;
201290383;  Grafik Tasarýmý (%50 Ýndirimli);2;TYT;85;;;;;18, 21, 64;1961027;232.74976;;
201250366;  Halkla Ýliþkiler ve Tanýtým (Burslu);2;TYT;8;;1;;1;18, 21, 64;763897;309.81270;;
201250596;  Halkla Ýliþkiler ve Tanýtým (%50 Ýndirimli);2;TYT;51;;;;;18, 21, 64;2547640;199.44969;;
201290284;  Ýç Mekan Tasarýmý (Burslu);2;TYT;12;;2;;1;18, 21, 64;602975;325.27906;;
201290285;  Ýç Mekan Tasarýmý (%50 Ýndirimli);2;TYT;81;;;;;18, 21, 64;2474147;204.21657;;
201290265;  Ýlk ve Acil Yardým (Burslu);2;TYT;9;;1;;1;18, 21, 64;520267;334.81999;;
201290390;  Ýlk ve Acil Yardým (%50 Ýndirimli);2;TYT;59;;;;;18, 21, 64;1437260;262.68181;;
201290656;  Ýmalat Yürütme Sistemleri Operatörlüðü (Burslu);2;TYT;5;;1;;1;18, 21, 64, 320;...;----;;
201290663;  Ýmalat Yürütme Sistemleri Operatörlüðü (%50 Ýndirimli);2;TYT;34;;;;;18, 21, 64, 320;...;----;;
201250375;  Ýnsan Kaynaklarý Yönetimi (Burslu);2;TYT;10;;1;;1;18, 21, 64;725114;313.28820;;
201250603;  Ýnsan Kaynaklarý Yönetimi (%50 Ýndirimli);2;TYT;63;;;;;18, 21, 64;2445481;205.98339;;
201290670;  Ýnsansýz Araç Teknikerliði (Burslu);2;TYT;5;;1;;1;18, 21, 64, 320;...;----;;
201290677;  Ýnsansýz Araç Teknikerliði (%50 Ýndirimli);2;TYT;34;;;;;18, 21, 64, 320;...;----;;
201250727;  Ýnþaat Teknolojisi (Burslu);2;TYT;10;;2;;1;18, 21, 64;624895;322.97896;;
201290397;  Ýnþaat Teknolojisi (%50 Ýndirimli);2;TYT;67;;;;;18, 21, 64;2368987;210.46250;;
201290572;  Ýnternet ve Að Teknolojileri (Burslu);2;TYT;4;;1;;1;18, 21, 64;485154;339.38819;;
201290579;  Ýnternet ve Að Teknolojileri (%50 Ýndirimli);2;TYT;25;;;;;18, 21, 64;2387137;209.42283;;
201250745;  Ýþ Saðlýðý ve Güvenliði (Burslu);2;TYT;10;;1;;1;18, 21, 64;816869;305.29379;;
201290292;  Ýþ Saðlýðý ve Güvenliði (%50 Ýndirimli);2;TYT;61;;;;;18, 21, 64;2613859;194.45679;;
201290684;  Karbon Yönetimi Teknikerliði (Burslu);2;TYT;5;;1;;1;18, 21, 64;...;----;;
201290691;  Karbon Yönetimi Teknikerliði (%50 Ýndirimli);2;TYT;34;;;;;18, 21, 64;...;----;;
201290698;  Kurumsal Biliþim Uzmanlýðý (Burslu);2;TYT;5;;1;;1;18, 21, 64, 320;...;----;;
201290705;  Kurumsal Biliþim Uzmanlýðý (%50 Ýndirimli);2;TYT;34;;;;;18, 21, 64, 320;...;----;;
201290586;  Mahkeme Büro Hizmetleri (Burslu);2;TYT;7;;1;;1;18, 21, 64;819214;305.09999;;
201290593;  Mahkeme Büro Hizmetleri (%50 Ýndirimli);2;TYT;48;;;;;18, 21, 64;;;;
201290278;  Makine (Burslu);2;TYT;10;;2;;1;18, 21, 64;532191;333.35171;;
201290279;  Makine (%50 Ýndirimli);2;TYT;67;;;;;18, 21, 64;2112545;224.56013;;
201290274;  Mekatronik (Burslu);2;TYT;10;;2;;1;18, 21, 64;571940;328.69009;;
201290275;  Mekatronik (%50 Ýndirimli);2;TYT;67;;;;;18, 21, 64;2051616;227.84804;;
201250903;  Odyometri (Burslu);2;TYT;8;;1;;1;18, 21, 64;744543;311.52104;;
201290404;  Odyometri (%50 Ýndirimli);2;TYT;53;;;;;18, 21, 64;2729726;179.45953;;
201290276;  Optisyenlik (Burslu);2;TYT;10;;1;;1;18, 21, 64;672513;318.22872;;
201290277;  Optisyenlik (%50 Ýndirimli);2;TYT;60;;;;;18, 21, 64;2456906;205.28474;;
201290712;  Otonom Sistemler Teknikerliði (Burslu);2;TYT;5;;1;;1;18, 21, 64, 320;...;----;;
201290719;  Otonom Sistemler Teknikerliði (%50 Ýndirimli);2;TYT;34;;;;;18, 21, 64, 320;...;----;;
201290282;  Otopsi Yardýmcýlýðý (Burslu);2;TYT;4;;;;1;18, 21, 64;755068;310.58106;;
201290283;  Otopsi Yardýmcýlýðý (%50 Ýndirimli);2;TYT;21;;;;;18, 21, 64;2647132;191.51469;;
201290309;  Patoloji Laboratuvar Teknikleri (Burslu);2;TYT;10;;1;;1;18, 21, 64;741140;311.81961;;
201290310;  Patoloji Laboratuvar Teknikleri (%50 Ýndirimli);2;TYT;63;;;;;18, 21, 64;2681995;187.75322;;
201290614;  Robotik ve Yapay Zeka (Burslu);2;TYT;5;;1;;1;18, 21, 64, 320;...;----;;
201290621;  Robotik ve Yapay Zeka (%50 Ýndirimli);2;TYT;34;;;;;18, 21, 64, 320;...;----;;
201290268;  Sivil Havacýlýk Kabin Hizmetleri (Burslu);2;TYT;10;;1;;1;10, 18, 21, 64;526236;334.07110;;
201290269;  Sivil Havacýlýk Kabin Hizmetleri (%50 Ýndirimli);2;TYT;64;;;;;10, 18, 21, 64;1555222;255.67158;;
201250781;  Týbbi Dokümantasyon ve Sekreterlik (Burslu);2;TYT;10;;1;;1;18, 21, 64;605713;324.98607;;
201250799;  Týbbi Dokümantasyon ve Sekreterlik (%50 Ýndirimli);2;TYT;59;;;;;18, 21, 64;1992944;231.02327;;
201290266;  Týbbi Görüntüleme Teknikleri (Burslu);2;TYT;9;;1;;1;18, 21, 64;592462;326.42431;;
201290411;  Týbbi Görüntüleme Teknikleri (%50 Ýndirimli);2;TYT;59;;;;;18, 21, 64;1885333;236.89437;;
201290311;  Týbbi Laboratuvar Teknikleri (Burslu);2;TYT;8;;1;;1;18, 21, 64;589876;326.70811;;
201290418;  Týbbi Laboratuvar Teknikleri (%50 Ýndirimli);2;TYT;50;;;;;18, 21, 64;2207480;219.41417;;
201250109;  Turizm ve Otel Ýþletmeciliði (Burslu);2;TYT;7;;1;;1;18, 21, 64;759496;310.18855;*;TUADER
201250612;  Turizm ve Otel Ýþletmeciliði (%50 Ýndirimli);2;TYT;47;;;;;18, 21, 64;2375741;210.08090;*;TUADER
201290600;  Web Tasarýmý ve Kodlama (Burslu);2;TYT;4;;1;;1;18, 21, 64;508454;336.33562;;
201290607;  Web Tasarýmý ve Kodlama (%50 Ýndirimli);2;TYT;25;;;;;18, 21, 64;1799588;241.65539;;
201290628;  Yapay Zeka Operatörlüðü (Burslu);2;TYT;5;;1;;1;18, 21, 64, 320;...;----;;
201290635;  Yapay Zeka Operatörlüðü (%50 Ýndirimli);2;TYT;34;;;;;18, 21, 64, 320;...;----;;
;FATÝH SULTAN MEHMET VAKIF ÜNÝVERSÝTESÝ (ÝSTANBUL) (Vakýf Üniversitesi) ;;;;;;;;;;;;
;Meslek Yüksekokulu;;;;;;;;;;;;
201490360;  Ambalaj Tasarýmý (Burslu);2;TYT;7;;1;;1;18, 21, 64;732331;312.62444;;
201490367;  Ambalaj Tasarýmý (%50 Ýndirimli);2;TYT;42;;;;;18, 21, 64;;;;
201490374;  Bilgisayar Programcýlýðý (Burslu);2;TYT;5;;1;;1;18, 21, 64;...;----;;
201490381;  Bilgisayar Programcýlýðý (%50 Ýndirimli);2;TYT;34;;;;;18, 21, 64;...;----;;
201490122;  Biliþim Güvenliði Teknolojisi (Burslu);2;TYT;10;;1;;1;18, 21, 64;372987;356.55696;;
201490129;  Biliþim Güvenliði Teknolojisi (%50 Ýndirimli);2;TYT;59;;;;;18, 21, 64;;;;
201490388;  Biyomedikal Cihaz Teknolojisi (Burslu);2;TYT;5;;1;;1;18, 21, 64;...;----;;
201490395;  Biyomedikal Cihaz Teknolojisi (%50 Ýndirimli);2;TYT;34;;;;;18, 21, 64;...;----;;
201450134;  Çocuk Geliþimi (Burslu);2;TYT;10;;1;;1;18, 21, 64;713470;314.35661;;
201450143;  Çocuk Geliþimi (%50 Ýndirimli);2;TYT;59;;;;;18, 21, 64;...;----;;
201490100;  Engelliler Ýçin Gölge Öðreticilik (Burslu);2;TYT;5;;1;;1;18, 21, 64;742252;311.71996;;
201490101;  Engelliler Ýçin Gölge Öðreticilik (%50 Ýndirimli);2;TYT;34;;;;;18, 21, 64;;;;
201490402;  Geleneksel El Sanatlarý (Burslu);2;TYT;5;;1;;1;18, 21, 64;...;----;;
201490409;  Geleneksel El Sanatlarý (%50 Ýndirimli);2;TYT;34;;;;;18, 21, 64;...;----;;
201490416;  Görsel Ýletiþim (Burslu);2;TYT;4;;1;;1;18, 21, 64;...;----;;
201490423;  Görsel Ýletiþim (%50 Ýndirimli);2;TYT;30;;;;;18, 21, 64;...;----;;
201490430;  Hava Lojistiði (Burslu);2;TYT;5;;1;;1;10, 18, 21, 64;...;----;;
201490437;  Hava Lojistiði (%50 Ýndirimli);2;TYT;34;;;;;10, 18, 21, 64;...;----;;
201490444;  Ýç Mekan Tasarýmý (Burslu);2;TYT;5;;1;;1;18, 21, 64;...;----;;
201490451;  Ýç Mekan Tasarýmý (%50 Ýndirimli);2;TYT;34;;;;;18, 21, 64;...;----;;
201490185;  Mahkeme Büro Hizmetleri (Burslu);2;TYT;5;;1;;1;18, 21, 64;646134;320.83213;;
201490192;  Mahkeme Büro Hizmetleri (%50 Ýndirimli);2;TYT;34;;;;;18, 21, 64;2697186;185.72991;;
201490458;  Mimari Restorasyon (Burslu);2;TYT;10;;1;;1;18, 21, 64;427268;347.65465;;
201490465;  Mimari Restorasyon (%50 Ýndirimli);2;TYT;59;;;;;18, 21, 64;;;;
201490472;  Moda Tasarýmý (Burslu);2;TYT;5;;1;;1;18, 21, 64;...;----;;
201490479;  Moda Tasarýmý (%50 Ýndirimli);2;TYT;34;;;;;18, 21, 64;...;----;;
201490486;  Ofis Teknolojileri ve Veri Yönetimi (Burslu);2;TYT;5;;1;;1;18, 21, 64;...;----;;
201490493;  Ofis Teknolojileri ve Veri Yönetimi (%50 Ýndirimli);2;TYT;34;;;;;18, 21, 64;...;----;;
201490500;  Siber Güvenlik (Burslu);2;TYT;5;;1;;1;18, 21, 64;...;----;;
201490507;  Siber Güvenlik (%50 Ýndirimli);2;TYT;34;;;;;18, 21, 64;...;----;;
201450258;  Sivil Havacýlýk Kabin Hizmetleri (Ücretli);2;TYT;31;;;;;10, 18, 64;2753685;163.29386;;
201450197;  Sivil Havacýlýk Kabin Hizmetleri (Burslu);2;TYT;12;;2;;1;10, 18, 21, 64;335565;363.48037;;
201450213;  Sivil Havacýlýk Kabin Hizmetleri (%25 Ýndirimli);2;TYT;45;;;;;10, 18, 21, 64;1093805;284.65270;;
201490514;  Turist Rehberliði (Burslu);2;TYT;5;;1;;1;18, 21, 64;...;----;;
201490521;  Turist Rehberliði (%50 Ýndirimli);2;TYT;34;;;;;18, 21, 64;...;----;;
;FENERBAHÇE ÜNÝVERSÝTESÝ (ÝSTANBUL) (Vakýf Üniversitesi) ;;;;;;;;;;;;
;Saðlýk Hizmetleri Meslek Yüksekokulu;;;;;;;;;;;;
209010045;  Aðýz ve Diþ Saðlýðý (Burslu);2;TYT;5;;1;;1;18, 21, 64;524857;334.24235;;
209010046;  Aðýz ve Diþ Saðlýðý (%50 Ýndirimli);2;TYT;37;;;;;18, 21, 64;1500758;258.87189;;
209010060;  Ameliyathane Hizmetleri (Burslu);2;TYT;7;;1;;1;18, 21, 64;632090;322.23770;;
209010061;  Ameliyathane Hizmetleri (%50 Ýndirimli);2;TYT;48;;;;;18, 21, 64;1817213;240.68118;;
209010062;  Anestezi (Burslu);2;TYT;8;;1;;1;18, 21, 64;370013;357.07098;;
209010063;  Anestezi (%50 Ýndirimli);2;TYT;51;;;;;18, 21, 64;1087167;285.09379;;
209010047;  Diþ Protez Teknolojisi (Burslu);2;TYT;7;;1;;1;18, 21, 64;453195;343.82999;;
209010048;  Diþ Protez Teknolojisi (%50 Ýndirimli);2;TYT;47;;;;;18, 21, 64;1144491;281.23215;;
209010064;  Diyaliz (Burslu);2;TYT;7;;1;;1;18, 21, 64;700101;315.59752;;
209010065;  Diyaliz (%50 Ýndirimli);2;TYT;48;;;;;18, 21, 64;2329753;212.67340;;
209010097;  Eczane Hizmetleri (Burslu);2;TYT;5;;1;;1;18, 21, 64;600235;325.57903;;
209010098;  Eczane Hizmetleri (%50 Ýndirimli);2;TYT;37;;;;;18, 21, 64;1963807;232.59603;;
209010049;  Fizyoterapi (Burslu);2;TYT;6;;1;;1;18, 21, 64;499889;337.44853;;
209010050;  Fizyoterapi (%50 Ýndirimli);2;TYT;42;;;;;18, 21, 64;1545127;256.26167;;
209010099;  Fizyoterapi (Ýngilizce) (Burslu);2;TYT;6;;1;;1;18, 21, 22, 23, 24, 64;415132;349.53204;;
209010100;  Fizyoterapi (Ýngilizce) (%50 Ýndirimli);2;TYT;42;;;;;18, 21, 22, 23, 24, 64;2451585;205.61136;;
209010070;  Ýlk ve Acil Yardým (Burslu);2;TYT;8;;1;;1;18, 21, 64;488177;338.99843;;
209010071;  Ýlk ve Acil Yardým (%50 Ýndirimli);2;TYT;51;;;;;18, 21, 64;1192603;278.04955;;
209010101;  Ortopedik Protez ve Ortez (Burslu);2;TYT;3;;;;1;18, 21, 64;687872;316.74083;;
209010102;  Ortopedik Protez ve Ortez (%50 Ýndirimli);2;TYT;20;;;;;18, 21, 64;2559896;198.58451;;
209010104;  Patoloji Laboratuvar Teknikleri (Burslu);2;TYT;5;;1;;1;18, 21, 64;655639;319.87573;;
209010103;  Patoloji Laboratuvar Teknikleri (%50 Ýndirimli);2;TYT;37;;;;;18, 21, 64;2384695;209.56520;;
209010066;  Radyoterapi (Burslu);2;TYT;5;;1;;1;18, 21, 64;697062;315.87726;;
209010067;  Radyoterapi (%50 Ýndirimli);2;TYT;33;;;;;18, 21, 64;2250176;217.07162;;
209010051;  Týbbi Görüntüleme Teknikleri (Burslu);2;TYT;6;;1;;1;18, 21, 64;543006;332.05484;;
209010052;  Týbbi Görüntüleme Teknikleri (%50 Ýndirimli);2;TYT;42;;;;;18, 21, 64;1405482;264.62799;;
209010068;  Týbbi Laboratuvar Teknikleri (Burslu);2;TYT;6;;1;;1;18, 21, 64;573121;328.55724;;
209010069;  Týbbi Laboratuvar Teknikleri (%50 Ýndirimli);2;TYT;42;;;;;18, 21, 64;1764143;243.65457;;
209010275;  Týbbi Veri Ýþleme Teknikerliði (Burslu);2;TYT;5;;1;;1;18, 21, 64;...;----;;
209010282;  Týbbi Veri Ýþleme Teknikerliði (%50 Ýndirimli);2;TYT;34;;;;;18, 21, 64;...;----;;
;HALÝÇ ÜNÝVERSÝTESÝ (ÝSTANBUL) (Vakýf Üniversitesi) ;;;;;;;;;;;;
;Meslek Yüksekokulu;;;;;;;;;;;;
201990601;  Anestezi (Ücretli);2;TYT;6;;;;;18, 64;1660596;249.54729;;
201990503;  Anestezi (Burslu);2;TYT;6;;1;;1;18, 21, 64;357129;359.40285;;
201990608;  Anestezi (%25 Ýndirimli);2;TYT;32;;;;;18, 21, 64;1324598;269.62855;;
201950059;  Aþçýlýk (Burslu);2;TYT;8;;1;;1;18, 21, 64;456113;343.39627;;
201950411;  Aþçýlýk (%25 Ýndirimli);2;TYT;50;;;;;18, 21, 64;2741677;175.23068;;
201950077;  Bankacýlýk ve Sigortacýlýk (Ücretli);2;TYT;7;;;;;18, 64;2656607;190.58794;;
201950086;  Bankacýlýk ve Sigortacýlýk (Burslu);2;TYT;7;;1;;1;18, 21, 64;582546;327.50899;;
201950632;  Bankacýlýk ve Sigortacýlýk (%25 Ýndirimli);2;TYT;35;;;;;18, 21, 64;2220260;218.71380;;
201990615;  Bilgisayar Programcýlýðý (Ücretli);2;TYT;8;;;;;18, 64;1482520;259.96087;;
201990488;  Bilgisayar Programcýlýðý (Burslu);2;TYT;8;;1;;1;18, 21, 64;239073;385.60972;;
201990622;  Bilgisayar Programcýlýðý (%25 Ýndirimli);2;TYT;43;;;;;18, 21, 64;1271307;272.96565;;
201950102;  Bilgisayar Teknolojisi (Ücretli);2;TYT;7;;;;;18, 64;2728175;179.88415;;
201950111;  Bilgisayar Teknolojisi (Burslu);2;TYT;7;;1;;1;18, 21, 64;350807;360.58616;;
201950598;  Bilgisayar Teknolojisi (%25 Ýndirimli);2;TYT;39;;;;;18, 21, 64;2137810;223.19110;;
201990629;  Biliþim Güvenliði Teknolojisi (Ücretli);2;TYT;6;;;;;18, 64;2495430;202.87655;;
201990573;  Biliþim Güvenliði Teknolojisi (Burslu);2;TYT;5;;1;;1;18, 21, 64;331882;364.20772;;
201990636;  Biliþim Güvenliði Teknolojisi (%25 Ýndirimli);2;TYT;26;;;;;18, 21, 64;1858855;238.36466;;
201991168;  Bulut Biliþim Operatörlüðü (Ücretli);2;TYT;7;;;;;18, 64, 320;...;----;;
201991161;  Bulut Biliþim Operatörlüðü (Burslu);2;TYT;6;;1;;1;18, 21, 64, 320;...;----;;
201991175;  Bulut Biliþim Operatörlüðü (%25 Ýndirimli);2;TYT;31;;;;;18, 21, 64, 320;...;----;;
201991189;  Büyük Veri Analistliði (Ücretli);2;TYT;6;;;;;18, 64, 320;...;----;;
201991182;  Büyük Veri Analistliði (Burslu);2;TYT;5;;1;;1;18, 21, 64, 320;...;----;;
201991196;  Büyük Veri Analistliði (%25 Ýndirimli);2;TYT;28;;;;;18, 21, 64, 320;...;----;;
201990643;  Çocuk Geliþimi (Ücretli);2;TYT;4;;;;;18, 64;;;;
201950456;  Çocuk Geliþimi (Burslu);2;TYT;9;;1;;1;18, 21, 64;664031;319.05514;;
201950729;  Çocuk Geliþimi (%25 Ýndirimli);2;TYT;52;;;;;18, 21, 64;;;;
201991210;  Dýþ Ticaret (Ücretli);2;TYT;6;;;;;18, 64;...;----;;
201991203;  Dýþ Ticaret (Burslu);2;TYT;5;;1;;1;18, 21, 64;...;----;;
201991217;  Dýþ Ticaret (%25 Ýndirimli);2;TYT;28;;;;;18, 21, 64;...;----;;
201991231;  Dijital Dönüþüm Elektroniði (Ücretli);2;TYT;7;;;;;18, 64, 320;...;----;;
201991224;  Dijital Dönüþüm Elektroniði (Burslu);2;TYT;6;;1;;1;18, 21, 64, 320;...;----;;
201991238;  Dijital Dönüþüm Elektroniði (%25 Ýndirimli);2;TYT;31;;;;;18, 21, 64, 320;...;----;;
201990650;  Elektrik (Ücretli);2;TYT;7;;;;;18, 64;2608270;194.91723;;
201990509;  Elektrik (Burslu);2;TYT;7;;1;;1;18, 21, 64;485236;339.37849;;
201990657;  Elektrik (%25 Ýndirimli);2;TYT;35;;;;;18, 21, 64;2013706;229.90767;;
201950138;  Elektronik Teknolojisi (Ücretli);2;TYT;4;;;;;18, 64;;;;
201950147;  Elektronik Teknolojisi (Burslu);2;TYT;7;;1;;1;18, 21, 64;540919;332.30927;;
201950605;  Elektronik Teknolojisi (%25 Ýndirimli);2;TYT;43;;;;;18, 21, 64;;;;
201991252;  E-Ticaret ve Pazarlama (Ücretli);2;TYT;7;;;;;18, 64;...;----;;
201991245;  E-Ticaret ve Pazarlama (Burslu);2;TYT;6;;1;;1;18, 21, 64;...;----;;
201991259;  E-Ticaret ve Pazarlama (%25 Ýndirimli);2;TYT;31;;;;;18, 21, 64;...;----;;
201990664;  Fizyoterapi (Ücretli);2;TYT;7;;;;;18, 64;;;;
201950474;  Fizyoterapi (Burslu);2;TYT;8;;1;;1;18, 21, 64;486939;339.15911;;
201950686;  Fizyoterapi (%25 Ýndirimli);2;TYT;46;;;;;18, 21, 64;;;;
201950192;  Grafik Tasarýmý (Ücretli);2;TYT;3;;;;;18, 64;;;*;ÝLAD
201950208;  Grafik Tasarýmý (Burslu);2;TYT;6;;1;;1;18, 21, 64;374236;356.32634;*;ÝLAD
201950614;  Grafik Tasarýmý (%25 Ýndirimli);2;TYT;34;;;;;18, 21, 64;1821619;240.43460;*;ÝLAD
201990454;  Ýç Mekan Tasarýmý (Ücretli);2;TYT;10;;;;;18, 64;;;;
201990457;  Ýç Mekan Tasarýmý (Burslu);2;TYT;7;;1;;1;18, 21, 64;440802;345.61860;;
201990456;  Ýç Mekan Tasarýmý (%25 Ýndirimli);2;TYT;38;;;;;18, 21, 64;2586933;196.58217;;
201950226;  Ýlk ve Acil Yardým (Ücretli);2;TYT;11;;;;;18, 64;2179598;220.93227;;
201950235;  Ýlk ve Acil Yardým (Burslu);2;TYT;10;;1;;1;18, 21, 64;464594;342.20528;;
201950659;  Ýlk ve Acil Yardým (%25 Ýndirimli);2;TYT;50;;;;;18, 21, 64;2130307;223.59580;;
201991273;  Ýmalat Yürütme Sistemleri Operatörlüðü (Ücretli);2;TYT;6;;;;;18, 64, 320;...;----;;
201991266;  Ýmalat Yürütme Sistemleri Operatörlüðü (Burslu);2;TYT;5;;1;;1;18, 21, 64, 320;...;----;;
201991280;  Ýmalat Yürütme Sistemleri Operatörlüðü (%25 Ýndirimli);2;TYT;28;;;;;18, 21, 64, 320;...;----;;
201991294;  Ýnsan Kaynaklarý Yönetimi (Ücretli);2;TYT;6;;;;;18, 64;...;----;;
201991287;  Ýnsan Kaynaklarý Yönetimi (Burslu);2;TYT;5;;1;;1;18, 21, 64;...;----;;
201991301;  Ýnsan Kaynaklarý Yönetimi (%25 Ýndirimli);2;TYT;28;;;;;18, 21, 64;...;----;;
201991315;  Ýnsansýz Araç Teknikerliði (Ücretli);2;TYT;6;;;;;18, 64, 320;...;----;;
201991308;  Ýnsansýz Araç Teknikerliði (Burslu);2;TYT;5;;1;;1;18, 21, 64, 320;...;----;;
201991322;  Ýnsansýz Araç Teknikerliði (%25 Ýndirimli);2;TYT;28;;;;;18, 21, 64, 320;...;----;;
201950402;  Ýnþaat Teknolojisi (Burslu);2;TYT;7;;1;;1;18, 21, 64;500608;337.34852;;
201950677;  Ýnþaat Teknolojisi (%25 Ýndirimli);2;TYT;42;;;;;18, 21, 64;;;;
201991336;  Ýþletme Yönetimi (Ücretli);2;TYT;6;;;;;18, 64;...;----;;
201991329;  Ýþletme Yönetimi (Burslu);2;TYT;5;;1;;1;18, 21, 64;...;----;;
201991343;  Ýþletme Yönetimi (%25 Ýndirimli);2;TYT;28;;;;;18, 21, 64;...;----;;
201991357;  Kurumsal Biliþim Uzmanlýðý (Ücretli);2;TYT;7;;;;;18, 64, 320;...;----;;
201991350;  Kurumsal Biliþim Uzmanlýðý (Burslu);2;TYT;6;;1;;1;18, 21, 64, 320;...;----;;
201991364;  Kurumsal Biliþim Uzmanlýðý (%25 Ýndirimli);2;TYT;31;;;;;18, 21, 64, 320;...;----;;
201950298;  Lojistik (Ücretli);2;TYT;7;;;;;18, 64;2551399;199.18522;;
201950305;  Lojistik (Burslu);2;TYT;8;;1;;1;18, 21, 64;601229;325.47062;;
201950623;  Lojistik (%25 Ýndirimli);2;TYT;47;;;;;18, 21, 64;2469503;204.49847;;
201991378;  Mahkeme Büro Hizmetleri (Ücretli);2;TYT;4;;;;;18, 64;...;----;;
201991371;  Mahkeme Büro Hizmetleri (Burslu);2;TYT;5;;1;;1;18, 21, 64;...;----;;
201991385;  Mahkeme Büro Hizmetleri (%25 Ýndirimli);2;TYT;30;;;;;18, 21, 64;...;----;;
201990671;  Makine (Ücretli);2;TYT;7;;;;;18, 64;2652032;191.04997;;
201990490;  Makine (Burslu);2;TYT;7;;1;;1;18, 21, 64;493014;338.35519;;
201990678;  Makine (%25 Ýndirimli);2;TYT;36;;;;;18, 21, 64;;;;
201990685;  Moda Tasarýmý (Ücretli);2;TYT;6;;;;;18, 64;2753424;164.00869;;
201950492;  Moda Tasarýmý (Burslu);2;TYT;5;;1;;1;18, 21, 64;453081;343.84631;;
201950695;  Moda Tasarýmý (%25 Ýndirimli);2;TYT;30;;;;;18, 21, 64;1639598;250.75115;;
201991399;  Otonom Sistemler Teknikerliði (Ücretli);2;TYT;4;;;;;18, 64, 320;...;----;;
201991392;  Otonom Sistemler Teknikerliði (Burslu);2;TYT;6;;1;;1;18, 21, 64, 320;...;----;;
201991406;  Otonom Sistemler Teknikerliði (%25 Ýndirimli);2;TYT;34;;;;;18, 21, 64, 320;...;----;;
201991420;  Oyun Geliþtirme ve Programlama (Ücretli);2;TYT;7;;;;;18, 64, 320;...;----;;
201991413;  Oyun Geliþtirme ve Programlama (Burslu);2;TYT;6;;1;;1;18, 21, 64, 320;...;----;;
201991427;  Oyun Geliþtirme ve Programlama (%25 Ýndirimli);2;TYT;31;;;;;18, 21, 64, 320;...;----;;
201991441;  Raylý Sistemler Ýþletmeciliði (Ücretli);2;TYT;4;;;;;6, 18, 64;...;----;;
201991434;  Raylý Sistemler Ýþletmeciliði (Burslu);2;TYT;6;;1;;1;6, 18, 21, 64;...;----;;
201991448;  Raylý Sistemler Ýþletmeciliði (%25 Ýndirimli);2;TYT;34;;;;;6, 18, 21, 64;...;----;;
201991462;  Robotik ve Yapay Zeka (Ücretli);2;TYT;7;;;;;18, 64, 320;...;----;;
201991455;  Robotik ve Yapay Zeka (Burslu);2;TYT;6;;1;;1;18, 21, 64, 320;...;----;;
201991469;  Robotik ve Yapay Zeka (%25 Ýndirimli);2;TYT;31;;;;;18, 21, 64, 320;...;----;;
201990692;  Saç Bakýmý ve Güzellik Hizmetleri (Ücretli);2;TYT;6;;;;;18, 64;2478865;203.92239;;
201990587;  Saç Bakýmý ve Güzellik Hizmetleri (Burslu);2;TYT;5;;1;;1;18, 21, 64;682831;317.21982;;
201990699;  Saç Bakýmý ve Güzellik Hizmetleri (%25 Ýndirimli);2;TYT;29;;;;;18, 21, 64;2224946;218.45296;;
201991483;  Saðlýk Bilgi Sistemleri Teknikerliði (Ücretli);2;TYT;4;;;;;18, 64;...;----;;
201991476;  Saðlýk Bilgi Sistemleri Teknikerliði (Burslu);2;TYT;5;;1;;1;18, 21, 64;...;----;;
201991490;  Saðlýk Bilgi Sistemleri Teknikerliði (%25 Ýndirimli);2;TYT;30;;;;;18, 21, 64;...;----;;
201991504;  Saðlýk Turizmi Ýþletmeciliði (Ücretli);2;TYT;4;;;;;18, 64;...;----;;
201991497;  Saðlýk Turizmi Ýþletmeciliði (Burslu);2;TYT;5;;1;;1;18, 21, 64;...;----;;
201991511;  Saðlýk Turizmi Ýþletmeciliði (%25 Ýndirimli);2;TYT;30;;;;;18, 21, 64;...;----;;
201991525;  Siber Güvenlik (Ücretli);2;TYT;7;;;;;18, 64;...;----;;
201991518;  Siber Güvenlik (Burslu);2;TYT;6;;1;;1;18, 21, 64;...;----;;
201991532;  Siber Güvenlik (%25 Ýndirimli);2;TYT;31;;;;;18, 21, 64;...;----;;
201990706;  Týbbi Görüntüleme Teknikleri (Ücretli);2;TYT;7;;;;;18, 64;2462508;204.93696;;
201990492;  Týbbi Görüntüleme Teknikleri (Burslu);2;TYT;7;;1;;1;18, 21, 64;500115;337.41804;;
201990713;  Týbbi Görüntüleme Teknikleri (%25 Ýndirimli);2;TYT;35;;;;;18, 21, 64;2500791;202.54019;;
201950014;  Turizm ve Otel Ýþletmeciliði (Ücretli);2;TYT;6;;;;;18, 64;;;;
201950023;  Turizm ve Otel Ýþletmeciliði (Burslu);2;TYT;6;;1;;1;18, 21, 64;621414;323.34548;;
201950641;  Turizm ve Otel Ýþletmeciliði (%25 Ýndirimli);2;TYT;36;;;;;18, 21, 64;2384357;209.58468;;
201991546;  Yapay Zeka Operatörlüðü (Ücretli);2;TYT;6;;;;;18, 64, 320;...;----;;
201991539;  Yapay Zeka Operatörlüðü (Burslu);2;TYT;5;;1;;1;18, 21, 64, 320;...;----;;
201991553;  Yapay Zeka Operatörlüðü (%25 Ýndirimli);2;TYT;28;;;;;18, 21, 64, 320;...;----;;
;HASAN KALYONCU ÜNÝVERSÝTESÝ (GAZÝANTEP) (Vakýf Üniversitesi) ;;;;;;;;;;;;
;Meslek Yüksekokulu;;;;;;;;;;;;
201650098;  Anestezi (Ücretli);2;TYT;49;;;;;18, 64;975271;293.01821;;
201650105;  Anestezi (Burslu);2;TYT;10;;2;;1;18, 21, 64;309939;368.69769;;
201650123;  Anestezi (%25 Ýndirimli);2;TYT;19;;;;;18, 21, 64;623519;323.12186;;
201650177;  Bankacýlýk ve Sigortacýlýk (Burslu);2;TYT;15;;;;1;18, 21, 64;857389;301.98085;*;MEDEK
201650213;  Bankacýlýk ve Sigortacýlýk (%50 Ýndirimli);2;TYT;5;;;;;18, 21, 64;1208771;277.00646;*;MEDEK
201650132;  Diyaliz (Ücretli);2;TYT;52;;;;;18, 64;1451635;261.81667;;
201650141;  Diyaliz (Burslu);2;TYT;10;;2;;1;18, 21, 64;628103;322.64775;;
201650168;  Diyaliz (%25 Ýndirimli);2;TYT;16;;;;;18, 21, 64;1048364;287.79461;;
201650053;  Ýlk ve Acil Yardým (Ücretli);2;TYT;54;;;;;18, 64;1020108;289.78612;;
201650062;  Ýlk ve Acil Yardým (Burslu);2;TYT;10;;2;;1;18, 21, 64;408609;350.56166;;
201650089;  Ýlk ve Acil Yardým (%25 Ýndirimli);2;TYT;14;;;;;18, 21, 64;685040;317.00948;;
201650186;  Ýnsansýz Hava Aracý Teknolojisi ve Operatörlüðü (Ücretli);2;TYT;16;;;;;18, 64;1710977;246.66632;;
201650187;  Ýnsansýz Hava Aracý Teknolojisi ve Operatörlüðü (Burslu);2;TYT;5;;1;;1;18, 21, 64;358619;359.13593;;
201650188;  Ýnsansýz Hava Aracý Teknolojisi ve Operatörlüðü (%25 Ýndirimli);2;TYT;18;;;;;18, 21, 64;1380907;266.13187;;
201650381;  Mahkeme Büro Hizmetleri (Ücretli);2;TYT;13;;;;;18, 64;1944412;233.65591;;
201650374;  Mahkeme Büro Hizmetleri (Burslu);2;TYT;4;;1;;1;18, 21, 64;480955;339.94634;;
201650388;  Mahkeme Büro Hizmetleri (%50 Ýndirimli);2;TYT;12;;;;;18, 21, 64;1466044;260.95112;;
201650444;  Siber Güvenlik (Ücretli);2;TYT;12;;;;;18, 64;...;----;;
201650437;  Siber Güvenlik (Burslu);2;TYT;4;;1;;1;18, 21, 64;...;----;;
201650451;  Siber Güvenlik (%50 Ýndirimli);2;TYT;13;;;;;18, 21, 64;...;----;;
201650465;  Sivil Hava Ulaþtýrma Ýþletmeciliði (Ücretli);2;TYT;12;;;;;10, 18, 64;...;----;;
201650458;  Sivil Hava Ulaþtýrma Ýþletmeciliði (Burslu);2;TYT;4;;1;;1;10, 18, 21, 64;...;----;;
201650472;  Sivil Hava Ulaþtýrma Ýþletmeciliði (%50 Ýndirimli);2;TYT;13;;;;;10, 18, 21, 64;...;----;;
201650189;  Sivil Havacýlýk Kabin Hizmetleri (Ücretli);2;TYT;18;;;;;10, 18, 64;1364863;267.13196;;
201650190;  Sivil Havacýlýk Kabin Hizmetleri (Burslu);2;TYT;5;;1;;1;10, 18, 21, 64;371600;356.80605;;
201650191;  Sivil Havacýlýk Kabin Hizmetleri (%25 Ýndirimli);2;TYT;16;;;;;10, 18, 21, 64;1041029;288.30893;;
201650486;  Yapay Zeka Operatörlüðü (Ücretli);2;TYT;12;;;;;18, 64, 320;...;----;;
201650479;  Yapay Zeka Operatörlüðü (Burslu);2;TYT;4;;1;;1;18, 21, 64, 320;...;----;;
201650493;  Yapay Zeka Operatörlüðü (%50 Ýndirimli);2;TYT;13;;;;;18, 21, 64, 320;...;----;;
;IÞIK ÜNÝVERSÝTESÝ (ÝSTANBUL) (Vakýf Üniversitesi) ;;;;;;;;;;;;
;Meslek Yüksekokulu;;;;;;;;;;;;
202090319;  Ameliyathane Hizmetleri (Burslu);2;TYT;9;;1;;1;21, 64;702090;315.40716;;
202090320;  Ameliyathane Hizmetleri (%50 Ýndirimli);2;TYT;58;;;;;21, 64;1925833;234.66739;;
202090323;  Anestezi (Ücretli);2;TYT;31;;;;;64;2021555;229.49130;;
202090324;  Anestezi (Burslu);2;TYT;10;;2;;1;21, 64;485608;339.32802;;
202090325;  Anestezi (%50 Ýndirimli);2;TYT;37;;;;;21, 64;1010911;290.45351;;
202090241;  Bilgisayar Programcýlýðý (Ücretli);2;TYT;41;;;;;64;;;;
202090242;  Bilgisayar Programcýlýðý (Burslu);2;TYT;14;;2;;1;21, 64;374075;356.35464;;
202090243;  Bilgisayar Programcýlýðý (%50 Ýndirimli);2;TYT;48;;;;;21, 64;942454;295.46073;;
202090410;  Biliþim Güvenliði Teknolojisi (Ücretli);2;TYT;15;;;;;64;;;;
202090403;  Biliþim Güvenliði Teknolojisi (Burslu);2;TYT;8;;1;;1;21, 64;416326;349.34470;;
202090417;  Biliþim Güvenliði Teknolojisi (%50 Ýndirimli);2;TYT;32;;;;;21, 64;1277637;272.56127;;
202090382;  Dýþ Ticaret (Ücretli);2;TYT;5;;;;;64;2279842;215.44713;;
202090245;  Dýþ Ticaret (Burslu);2;TYT;10;;1;;1;21, 64;680840;317.41811;;
202090246;  Dýþ Ticaret (%50 Ýndirimli);2;TYT;53;;;;;21, 64;2110041;224.69473;;
202090431;  Fizyoterapi (Ücretli);2;TYT;20;;;;;64;...;----;;
202090424;  Fizyoterapi (Burslu);2;TYT;9;;1;;1;21, 64;...;----;;
202090438;  Fizyoterapi (%50 Ýndirimli);2;TYT;30;;;;;21, 64;...;----;;
202090247;  Grafik Tasarýmý (Ücretli);2;TYT;8;;;;;64;2428691;206.99067;;
202050083;  Grafik Tasarýmý (Burslu);2;TYT;10;;2;;1;21, 64;544268;331.91016;;
202050092;  Grafik Tasarýmý (%50 Ýndirimli);2;TYT;63;;;;;21, 64;1873591;237.54749;;
202090326;  Ýlk ve Acil Yardým (Ücretli);2;TYT;35;;;;;64;2471123;204.40254;;
202090327;  Ýlk ve Acil Yardým (Burslu);2;TYT;10;;2;;1;21, 64;575893;328.24547;;
202090328;  Ýlk ve Acil Yardým (%50 Ýndirimli);2;TYT;33;;;;;21, 64;1157196;280.38477;;
202090332;  Optisyenlik (Ücretli);2;TYT;9;;;;;64;2628911;193.17467;;
202090333;  Optisyenlik (Burslu);2;TYT;7;;1;;1;21, 64;618565;323.65808;;
202090334;  Optisyenlik (%50 Ýndirimli);2;TYT;37;;;;;21, 64;1949329;233.38934;;
202090338;  Týbbi Görüntüleme Teknikleri (Ücretli);2;TYT;9;;;;;64;2675386;188.54355;;
202090339;  Týbbi Görüntüleme Teknikleri (Burslu);2;TYT;10;;2;;1;21, 64;661799;319.27755;;
202090340;  Týbbi Görüntüleme Teknikleri (%50 Ýndirimli);2;TYT;59;;;;;21, 64;1852105;238.73634;;
202090344;  Týbbi Laboratuvar Teknikleri (Burslu);2;TYT;8;;1;;1;21, 64;674240;318.05503;;
202090345;  Týbbi Laboratuvar Teknikleri (%50 Ýndirimli);2;TYT;54;;;;;21, 64;2097478;225.37929;;
;ÝSTANBUL 29 MAYIS ÜNÝVERSÝTESÝ (Vakýf Üniversitesi) ;;;;;;;;;;;;
;Biliþim Teknolojileri Meslek Yüksekokulu;;;;;;;;;;;;
202210414;  Büyük Veri Analistliði (Burslu);2;TYT;7;;1;;1;18, 21, 64, 320;...;----;;
202210421;  Büyük Veri Analistliði (%50 Ýndirimli);2;TYT;42;;;;;18, 21, 64, 320;...;----;;
202210428;  Kurumsal Biliþim Uzmanlýðý (Burslu);2;TYT;7;;1;;1;18, 21, 64, 320;...;----;;
202210435;  Kurumsal Biliþim Uzmanlýðý (%50 Ýndirimli);2;TYT;42;;;;;18, 21, 64, 320;...;----;;
;ÝSTANBUL AREL ÜNÝVERSÝTESÝ (Vakýf Üniversitesi) ;;;;;;;;;;;;YÖKAK
;Meslek Yüksekokulu;;;;;;;;;;;;
202390229;  Aðýz ve Diþ Saðlýðý (Ücretli);2;TYT;8;;;;;18, 64;2269470;216.01340;;
202390210;  Aðýz ve Diþ Saðlýðý (Burslu);2;TYT;10;;1;;1;18, 21, 64;610168;324.50673;;
202390598;  Aðýz ve Diþ Saðlýðý (%25 Ýndirimli);2;TYT;56;;;;;18, 21, 64;2396379;208.88243;;
202352288;  Anestezi (Ücretli);2;TYT;48;;;;;18, 64;2149247;222.58100;;
202352297;  Anestezi (Burslu);2;TYT;10;;2;;1;18, 21, 64;452025;344.00047;;
202390605;  Anestezi (%25 Ýndirimli);2;TYT;20;;;;;18, 21, 64;1481352;260.02909;;
202351387;  Aþçýlýk (Burslu);2;TYT;4;;1;;1;18, 21, 64;627694;322.68803;;
202351996;  Aþçýlýk (%50 Ýndirimli);2;TYT;30;;;;;18, 21, 64;2415955;207.74601;;
202350405;  Bankacýlýk ve Sigortacýlýk (Burslu);2;TYT;7;;1;;1;18, 21, 64;730938;312.75037;;
202351563;  Bankacýlýk ve Sigortacýlýk (%50 Ýndirimli);2;TYT;42;;;;;18, 21, 64;2417385;207.66424;;
202390191;  Bilgisayar Destekli Tasarým ve Animasyon (Burslu);2;TYT;7;;1;;1;18, 21, 64;574204;328.43567;;
202390192;  Bilgisayar Destekli Tasarým ve Animasyon (%50 Ýndirimli);2;TYT;42;;;;;18, 21, 64;;;;
202390231;  Bilgisayar Programcýlýðý (Ücretli);2;TYT;30;;;;;18, 64;2569553;197.88483;;
202351263;  Bilgisayar Programcýlýðý (Burslu);2;TYT;15;;2;;1;18, 21, 64;386680;354.17899;;
202390290;  Bilgisayar Programcýlýðý (%25 Ýndirimli);2;TYT;64;;;;;18, 21, 64;2265735;216.21914;;
202391116;  Biyomedikal Cihaz Teknolojisi (Burslu);2;TYT;4;;1;;1;18, 21, 64;...;----;;
202391123;  Biyomedikal Cihaz Teknolojisi (%50 Ýndirimli);2;TYT;30;;;;;18, 21, 64;...;----;;
202391130;  Cnc Programlama ve Operatörlüðü (Burslu);2;TYT;7;;1;;1;18, 21, 64;...;----;;
202391137;  Cnc Programlama ve Operatörlüðü (%50 Ýndirimli);2;TYT;42;;;;;18, 21, 64;...;----;;
202390304;  Çocuk Geliþimi (Ücretli);2;TYT;2;;;;;18, 64;2526678;200.85203;;
202350044;  Çocuk Geliþimi (Burslu);2;TYT;7;;1;;1;18, 21, 64;767110;309.53328;;
202351642;  Çocuk Geliþimi (%50 Ýndirimli);2;TYT;40;;;;;18, 21, 64;2643816;191.83604;;
202390332;  Dýþ Ticaret (Ücretli);2;TYT;5;;;;;18, 64;2604624;195.21650;;
202350989;  Dýþ Ticaret (Burslu);2;TYT;7;;1;;1;18, 21, 64;720116;313.74925;;
202351669;  Dýþ Ticaret (%50 Ýndirimli);2;TYT;37;;;;;18, 21, 64;2669431;189.21969;;
202390339;  Diþ Protez Teknolojisi (Ücretli);2;TYT;19;;;;;18, 64;2030773;228.98062;;
202390212;  Diþ Protez Teknolojisi (Burslu);2;TYT;10;;1;;1;18, 21, 64;507217;336.49520;;
202390346;  Diþ Protez Teknolojisi (%25 Ýndirimli);2;TYT;40;;;;;18, 21, 64;1810150;241.07380;;
202391144;  Eczane Hizmetleri (Burslu);2;TYT;5;;1;;1;18, 21, 64;...;----;;
202391151;  Eczane Hizmetleri (%50 Ýndirimli);2;TYT;34;;;;;18, 21, 64;...;----;;
202391158;  Elektrik Enerjisi Üretim, Ýletim ve Daðýtýmý (Burslu);2;TYT;7;;1;;1;18, 21, 64;...;----;;
202391165;  Elektrik Enerjisi Üretim, Ýletim ve Daðýtýmý (%50 Ýndirimli);2;TYT;42;;;;;18, 21, 64;...;----;;
202351466;  Elektronik Teknolojisi (Burslu);2;TYT;6;;1;;1;18, 21, 64;774579;308.89578;;
202352022;  Elektronik Teknolojisi (%50 Ýndirimli);2;TYT;38;;;;;18, 21, 64;;;;
202390353;  Fizyoterapi (Ücretli);2;TYT;15;;;;;18, 64;2754879;156.71450;;
202352358;  Fizyoterapi (Burslu);2;TYT;10;;2;;1;18, 21, 64;657623;319.68409;;
202390360;  Fizyoterapi (%25 Ýndirimli);2;TYT;53;;;;;18, 21, 64;2727048;180.17853;;
202390381;  Grafik Tasarýmý (Ücretli);2;TYT;5;;;;;18, 64;2547519;199.45772;;
202350062;  Grafik Tasarýmý (Burslu);2;TYT;12;;2;;1;18, 21, 64;633628;322.08154;;
202351703;  Grafik Tasarýmý (%50 Ýndirimli);2;TYT;71;;;;;18, 21, 64;;;;
202352737;  Ýlk ve Acil Yardým (Ücretli);2;TYT;47;;;;;18, 64;2221857;218.62277;;
202352746;  Ýlk ve Acil Yardým (Burslu);2;TYT;10;;2;;1;18, 21, 64;534516;333.07028;;
202390409;  Ýlk ve Acil Yardým (%25 Ýndirimli);2;TYT;21;;;;;18, 21, 64;1543625;256.35008;;
202391172;  Ýmalat Yürütme Sistemleri Operatörlüðü (Burslu);2;TYT;4;;1;;1;18, 21, 64, 320;...;----;;
202391179;  Ýmalat Yürütme Sistemleri Operatörlüðü (%50 Ýndirimli);2;TYT;25;;;;;18, 21, 64, 320;...;----;;
202351148;  Ýnsan Kaynaklarý Yönetimi (Burslu);2;TYT;5;;1;;1;18, 21, 64;764516;309.75950;;
202351748;  Ýnsan Kaynaklarý Yönetimi (%50 Ýndirimli);2;TYT;34;;;;;18, 21, 64;2579525;197.14159;;
202352419;  Ýþ Saðlýðý ve Güvenliði (Burslu);2;TYT;5;;1;;1;18, 21, 64;831673;304.08093;;
202352428;  Ýþ Saðlýðý ve Güvenliði (%50 Ýndirimli);2;TYT;34;;;;;18, 21, 64;2552651;199.09678;;
202351103;  Ýþletme Yönetimi (Burslu);2;TYT;5;;1;;1;18, 21, 64;759879;310.15527;;
202351775;  Ýþletme Yönetimi (%50 Ýndirimli);2;TYT;34;;;;;18, 21, 64;2630746;193.02286;;
202391186;  Karbon Yönetimi Teknikerliði (Burslu);2;TYT;4;;1;;1;18, 21, 64;...;----;;
202391193;  Karbon Yönetimi Teknikerliði (%50 Ýndirimli);2;TYT;30;;;;;18, 21, 64;...;----;;
202391032;  Kurumsal Biliþim Uzmanlýðý (Burslu);2;TYT;4;;1;;1;18, 21, 64, 320;...;----;;
202391039;  Kurumsal Biliþim Uzmanlýðý (%50 Ýndirimli);2;TYT;25;;;;;18, 21, 64, 320;...;----;;
202351184;  Lojistik (Burslu);2;TYT;7;;1;;1;18, 21, 64;745882;311.40013;;
202351809;  Lojistik (%50 Ýndirimli);2;TYT;42;;;;;18, 21, 64;2549348;199.32878;;
202390808;  Mahkeme Büro Hizmetleri (Ücretli);2;TYT;5;;;;;18, 64;;;;
202390801;  Mahkeme Büro Hizmetleri (Burslu);2;TYT;5;;1;;1;18, 21, 64;784111;308.06433;;
202390815;  Mahkeme Büro Hizmetleri (%50 Ýndirimli);2;TYT;29;;;;;18, 21, 64;2565880;198.15484;;
202390423;  Mekatronik (Ücretli);2;TYT;2;;;;;18, 64;2520948;201.23441;;
202390193;  Mekatronik (Burslu);2;TYT;8;;1;;1;18, 21, 64;609749;324.55382;;
202390194;  Mekatronik (%50 Ýndirimli);2;TYT;49;;;;;18, 21, 64;;;;
202352807;  Mimari Restorasyon (Burslu);2;TYT;4;;1;;1;18, 21, 64;694816;316.09185;;
202352816;  Mimari Restorasyon (%50 Ýndirimli);2;TYT;30;;;;;18, 21, 64;2745992;172.91609;;
202350944;  Moda Tasarýmý (Burslu);2;TYT;4;;1;;1;18, 21, 64;638791;321.56164;;
202351827;  Moda Tasarýmý (%50 Ýndirimli);2;TYT;25;;;;;18, 21, 64;2524390;201.00479;;
202351069;  Muhasebe ve Vergi Uygulamalarý (Burslu);2;TYT;7;;1;;1;18, 21, 64;774920;308.86783;;
202351845;  Muhasebe ve Vergi Uygulamalarý (%50 Ýndirimli);2;TYT;42;;;;;18, 21, 64;2509075;202.00652;;
202390451;  Optisyenlik (Ücretli);2;TYT;10;;;;;18, 64;2711374;183.47892;;
202352685;  Optisyenlik (Burslu);2;TYT;10;;1;;1;18, 21, 64;704896;315.14555;;
202390458;  Optisyenlik (%25 Ýndirimli);2;TYT;54;;;;;18, 21, 64;2727691;180.01129;;
202391046;  Oyun Geliþtirme ve Programlama (Burslu);2;TYT;4;;1;;1;18, 21, 64, 320;...;----;;
202391053;  Oyun Geliþtirme ve Programlama (%50 Ýndirimli);2;TYT;25;;;;;18, 21, 64, 320;...;----;;
202352234;  Sivil Hava Ulaþtýrma Ýþletmeciliði (Burslu);2;TYT;7;;1;;1;10, 18, 21, 64;625427;322.92370;;
202352261;  Sivil Hava Ulaþtýrma Ýþletmeciliði (%50 Ýndirimli);2;TYT;42;;;;;10, 18, 21, 64;2283739;215.23098;;
202390479;  Sivil Havacýlýk Kabin Hizmetleri (Ücretli);2;TYT;16;;;;;10, 18, 64;2398442;208.76060;;
202352834;  Sivil Havacýlýk Kabin Hizmetleri (Burslu);2;TYT;14;;2;;1;10, 18, 21, 64;570980;328.80499;;
202352843;  Sivil Havacýlýk Kabin Hizmetleri (%50 Ýndirimli);2;TYT;68;;;;;10, 18, 21, 64;1759489;243.92291;;
202391060;  Su ve Atýk Yönetimi Teknikerliði (Burslu);2;TYT;4;;1;;1;18, 21, 64;...;----;;
202391067;  Su ve Atýk Yönetimi Teknikerliði (%50 Ýndirimli);2;TYT;30;;;;;18, 21, 64;...;----;;
202390507;  Týbbi Dokümantasyon ve Sekreterlik (Ücretli);2;TYT;8;;;;;18, 64;2356652;211.17593;;
202352897;  Týbbi Dokümantasyon ve Sekreterlik (Burslu);2;TYT;7;;1;;1;18, 21, 64;609176;324.61127;;
202352904;  Týbbi Dokümantasyon ve Sekreterlik (%50 Ýndirimli);2;TYT;39;;;;;18, 21, 64;1820659;240.49028;;
202390521;  Týbbi Görüntüleme Teknikleri (Ücretli);2;TYT;6;;;;;18, 64;2624014;193.61249;;
202352507;  Týbbi Görüntüleme Teknikleri (Burslu);2;TYT;10;;2;;1;18, 21, 64;587203;326.99800;;
202352516;  Týbbi Görüntüleme Teknikleri (%50 Ýndirimli);2;TYT;62;;;;;18, 21, 64;2414258;207.84685;;
202390549;  Týbbi Laboratuvar Teknikleri (Ücretli);2;TYT;7;;;;;18, 64;2701136;185.17143;;
202352561;  Týbbi Laboratuvar Teknikleri (Burslu);2;TYT;10;;1;;1;18, 21, 64;657310;319.71601;;
202352579;  Týbbi Laboratuvar Teknikleri (%50 Ýndirimli);2;TYT;52;;;;;18, 21, 64;2616467;194.23674;;
202391074;  Týbbi Veri Ýþleme Teknikerliði (Burslu);2;TYT;4;;1;;1;18, 21, 64;...;----;;
202391081;  Týbbi Veri Ýþleme Teknikerliði (%50 Ýndirimli);2;TYT;25;;;;;18, 21, 64;...;----;;
202353056;  Turist Rehberliði (Burslu);2;TYT;4;;1;;1;18, 21, 64;502497;337.10385;;
202353065;  Turist Rehberliði (%50 Ýndirimli);2;TYT;25;;;;;18, 21, 64;;;;
202352613;  Uçak Teknolojisi (Ücretli);2;TYT;18;;;;;10, 18, 64;2046684;228.11755;;
202352622;  Uçak Teknolojisi (Burslu);2;TYT;13;;2;;1;10, 18, 21, 64;377922;355.67602;;
202390577;  Uçak Teknolojisi (%25 Ýndirimli);2;TYT;64;;;;;10, 18, 21, 64;1842538;239.27183;;
202391088;  Yapý Tesisat Teknolojisi (Burslu);2;TYT;7;;1;;1;18, 21, 64;...;----;;
202391095;  Yapý Tesisat Teknolojisi (%50 Ýndirimli);2;TYT;42;;;;;18, 21, 64;...;----;;
202391102;  Yaþlý Bakýmý (Burslu);2;TYT;4;;1;;1;18, 21, 64;...;----;;
202391109;  Yaþlý Bakýmý (%50 Ýndirimli);2;TYT;30;;;;;18, 21, 64;...;----;;
;ÝSTANBUL ATLAS ÜNÝVERSÝTESÝ (Vakýf Üniversitesi) ;;;;;;;;;;;;
;Meslek Yüksekokulu;;;;;;;;;;;;
209310012;  Aðýz ve Diþ Saðlýðý (Burslu);2;TYT;6;;1;;1;21, 64;541294;332.26484;;
209310014;  Aðýz ve Diþ Saðlýðý (%50 Ýndirimli);2;TYT;42;;;;;21, 64;1676578;248.62425;;
209310013;  Ameliyathane Hizmetleri (Burslu);2;TYT;9;;1;;1;21, 64;664238;319.03559;;
209310015;  Ameliyathane Hizmetleri (%50 Ýndirimli);2;TYT;59;;;;;21, 64;2271417;215.90778;;
209310031;  Anestezi (Burslu);2;TYT;9;;1;;1;21, 64;414484;349.63774;;
209310032;  Anestezi (%50 Ýndirimli);2;TYT;59;;;;;21, 64;1190389;278.19390;;
209310096;  Bilgisayar Programcýlýðý (Burslu);2;TYT;8;;1;;1;21, 64;326052;365.40614;;
209310103;  Bilgisayar Programcýlýðý (%50 Ýndirimli);2;TYT;51;;;;;21, 64;1118141;282.99950;;
209310082;  Biliþim Güvenliði Teknolojisi (Burslu);2;TYT;6;;1;;1;21, 64;416008;349.39470;;
209310089;  Biliþim Güvenliði Teknolojisi (%50 Ýndirimli);2;TYT;42;;;;;21, 64;2039773;228.49507;;
209310264;  Çevre Saðlýðý ve Çevresel Risk Yönetimi Teknikerliði (Burslu);2;TYT;5;;1;;1;21, 64;...;----;;
209310271;  Çevre Saðlýðý ve Çevresel Risk Yönetimi Teknikerliði (%50 Ýndirimli);2;TYT;34;;;;;21, 64;...;----;;
209310016;  Diþ Protez Teknolojisi (Burslu);2;TYT;5;;1;;1;21, 64;447657;344.62930;;
209310017;  Diþ Protez Teknolojisi (%50 Ýndirimli);2;TYT;35;;;;;21, 64;1127924;282.34447;;
209310020;  Diyaliz (Burslu);2;TYT;4;;1;;1;21, 64;716508;314.07604;;
209310021;  Diyaliz (%50 Ýndirimli);2;TYT;31;;;;;21, 64;2538077;200.08950;;
209310278;  E-Ticaret ve Pazarlama (Burslu);2;TYT;5;;1;;1;21, 64;...;----;;
209310285;  E-Ticaret ve Pazarlama (%50 Ýndirimli);2;TYT;34;;;;;21, 64;...;----;;
209310022;  Fizyoterapi (Burslu);2;TYT;8;;1;;1;21, 64;597559;325.87039;;
209310023;  Fizyoterapi (%50 Ýndirimli);2;TYT;54;;;;;21, 64;2184018;220.68655;;
209310292;  Grafik Tasarýmý (Burslu);2;TYT;5;;1;;1;21, 64;...;----;;
209310299;  Grafik Tasarýmý (%50 Ýndirimli);2;TYT;34;;;;;21, 64;...;----;;
209310194;  Ýç Mekan Tasarýmý (Burslu);2;TYT;5;;1;;1;21, 64;561470;329.90827;;
209310201;  Ýç Mekan Tasarýmý (%50 Ýndirimli);2;TYT;34;;;;;21, 64;2115888;224.37817;;
209310035;  Ýlk ve Acil Yardým (Burslu);2;TYT;9;;1;;1;21, 64;533264;333.22489;;
209310036;  Ýlk ve Acil Yardým (%50 Ýndirimli);2;TYT;58;;;;;21, 64;1372312;266.65433;;
209310306;  Lojistik (Burslu);2;TYT;5;;1;;1;21, 64;...;----;;
209310313;  Lojistik (%50 Ýndirimli);2;TYT;34;;;;;21, 64;...;----;;
209310029;  Optisyenlik (Burslu);2;TYT;3;;1;;1;21, 64;282799;374.68546;;
209310030;  Optisyenlik (%50 Ýndirimli);2;TYT;25;;;;;21, 64;2254533;216.83114;;
209310320;  Tele-Saðlýk Teknikerliði (Burslu);2;TYT;5;;1;;1;21, 64;...;----;;
209310327;  Tele-Saðlýk Teknikerliði (%50 Ýndirimli);2;TYT;34;;;;;21, 64;...;----;;
209310018;  Týbbi Görüntüleme Teknikleri (Burslu);2;TYT;10;;1;;1;21, 64;559508;330.12295;;
209310019;  Týbbi Görüntüleme Teknikleri (%50 Ýndirimli);2;TYT;63;;;;;21, 64;1919000;235.04105;;
209310074;  Týbbi Laboratuvar Teknikleri (Burslu);2;TYT;8;;1;;1;21, 64;591735;326.50170;;
209310075;  Týbbi Laboratuvar Teknikleri (%50 Ýndirimli);2;TYT;49;;;;;21, 64;2169175;221.49952;;
209310334;  Týbbi Tanýtým ve Pazarlama (Burslu);2;TYT;5;;1;;1;21, 64;...;----;;
209310341;  Týbbi Tanýtým ve Pazarlama (%50 Ýndirimli);2;TYT;34;;;;;21, 64;...;----;;
209310348;  Yaþlý Bakýmý (Burslu);2;TYT;5;;1;;1;21, 64;...;----;;
209310355;  Yaþlý Bakýmý (%50 Ýndirimli);2;TYT;34;;;;;21, 64;...;----;;
209310362;  Yeþil ve Ekolojik Bina Teknikerliði (Burslu);2;TYT;5;;1;;1;21, 64;...;----;;
209310369;  Yeþil ve Ekolojik Bina Teknikerliði (%50 Ýndirimli);2;TYT;34;;;;;21, 64;...;----;;
;ÝSTANBUL AYDIN ÜNÝVERSÝTESÝ (Vakýf Üniversitesi) ;;;;;;;;;;;;YÖKAK
;Anadolu Bil Meslek Yüksekokulu;;;;;;;;;;;;
202457205;  Aþçýlýk (Burslu);2;TYT;16;;2;;1;18, 21, 64;561331;329.92352;;
202457214;  Aþçýlýk (%50 Ýndirimli);2;TYT;104;;;;;18, 21, 64;1674072;248.77030;;
202450025;  Bankacýlýk ve Sigortacýlýk (Burslu);2;TYT;16;;2;;1;18, 21, 64;671364;318.33758;;
202452057;  Bankacýlýk ve Sigortacýlýk (%50 Ýndirimli);2;TYT;104;;;;;18, 21, 64;2009036;230.15840;;
202490919;  Bilgisayar Destekli Tasarým ve Animasyon (Burslu);2;TYT;7;;1;;1;18, 21, 64;...;----;;
202490926;  Bilgisayar Destekli Tasarým ve Animasyon (%50 Ýndirimli);2;TYT;42;;;;;18, 21, 64;...;----;;
202452587;  Bilgisayar Programcýlýðý (Burslu);2;TYT;16;;2;;1;18, 21, 64;273522;376.89381;;
202452066;  Bilgisayar Programcýlýðý (%50 Ýndirimli);2;TYT;104;;;;;18, 21, 64;968540;293.51526;;
202451817;  Bilgisayar Programcýlýðý (Uzaktan Öðretim) (Ücretli);2;TYT;140;;;;;7, 8, 18, 64;2264545;216.28495;;
202452648;  Bilgisayar Programcýlýðý (Uzaktan Öðretim) (Burslu);2;TYT;22;;3;;1;7, 8, 18, 21, 64;194843;398.91639;;
202452039;  Bilgisayar Programcýlýðý (Ýngilizce) (Burslu);2;TYT;16;;2;;1;18, 21, 22, 23, 24, 64;252225;382.15614;;
202452621;  Bilgisayar Programcýlýðý (Ýngilizce) (%50 Ýndirimli);2;TYT;104;;;;;18, 21, 22, 23, 24, 64;1707152;246.88101;;
202454071;  Biyomedikal Cihaz Teknolojisi (Burslu);2;TYT;11;;2;;1;18, 21, 64;777417;308.65035;;
202490638;  Biyomedikal Cihaz Teknolojisi (%50 Ýndirimli);2;TYT;76;;;;;18, 21, 64;2694140;186.16398;;
202450149;  Çocuk Geliþimi (Burslu);2;TYT;11;;2;;1;18, 21, 64;678094;317.68543;;
202452075;  Çocuk Geliþimi (%50 Ýndirimli);2;TYT;76;;;;;18, 21, 64;2072626;226.71515;;
202452754;  Dýþ Ticaret (Burslu);2;TYT;16;;2;;1;18, 21, 64;588753;326.82967;;
202452084;  Dýþ Ticaret (%50 Ýndirimli);2;TYT;104;;;;;18, 21, 64;1620478;251.85792;;
202452781;  Dýþ Ticaret (Ýngilizce) (Burslu);2;TYT;16;;2;;1;18, 21, 22, 23, 24, 64;439928;345.74745;;
202452799;  Dýþ Ticaret (Ýngilizce) (%50 Ýndirimli);2;TYT;104;;;;;18, 21, 22, 23, 24, 64;;;;
202454159;  Elektrik (Burslu);2;TYT;15;;2;;1;18, 21, 64;591074;326.57347;;
202490640;  Elektrik (%50 Ýndirimli);2;TYT;93;;;;;18, 21, 64;1652745;249.99463;;
202454477;  Elektronik Teknolojisi (Burslu);2;TYT;14;;2;;1;18, 21, 64;578394;327.97056;;
202490642;  Elektronik Teknolojisi (%50 Ýndirimli);2;TYT;93;;;;;18, 21, 64;2068365;226.94436;;
202450246;  Gýda Teknolojisi (Burslu);2;TYT;10;;2;;1;18, 21, 64;718594;313.89281;;
202490646;  Gýda Teknolojisi (%50 Ýndirimli);2;TYT;70;;;;;18, 21, 64;;;;
202450282;  Grafik Tasarýmý (Burslu);2;TYT;16;;2;;1;18, 21, 64;457328;343.22283;;
202452118;  Grafik Tasarýmý (%50 Ýndirimli);2;TYT;104;;;;;18, 21, 64;1434655;262.83589;;
202452912;  Halkla Ýliþkiler ve Tanýtým (Burslu);2;TYT;12;;2;;1;18, 21, 64;687661;316.75905;;
202451447;  Halkla Ýliþkiler ve Tanýtým (%50 Ýndirimli);2;TYT;82;;;;;18, 21, 64;2533992;200.37243;;
202490933;  Hava Lojistiði (Burslu);2;TYT;7;;1;;1;10, 18, 21, 64;...;----;;
202490940;  Hava Lojistiði (%50 Ýndirimli);2;TYT;42;;;;;10, 18, 21, 64;...;----;;
202452957;  Ýnsan Kaynaklarý Yönetimi (Burslu);2;TYT;11;;2;;1;18, 21, 64;631646;322.28583;;
202451668;  Ýnsan Kaynaklarý Yönetimi (%50 Ýndirimli);2;TYT;76;;;;;18, 21, 64;2110774;224.65555;;
202490947;  Ýnsansýz Hava Aracý Teknolojisi ve Operatörlüðü (Burslu);2;TYT;7;;1;;1;18, 21, 64;...;----;;
202490954;  Ýnsansýz Hava Aracý Teknolojisi ve Operatörlüðü (%50 Ýndirimli);2;TYT;42;;;;;18, 21, 64;...;----;;
202454238;  Ýnþaat Teknolojisi (Burslu);2;TYT;16;;2;;1;18, 21, 64;596911;325.94252;;
202454247;  Ýnþaat Teknolojisi (%50 Ýndirimli);2;TYT;104;;;;;18, 21, 64;2047460;228.07468;;
202490744;  Ýnternet ve Að Teknolojileri (Ýngilizce) (Burslu);2;TYT;8;;1;;1;18, 21, 22, 23, 24, 64;438090;346.02361;;
202490751;  Ýnternet ve Að Teknolojileri (Ýngilizce) (%50 Ýndirimli);2;TYT;53;;;;;18, 21, 22, 23, 24, 64;2431246;206.83984;;
202450925;  Ýþ Saðlýðý ve Güvenliði (Burslu);2;TYT;10;;2;;1;18, 21, 64;768979;309.37973;;
202453452;  Ýþ Saðlýðý ve Güvenliði (%50 Ýndirimli);2;TYT;70;;;;;18, 21, 64;2295422;214.58636;;
202453019;  Ýþletme Yönetimi (Burslu);2;TYT;16;;2;;1;18, 21, 64;576453;328.18498;;
202490650;  Ýþletme Yönetimi (%50 Ýndirimli);2;TYT;104;;;;;18, 21, 64;2034868;228.75508;;
202453055;  Ýþletme Yönetimi (Ýngilizce) (Burslu);2;TYT;13;;2;;1;18, 21, 22, 23, 24, 64;475189;340.73875;;
202490651;  Ýþletme Yönetimi (Ýngilizce) (%50 Ýndirimli);2;TYT;87;;;;;18, 21, 22, 23, 24, 64;;;;
202450546;  Kuyumculuk ve Taký Tasarýmý (Burslu);2;TYT;9;;2;;1;18, 21, 64;537385;332.72291;;
202452136;  Kuyumculuk ve Taký Tasarýmý (%50 Ýndirimli);2;TYT;65;;;;;18, 21, 64;2115631;224.39180;;
202453116;  Lojistik (Burslu);2;TYT;14;;2;;1;18, 21, 64;595995;326.04305;;
202451702;  Lojistik (%50 Ýndirimli);2;TYT;93;;;;;18, 21, 64;1659671;249.60100;;
202490758;  Mahkeme Büro Hizmetleri (Burslu);2;TYT;10;;2;;1;18, 21, 64;718567;313.89559;;
202490765;  Mahkeme Büro Hizmetleri (%50 Ýndirimli);2;TYT;68;;;;;18, 21, 64;2379418;209.87506;;
202454317;  Makine (Burslu);2;TYT;13;;2;;1;18, 21, 64;510765;336.03511;;
202490653;  Makine (%50 Ýndirimli);2;TYT;86;;;;;18, 21, 64;1673792;248.78498;;
202453134;  Mimari Restorasyon (Burslu);2;TYT;12;;2;;1;18, 21, 64;588074;326.90528;;
202451483;  Mimari Restorasyon (%50 Ýndirimli);2;TYT;82;;;;;18, 21, 64;2557924;198.72649;;
202451923;  Moda Tasarýmý (Burslu);2;TYT;13;;2;;1;18, 21, 64;582363;327.52954;;
202452172;  Moda Tasarýmý (%50 Ýndirimli);2;TYT;86;;;;;18, 21, 64;1618288;251.98489;;
202453179;  Muhasebe ve Vergi Uygulamalarý (Burslu);2;TYT;12;;2;;1;18, 21, 64;686587;316.86077;;
202451526;  Muhasebe ve Vergi Uygulamalarý (%50 Ýndirimli);2;TYT;82;;;;;18, 21, 64;1942304;233.77305;;
202453213;  Otomotiv Teknolojisi (Burslu);2;TYT;13;;2;;1;18, 21, 64;593079;326.35963;;
202490655;  Otomotiv Teknolojisi (%50 Ýndirimli);2;TYT;86;;;;;18, 21, 64;1562870;255.22300;;
202450643;  Pazarlama (Burslu);2;TYT;11;;2;;1;18, 21, 64;712645;314.43352;;
202490657;  Pazarlama (%50 Ýndirimli);2;TYT;76;;;;;18, 21, 64;2322752;213.06606;;
202453319;  Saç Bakýmý ve Güzellik Hizmetleri (Burslu);2;TYT;13;;2;;1;18, 21, 64;731136;312.73201;;
202451765;  Saç Bakýmý ve Güzellik Hizmetleri (%50 Ýndirimli);2;TYT;86;;;;;18, 21, 64;2123081;223.98793;;
202490961;  Siber Güvenlik (Burslu);2;TYT;7;;1;;1;18, 21, 64;...;----;;
202490968;  Siber Güvenlik (%50 Ýndirimli);2;TYT;42;;;;;18, 21, 64;...;----;;
202457435;  Sivil Hava Ulaþtýrma Ýþletmeciliði (Burslu);2;TYT;16;;2;;1;10, 18, 21, 64;552026;330.99627;;
202457444;  Sivil Hava Ulaþtýrma Ýþletmeciliði (%50 Ýndirimli);2;TYT;104;;;;;10, 18, 21, 64;1423911;263.48849;;
202457365;  Sivil Hava Ulaþtýrma Ýþletmeciliði (Ýngilizce) (Burslu);2;TYT;16;;2;;1;10, 18, 21, 22, 23, 24, 64;481628;339.86160;;
202457374;  Sivil Hava Ulaþtýrma Ýþletmeciliði (Ýngilizce) (%50 Ýndirimli);2;TYT;104;;;;;10, 18, 21, 22, 23, 24, 64;1828934;240.02754;;
202456067;  Sivil Havacýlýk Kabin Hizmetleri (Burslu);2;TYT;16;;2;;1;10, 18, 21, 64;448668;344.48870;;
202456085;  Sivil Havacýlýk Kabin Hizmetleri (%50 Ýndirimli);2;TYT;104;;;;;10, 18, 21, 64;963092;293.92811;;
202450749;  Turist Rehberliði (Ýngilizce) (Burslu);2;TYT;11;;2;;1;18, 21, 22, 23, 24, 64;470953;341.32059;;
202452269;  Turist Rehberliði (Ýngilizce) (%50 Ýndirimli);2;TYT;76;;;;;18, 21, 22, 23, 24, 64;2630525;193.04255;;
202450785;  Turizm ve Otel Ýþletmeciliði (Burslu);2;TYT;9;;2;;1;18, 21, 64;650595;320.38718;;
202452409;  Turizm ve Otel Ýþletmeciliði (%50 Ýndirimli);2;TYT;65;;;;;18, 21, 64;1857387;238.44631;;
202456013;  Uçak Teknolojisi (Burslu);2;TYT;16;;2;;1;10, 18, 21, 64;304123;369.98016;;
202490695;  Uçak Teknolojisi (%50 Ýndirimli);2;TYT;104;;;;;10, 18, 21, 64;884034;299.88719;;
202490975;  Uçuþ Harekat Yöneticiliði (Burslu);2;TYT;7;;1;;1;10, 18, 21, 64;...;----;;
202490982;  Uçuþ Harekat Yöneticiliði (%50 Ýndirimli);2;TYT;42;;;;;10, 18, 21, 64;...;----;;
;Saðlýk Hizmetleri Meslek Yüksekokulu;;;;;;;;;;;;
202454944;  Aðýz ve Diþ Saðlýðý (Burslu);2;TYT;10;;2;;1;18, 21, 64;522400;334.55108;;
202454971;  Aðýz ve Diþ Saðlýðý (%25 Ýndirimli);2;TYT;68;;;;;18, 21, 64;1639345;250.76519;;
202456525;  Ameliyathane Hizmetleri (Ücretli);2;TYT;15;;;;;18, 64;2179535;220.93544;;
202456534;  Ameliyathane Hizmetleri (Burslu);2;TYT;10;;2;;1;18, 21, 64;638561;321.58797;;
202456543;  Ameliyathane Hizmetleri (%50 Ýndirimli);2;TYT;53;;;;;18, 21, 64;1749094;244.50260;;
202455033;  Anestezi (Ücretli);2;TYT;68;;;;;18, 64;1174971;279.19556;;
202455042;  Anestezi (Burslu);2;TYT;10;;2;;1;18, 21, 64;353478;360.07071;;
202455148;  Diþ Protez Teknolojisi (Burslu);2;TYT;10;;2;;1;18, 21, 64;416904;349.24940;;
202455166;  Diþ Protez Teknolojisi (%50 Ýndirimli);2;TYT;68;;;;;18, 21, 64;1082016;285.45008;;
202456613;  Diyaliz (Burslu);2;TYT;10;;2;;1;18, 21, 64;697256;315.85781;;
202456622;  Diyaliz (%50 Ýndirimli);2;TYT;68;;;;;18, 21, 64;;;;
202457532;  Eczane Hizmetleri (Burslu);2;TYT;10;;2;;1;18, 21, 64;627845;322.67205;;
202490664;  Eczane Hizmetleri (%50 Ýndirimli);2;TYT;68;;;;;18, 21, 64;2145436;222.78315;;
202456694;  Elektronörofizyoloji (Burslu);2;TYT;10;;2;;1;18, 21, 64;808377;306.01334;;
202490665;  Elektronörofizyoloji (%50 Ýndirimli);2;TYT;68;;;;;18, 21, 64;;;;
202455236;  Fizyoterapi (Ücretli);2;TYT;68;;;;;18, 64;2489613;203.25161;;
202455245;  Fizyoterapi (Burslu);2;TYT;10;;2;;1;18, 21, 64;554693;330.68899;;
202456101;  Ýlk ve Acil Yardým (Ücretli);2;TYT;68;;;;;18, 64;1417324;263.89264;;
202456119;  Ýlk ve Acil Yardým (Burslu);2;TYT;10;;2;;1;18, 21, 64;442024;345.44202;;
202456949;  Odyometri (Burslu);2;TYT;10;;2;;1;18, 21, 64;708770;314.79207;;
202456967;  Odyometri (%50 Ýndirimli);2;TYT;68;;;;;18, 21, 64;2596323;195.87559;;
202456367;  Optisyenlik (Burslu);2;TYT;10;;2;;1;18, 21, 64;618395;323.67536;;
202456385;  Optisyenlik (%50 Ýndirimli);2;TYT;68;;;;;18, 21, 64;2155920;222.21689;;
202456216;  Ortopedik Protez ve Ortez (Burslu);2;TYT;10;;2;;1;18, 21, 64;805109;306.28342;;
202456234;  Ortopedik Protez ve Ortez (%50 Ýndirimli);2;TYT;68;;;;;18, 21, 64;;;;
202456746;  Patoloji Laboratuvar Teknikleri (Burslu);2;TYT;10;;2;;1;18, 21, 64;679032;317.59548;;
202456764;  Patoloji Laboratuvar Teknikleri (%50 Ýndirimli);2;TYT;68;;;;;18, 21, 64;;;;
202455448;  Radyoterapi (Burslu);2;TYT;10;;2;;1;18, 21, 64;715675;314.15251;;
202455466;  Radyoterapi (%50 Ýndirimli);2;TYT;68;;;;;18, 21, 64;2602202;195.41131;;
202457286;  Sosyal Hizmetler (Burslu);2;TYT;10;;2;;1;18, 21, 64;790454;307.52914;;
202457295;  Sosyal Hizmetler (%50 Ýndirimli);2;TYT;68;;;;;18, 21, 64;2736416;177.35621;;
202457092;  Týbbi Dokümantasyon ve Sekreterlik (Burslu);2;TYT;10;;2;;1;18, 21, 64;535515;332.95468;;
202457108;  Týbbi Dokümantasyon ve Sekreterlik (%50 Ýndirimli);2;TYT;68;;;;;18, 21, 64;1494286;259.25822;;
202455545;  Týbbi Görüntüleme Teknikleri (Burslu);2;TYT;10;;2;;1;18, 21, 64;485672;339.31898;;
202455563;  Týbbi Görüntüleme Teknikleri (%50 Ýndirimli);2;TYT;68;;;;;18, 21, 64;1364059;267.18412;;
202455642;  Týbbi Laboratuvar Teknikleri (Burslu);2;TYT;10;;2;;1;18, 21, 64;530805;333.50585;;
202455669;  Týbbi Laboratuvar Teknikleri (%50 Ýndirimli);2;TYT;68;;;;;18, 21, 64;1586367;253.85123;;
;ÝSTANBUL BEYKENT ÜNÝVERSÝTESÝ (Vakýf Üniversitesi) ;;;;;;;;;;;;YÖKAK
;Meslek Yüksekokulu;;;;;;;;;;;;
210300115;  Aðýz ve Diþ Saðlýðý (Burslu);2;TYT;10;;2;;1;18, 21, 64;554915;330.66469;;
210300122;  Aðýz ve Diþ Saðlýðý (%50 Ýndirimli);2;TYT;67;;;;;18, 21, 64;2060568;227.36185;;
210300143;  Ameliyathane Hizmetleri (Burslu);2;TYT;10;;2;;1;18, 21, 64;657152;319.73018;;
210300150;  Ameliyathane Hizmetleri (%50 Ýndirimli);2;TYT;67;;;;;18, 21, 64;2436129;206.54831;;
210300171;  Anestezi (Burslu);2;TYT;10;;2;;1;18, 21, 64;371239;356.86648;;
210302075;  Anestezi (%50 Ýndirimli);2;TYT;67;;;;;18, 21, 64;1349009;268.11531;;
210300206;  Aþçýlýk (Burslu);2;TYT;7;;1;;1;18, 21, 64;623580;323.11537;*;TUADER
210300213;  Aþçýlýk (%50 Ýndirimli);2;TYT;48;;;;;18, 21, 64;2339204;212.15326;*;TUADER
210300234;  Bankacýlýk ve Sigortacýlýk (Burslu);2;TYT;8;;1;;1;18, 21, 64;679940;317.50711;;
210300241;  Bankacýlýk ve Sigortacýlýk (%50 Ýndirimli);2;TYT;51;;;;;18, 21, 64;;;;
210300290;  Bilgisayar Programcýlýðý (Burslu);2;TYT;13;;2;;1;18, 21, 64;346791;361.35474;;
210300297;  Bilgisayar Programcýlýðý (%50 Ýndirimli);2;TYT;88;;;;;18, 21, 64;1823339;240.34367;;
210302152;  Bilgisayar Teknolojisi (Burslu);2;TYT;5;;1;;1;18, 21, 64;...;----;;
210302159;  Bilgisayar Teknolojisi (%50 Ýndirimli);2;TYT;34;;;;;18, 21, 64;...;----;;
210302166;  Biliþim Güvenliði Teknolojisi (Burslu);2;TYT;5;;1;;1;18, 21, 64;...;----;;
210302173;  Biliþim Güvenliði Teknolojisi (%50 Ýndirimli);2;TYT;34;;;;;18, 21, 64;...;----;;
210302180;  Biyomedikal Cihaz Teknolojisi (Burslu);2;TYT;5;;1;;1;18, 21, 64;...;----;;
210302187;  Biyomedikal Cihaz Teknolojisi (%50 Ýndirimli);2;TYT;34;;;;;18, 21, 64;...;----;;
210302194;  Cnc Programlama ve Operatörlüðü (Burslu);2;TYT;10;;2;;1;18, 21, 64;...;----;;
210302201;  Cnc Programlama ve Operatörlüðü (%50 Ýndirimli);2;TYT;67;;;;;18, 21, 64;...;----;;
210302208;  Çevresel Ölçüm ve Ýzleme Sistemleri Teknikerliði (Burslu);2;TYT;5;;1;;1;18, 21, 64;...;----;;
210302215;  Çevresel Ölçüm ve Ýzleme Sistemleri Teknikerliði (%50 Ýndirimli);2;TYT;34;;;;;18, 21, 64;...;----;;
210300318;  Çocuk Geliþimi (Burslu);2;TYT;7;;1;;1;18, 21, 64;766116;309.61742;;
210300325;  Çocuk Geliþimi (%50 Ýndirimli);2;TYT;48;;;;;18, 21, 64;;;;
210300346;  Çok Boyutlu Modelleme ve Animasyon (Burslu);2;TYT;7;;1;;1;18, 21, 64;513308;335.71114;;
210300353;  Çok Boyutlu Modelleme ve Animasyon (%50 Ýndirimli);2;TYT;48;;;;;18, 21, 64;;;;
210300360;  Dýþ Ticaret (Burslu);2;TYT;10;;2;;1;18, 21, 64;692831;316.27550;;
210300367;  Dýþ Ticaret (%50 Ýndirimli);2;TYT;67;;;;;18, 21, 64;2654809;190.76967;;
210300388;  Diþ Protez Teknolojisi (Burslu);2;TYT;10;;2;;1;18, 21, 64;474591;340.82174;;
210300395;  Diþ Protez Teknolojisi (%50 Ýndirimli);2;TYT;67;;;;;18, 21, 64;1480575;260.07498;;
210300416;  Diyaliz (Burslu);2;TYT;6;;1;;1;18, 21, 64;716828;314.04787;;
210300423;  Diyaliz (%50 Ýndirimli);2;TYT;42;;;;;18, 21, 64;;;;
210302222;  Doðalgaz ve Tesisatý Teknolojisi (Burslu);2;TYT;5;;1;;1;18, 21, 64;...;----;;
210302229;  Doðalgaz ve Tesisatý Teknolojisi (%50 Ýndirimli);2;TYT;34;;;;;18, 21, 64;...;----;;
210300444;  Eczane Hizmetleri (Burslu);2;TYT;10;;2;;1;18, 21, 64;668173;318.65202;;
210300451;  Eczane Hizmetleri (%50 Ýndirimli);2;TYT;67;;;;;18, 21, 64;2523229;201.08518;;
210300472;  Elektronörofizyoloji (Burslu);2;TYT;4;;1;;1;18, 21, 64;759324;310.20370;;
210300479;  Elektronörofizyoloji (%50 Ýndirimli);2;TYT;31;;;;;18, 21, 64;;;;
210302236;  Endüstri Ürünleri Tasarýmý (Burslu);2;TYT;5;;1;;1;18, 21, 64;...;----;;
210302243;  Endüstri Ürünleri Tasarýmý (%50 Ýndirimli);2;TYT;34;;;;;18, 21, 64;...;----;;
210302250;  Enerji Tesisleri Ýþletmeciliði (Burslu);2;TYT;7;;1;;1;18, 21, 64;...;----;;
210302257;  Enerji Tesisleri Ýþletmeciliði (%50 Ýndirimli);2;TYT;48;;;;;18, 21, 64;...;----;;
210300486;  Fizyoterapi (Burslu);2;TYT;10;;2;;1;18, 21, 64;592873;326.38218;;
210300493;  Fizyoterapi (%50 Ýndirimli);2;TYT;67;;;;;18, 21, 64;2583851;196.81334;;
210300514;  Grafik Tasarýmý (Burslu);2;TYT;8;;1;;1;18, 21, 64;557524;330.35579;;
210300521;  Grafik Tasarýmý (%50 Ýndirimli);2;TYT;54;;;;;18, 21, 64;;;;
210300542;  Halkla Ýliþkiler ve Tanýtým (Burslu);2;TYT;4;;1;;1;18, 21, 64;729465;312.88942;;
210300549;  Halkla Ýliþkiler ve Tanýtým (%50 Ýndirimli);2;TYT;31;;;;;18, 21, 64;;;;
210302264;  Hibrid ve Elektrikli Taþýtlar Teknolojisi (Burslu);2;TYT;5;;1;;1;18, 21, 64;...;----;;
210302271;  Hibrid ve Elektrikli Taþýtlar Teknolojisi (%50 Ýndirimli);2;TYT;34;;;;;18, 21, 64;...;----;;
210300570;  Ýç Mekan Tasarýmý (Burslu);2;TYT;8;;1;;1;18, 21, 64;617789;323.73385;;
210300577;  Ýç Mekan Tasarýmý (%50 Ýndirimli);2;TYT;54;;;;;18, 21, 64;2718657;182.09625;;
210300584;  Ýlk ve Acil Yardým (Burslu);2;TYT;10;;2;;1;18, 21, 64;456525;343.33655;;
210302082;  Ýlk ve Acil Yardým (%50 Ýndirimli);2;TYT;67;;;;;18, 21, 64;2026313;229.23022;;
210300619;  Ýnsan Kaynaklarý Yönetimi (Burslu);2;TYT;7;;1;;1;18, 21, 64;756934;310.41264;;
210300626;  Ýnsan Kaynaklarý Yönetimi (%50 Ýndirimli);2;TYT;48;;;;;18, 21, 64;2740747;175.65326;;
210302278;  Ýnsansýz Hava Aracý Teknolojisi ve Operatörlüðü (Burslu);2;TYT;5;;1;;1;18, 21, 64;...;----;;
210302285;  Ýnsansýz Hava Aracý Teknolojisi ve Operatörlüðü (%50 Ýndirimli);2;TYT;34;;;;;18, 21, 64;...;----;;
210300661;  Ýþ Saðlýðý ve Güvenliði (Burslu);2;TYT;4;;1;;1;18, 21, 64;772189;309.10023;;
210300668;  Ýþ Saðlýðý ve Güvenliði (%50 Ýndirimli);2;TYT;31;;;;;18, 21, 64;2619205;194.01528;;
210300689;  Ýþletme Yönetimi (Burslu);2;TYT;7;;1;;1;18, 21, 64;745045;311.47520;;
210300696;  Ýþletme Yönetimi (%50 Ýndirimli);2;TYT;48;;;;;18, 21, 64;;;;
210300703;  Lojistik (Burslu);2;TYT;10;;2;;1;18, 21, 64;718989;313.85853;;
210300710;  Lojistik (%50 Ýndirimli);2;TYT;67;;;;;18, 21, 64;;;;
210302096;  Mahkeme Büro Hizmetleri (Burslu);2;TYT;4;;1;;1;18, 21, 64;745687;311.41670;;
210302103;  Mahkeme Büro Hizmetleri (%50 Ýndirimli);2;TYT;25;;;;;18, 21, 64;2661419;190.09042;;
210302292;  Mekatronik (Burslu);2;TYT;5;;1;;1;18, 21, 64;...;----;;
210302299;  Mekatronik (%50 Ýndirimli);2;TYT;34;;;;;18, 21, 64;...;----;;
210300759;  Mimari Restorasyon (Burslu);2;TYT;5;;1;;1;18, 21, 64;633284;322.11982;;
210300766;  Mimari Restorasyon (%50 Ýndirimli);2;TYT;37;;;;;18, 21, 64;;;;
210300787;  Moda Tasarýmý (Burslu);2;TYT;7;;1;;1;18, 21, 64;599604;325.64632;;
210300794;  Moda Tasarýmý (%50 Ýndirimli);2;TYT;48;;;;;18, 21, 64;2320357;213.20166;;
210300815;  Odyometri (Burslu);2;TYT;6;;1;;1;18, 21, 64;730399;312.80016;;
210300822;  Odyometri (%50 Ýndirimli);2;TYT;42;;;;;18, 21, 64;;;;
210300829;  Optisyenlik (Burslu);2;TYT;10;;2;;1;18, 21, 64;665457;318.91371;;
210300836;  Optisyenlik (%50 Ýndirimli);2;TYT;67;;;;;18, 21, 64;2588147;196.48997;;
210300857;  Ortopedik Protez ve Ortez (Burslu);2;TYT;5;;1;;1;18, 21, 64;734120;312.45772;;
210300864;  Ortopedik Protez ve Ortez (%50 Ýndirimli);2;TYT;37;;;;;18, 21, 64;2713403;183.10866;;
210302306;  Otomotiv Teknolojisi (Burslu);2;TYT;5;;1;;1;18, 21, 64;...;----;;
210302313;  Otomotiv Teknolojisi (%50 Ýndirimli);2;TYT;34;;;;;18, 21, 64;...;----;;
210302320;  Oyun Geliþtirme ve Programlama (Burslu);2;TYT;5;;1;;1;18, 21, 64, 320;...;----;;
210302327;  Oyun Geliþtirme ve Programlama (%50 Ýndirimli);2;TYT;34;;;;;18, 21, 64, 320;...;----;;
210300871;  Patoloji Laboratuvar Teknikleri (Burslu);2;TYT;9;;1;;1;18, 21, 64;774060;308.94197;;
210300878;  Patoloji Laboratuvar Teknikleri (%50 Ýndirimli);2;TYT;59;;;;;18, 21, 64;2723566;181.03025;;
210300927;  Radyoterapi (Burslu);2;TYT;9;;2;;1;18, 21, 64;749765;311.04789;;
210300934;  Radyoterapi (%50 Ýndirimli);2;TYT;65;;;;;18, 21, 64;2710171;183.67952;;
210300969;  Sivil Hava Ulaþtýrma Ýþletmeciliði (Burslu);2;TYT;6;;1;;1;10, 18, 21, 64;584687;327.26722;;
210300976;  Sivil Hava Ulaþtýrma Ýþletmeciliði (%50 Ýndirimli);2;TYT;42;;;;;10, 18, 21, 64;2135189;223.33101;;
210300997;  Sivil Havacýlýk Kabin Hizmetleri (Burslu);2;TYT;10;;2;;1;10, 18, 21, 64;509682;336.17471;;
210301004;  Sivil Havacýlýk Kabin Hizmetleri (%50 Ýndirimli);2;TYT;67;;;;;10, 18, 21, 64;1637473;250.87521;;
210302334;  Su ve Atýk Yönetimi Teknikerliði (Burslu);2;TYT;5;;1;;1;18, 21, 64;...;----;;
210302341;  Su ve Atýk Yönetimi Teknikerliði (%50 Ýndirimli);2;TYT;34;;;;;18, 21, 64;...;----;;
210301039;  Tekstil Teknolojisi (Burslu);2;TYT;4;;1;;1;18, 21, 64;734296;312.43861;;
210301046;  Tekstil Teknolojisi (%50 Ýndirimli);2;TYT;31;;;;;18, 21, 64;2544634;199.65309;;
210301053;  Týbbi Dokümantasyon ve Sekreterlik (Burslu);2;TYT;10;;1;;1;18, 21, 64;575788;328.25621;;
210301060;  Týbbi Dokümantasyon ve Sekreterlik (%50 Ýndirimli);2;TYT;62;;;;;18, 21, 64;2034516;228.77378;;
210301081;  Týbbi Görüntüleme Teknikleri (Burslu);2;TYT;10;;2;;1;18, 21, 64;535351;332.97197;;
210301088;  Týbbi Görüntüleme Teknikleri (%50 Ýndirimli);2;TYT;67;;;;;18, 21, 64;2219651;218.74904;;
210301109;  Týbbi Laboratuvar Teknikleri (Burslu);2;TYT;10;;2;;1;18, 21, 64;608045;324.73615;;
210301116;  Týbbi Laboratuvar Teknikleri (%50 Ýndirimli);2;TYT;67;;;;;18, 21, 64;2567620;198.03034;;
210302110;  Turist Rehberliði (Burslu);2;TYT;5;;1;;1;18, 21, 64;...;----;;
210302117;  Turist Rehberliði (%50 Ýndirimli);2;TYT;34;;;;;18, 21, 64;...;----;;
210301137;  Turizm ve Seyahat Hizmetleri (Burslu);2;TYT;4;;1;;1;18, 21, 64;781669;308.27724;*;TUADER
210301144;  Turizm ve Seyahat Hizmetleri (%50 Ýndirimli);2;TYT;31;;;;;18, 21, 64;;;*;TUADER
210302124;  Yapay Zeka Operatörlüðü (Burslu);2;TYT;5;;1;;1;18, 21, 64, 320;...;----;;
210302131;  Yapay Zeka Operatörlüðü (%50 Ýndirimli);2;TYT;34;;;;;18, 21, 64, 320;...;----;;
210302138;  Yapý Yalýtým Teknolojisi (Burslu);2;TYT;7;;1;;1;18, 21, 64;...;----;;
210302145;  Yapý Yalýtým Teknolojisi (%50 Ýndirimli);2;TYT;48;;;;;18, 21, 64;...;----;;
;ÝSTANBUL BÝLGÝ ÜNÝVERSÝTESÝ (Vakýf Üniversitesi) ;;;;;;;;;;;;YÖKAK
;Meslek Yüksekokulu;;;;;;;;;;;;
202551773;  Aþçýlýk (Burslu);2;TYT;11;;2;;1;21, 64;399437;352.04594;;
202552214;  Aþçýlýk (%50 Ýndirimli);2;TYT;74;;;;;21, 64;2246236;217.28385;;
202552011;  Bankacýlýk ve Sigortacýlýk (Burslu);2;TYT;7;;1;;1;21, 64;502080;337.15835;;
202590251;  Bankacýlýk ve Sigortacýlýk (%50 Ýndirimli);2;TYT;46;;;;;21, 64;2623389;193.66308;;
202550369;  Bilgisayar Programcýlýðý (Burslu);2;TYT;13;;2;;1;21, 64;204776;395.67362;;
202590253;  Bilgisayar Programcýlýðý (%50 Ýndirimli);2;TYT;86;;;;;21, 64;1226299;275.86532;;
202590223;  Biliþim Güvenliði Teknolojisi (Burslu);2;TYT;11;;2;;1;21, 64;290443;372.96202;;
202590224;  Biliþim Güvenliði Teknolojisi (%50 Ýndirimli);2;TYT;74;;;;;21, 64;2560443;198.54391;;
202590470;  Büyük Veri Analistliði (Burslu);2;TYT;5;;1;;1;21, 64, 320;...;----;;
202590477;  Büyük Veri Analistliði (%50 Ýndirimli);2;TYT;34;;;;;21, 64, 320;...;----;;
202550606;  Dýþ Ticaret (Ýngilizce) (Burslu);2;TYT;7;;1;;1;21, 22, 23, 24, 64;225816;389.30070;;
202550299;  Dýþ Ticaret (Ýngilizce) (%50 Ýndirimli);2;TYT;46;;;;;21, 22, 23, 24, 64;2747941;171.51007;;
202590280;  E-Ticaret ve Pazarlama (Burslu);2;TYT;9;;1;;1;21, 64;330818;364.43483;;
202590281;  E-Ticaret ve Pazarlama (%50 Ýndirimli);2;TYT;58;;;;;21, 64;2315665;213.46642;;
202551816;  Grafik Tasarýmý (Burslu);2;TYT;9;;1;;1;21, 64;343818;361.91546;;
202590254;  Grafik Tasarýmý (%50 Ýndirimli);2;TYT;58;;;;;21, 64;1378310;266.29236;;
202550624;  Halkla Ýliþkiler ve Tanýtým (Ýngilizce) (Burslu);2;TYT;3;;;;1;21, 22, 23, 24, 64;275238;376.46482;;
202550254;  Halkla Ýliþkiler ve Tanýtým (Ýngilizce) (%50 Ýndirimli);2;TYT;17;;;;;21, 22, 23, 24, 64;2248196;217.17863;;
202552092;  Ýç Mekan Tasarýmý (Burslu);2;TYT;9;;1;;1;21, 64;452345;343.95664;;
202590256;  Ýç Mekan Tasarýmý (%50 Ýndirimli);2;TYT;58;;;;;21, 64;2648969;191.34129;;
202551852;  Ýnþaat Teknolojisi (Burslu);2;TYT;7;;1;;1;21, 64;443346;345.24869;;
202590257;  Ýnþaat Teknolojisi (%50 Ýndirimli);2;TYT;46;;;;;21, 64;2209886;219.28117;;
202590288;  Ýþletme Yönetimi (Burslu);2;TYT;8;;1;;1;21, 64;387291;354.07047;;
202590295;  Ýþletme Yönetimi (%50 Ýndirimli);2;TYT;52;;;;;21, 64;2214444;219.03025;;
202551897;  Mimari Restorasyon (Burslu);2;TYT;9;;1;;1;21, 64;463714;342.32141;;
202590259;  Mimari Restorasyon (%50 Ýndirimli);2;TYT;58;;;;;21, 64;;;;
202551931;  Moda Tasarýmý (Burslu);2;TYT;9;;1;;1;21, 64;351375;360.48088;;
202590261;  Moda Tasarýmý (%50 Ýndirimli);2;TYT;58;;;;;21, 64;1372212;266.66024;;
202551976;  Muhasebe ve Vergi Uygulamalarý (Burslu);2;TYT;7;;1;;1;21, 64;528098;333.84267;;
202590263;  Muhasebe ve Vergi Uygulamalarý (%50 Ýndirimli);2;TYT;46;;;;;21, 64;2657077;190.54144;;
202590484;  Oyun Geliþtirme ve Programlama (Burslu);2;TYT;5;;1;;1;21, 64, 320;...;----;;
202590491;  Oyun Geliþtirme ve Programlama (%50 Ýndirimli);2;TYT;34;;;;;21, 64, 320;...;----;;
202551225;  Sivil Hava Ulaþtýrma Ýþletmeciliði (Burslu);2;TYT;7;;1;;1;10, 21, 64;389636;353.67434;;
202590265;  Sivil Hava Ulaþtýrma Ýþletmeciliði (%50 Ýndirimli);2;TYT;46;;;;;10, 21, 64;1932964;234.27824;;
202551182;  Sivil Havacýlýk Kabin Hizmetleri (Burslu);2;TYT;10;;1;;1;10, 21, 64;388411;353.87574;;
202590267;  Sivil Havacýlýk Kabin Hizmetleri (%50 Ýndirimli);2;TYT;59;;;;;10, 21, 64;1290628;271.74524;;
;Saðlýk Hizmetleri Meslek Yüksekokulu;;;;;;;;;;;;
202551304;  Aðýz ve Diþ Saðlýðý (Burslu);2;TYT;10;;1;;1;21, 64;500710;337.33511;;
202551297;  Aðýz ve Diþ Saðlýðý (%50 Ýndirimli);2;TYT;64;;;;;21, 64;2138640;223.14607;;
202550748;  Ameliyathane Hizmetleri (Burslu);2;TYT;8;;1;;1;21, 64;680766;317.42500;;
202550739;  Ameliyathane Hizmetleri (%50 Ýndirimli);2;TYT;52;;;;;21, 64;2410069;208.08807;;
202550775;  Anestezi (Burslu);2;TYT;10;;2;;1;21, 64;369897;357.08983;;
202550784;  Anestezi (%50 Ýndirimli);2;TYT;68;;;;;21, 64;1430240;263.09681;;
202551349;  Çocuk Geliþimi (Burslu);2;TYT;6;;1;;1;21, 64;614651;324.04593;;
202551331;  Çocuk Geliþimi (%50 Ýndirimli);2;TYT;41;;;;;21, 64;;;;
202551534;  Diþ Protez Teknolojisi (Burslu);2;TYT;10;;1;;1;21, 64;405306;351.07949;;
202590270;  Diþ Protez Teknolojisi (%50 Ýndirimli);2;TYT;64;;;;;21, 64;1300857;271.10809;;
202550818;  Diyaliz (Burslu);2;TYT;5;;1;;1;21, 64;677562;317.73463;;
202550827;  Diyaliz (%50 Ýndirimli);2;TYT;34;;;;;21, 64;2648463;191.39268;;
202551385;  Fizyoterapi (Burslu);2;TYT;8;;1;;1;21, 64;494349;338.18204;;
202551376;  Fizyoterapi (%50 Ýndirimli);2;TYT;52;;;;;21, 64;2522045;201.16347;;
202550854;  Ýlk ve Acil Yardým (Burslu);2;TYT;7;;1;;1;21, 64;452409;343.94842;;
202550863;  Ýlk ve Acil Yardým (%50 Ýndirimli);2;TYT;46;;;;;21, 64;1667518;249.14926;;
202551428;  Ýþ Saðlýðý ve Güvenliði (Burslu);2;TYT;4;;1;;1;21, 64;636561;321.78606;;
202590272;  Ýþ Saðlýðý ve Güvenliði (%50 Ýndirimli);2;TYT;29;;;;;21, 64;2489131;203.28089;;
202551464;  Odyometri (Burslu);2;TYT;4;;1;;1;21, 64;660991;319.35844;;
202551455;  Odyometri (%50 Ýndirimli);2;TYT;29;;;;;21, 64;;;;
202551094;  Optisyenlik (Burslu);2;TYT;9;;1;;1;21, 64;544278;331.90916;;
202551101;  Optisyenlik (%50 Ýndirimli);2;TYT;54;;;;;21, 64;2654027;190.85094;;
202551507;  Patoloji Laboratuvar Teknikleri (Burslu);2;TYT;5;;1;;1;21, 64;672585;318.22119;;
202551491;  Patoloji Laboratuvar Teknikleri (%50 Ýndirimli);2;TYT;34;;;;;21, 64;;;;
202551058;  Týbbi Görüntüleme Teknikleri (Burslu);2;TYT;10;;2;;1;21, 64;529927;333.61701;;
202551067;  Týbbi Görüntüleme Teknikleri (%50 Ýndirimli);2;TYT;68;;;;;21, 64;2305409;214.03590;;
202551013;  Týbbi Laboratuvar Teknikleri (Burslu);2;TYT;5;;1;;1;21, 64;...;----;;
202551022;  Týbbi Laboratuvar Teknikleri (%50 Ýndirimli);2;TYT;34;;;;;21, 64;...;----;;
;ÝSTANBUL ESENYURT ÜNÝVERSÝTESÝ (Vakýf Üniversitesi) ;;;;;;;;;;;;
;Biliþim Teknolojileri Meslek Yüksekokulu;;;;;;;;;;;;
207590569;  Bilgisayar Destekli Tasarým ve Animasyon (Burslu);2;TYT;3;;;;1;18, 21, 64;665658;318.89400;;
207590576;  Bilgisayar Destekli Tasarým ve Animasyon (%50 Ýndirimli);2;TYT;20;;;;;18, 21, 64;;;;
207590590;  Bilgisayar Programcýlýðý (Ücretli);2;TYT;10;;;;;18, 64;;;;
207590583;  Bilgisayar Programcýlýðý (Burslu);2;TYT;9;;2;;1;18, 21, 64;447501;344.65194;;
207590597;  Bilgisayar Programcýlýðý (%50 Ýndirimli);2;TYT;55;;;;;18, 21, 64;2423281;207.31453;;
207590611;  Bilgisayar Teknolojisi (Ücretli);2;TYT;6;;;;;18, 64;2730297;179.30190;;
207590604;  Bilgisayar Teknolojisi (Burslu);2;TYT;4;;1;;1;18, 21, 64;685886;316.92836;;
207590618;  Bilgisayar Teknolojisi (%50 Ýndirimli);2;TYT;25;;;;;18, 21, 64;;;;
207590632;  Biliþim Güvenliði Teknolojisi (Ücretli);2;TYT;7;;;;;18, 64;;;;
207590625;  Biliþim Güvenliði Teknolojisi (Burslu);2;TYT;5;;1;;1;18, 21, 64;650692;320.37760;;
207590639;  Biliþim Güvenliði Teknolojisi (%50 Ýndirimli);2;TYT;30;;;;;18, 21, 64;;;;
207590646;  Ýnsansýz Hava Aracý Teknolojisi ve Operatörlüðü (Burslu);2;TYT;7;;1;;1;18, 21, 64;...;----;;
207590653;  Ýnsansýz Hava Aracý Teknolojisi ve Operatörlüðü (%50 Ýndirimli);2;TYT;42;;;;;18, 21, 64;...;----;;
207590660;  Ýnternet ve Að Teknolojileri (Burslu);2;TYT;3;;1;;1;18, 21, 64;691768;316.37694;;
207590667;  Ýnternet ve Að Teknolojileri (%50 Ýndirimli);2;TYT;25;;;;;18, 21, 64;;;;
207590674;  Oyun Geliþtirme ve Programlama (Burslu);2;TYT;7;;1;;1;18, 21, 64, 320;...;----;;
207590681;  Oyun Geliþtirme ve Programlama (%50 Ýndirimli);2;TYT;42;;;;;18, 21, 64, 320;...;----;;
;Meslek Yüksekokulu;;;;;;;;;;;;
207590688;  Akýllý Altyapýlar Teknikerliði (Burslu);2;TYT;7;;1;;1;18, 21, 64;...;----;;
207590695;  Akýllý Altyapýlar Teknikerliði (%50 Ýndirimli);2;TYT;42;;;;;18, 21, 64;...;----;;
207550699;  Aþçýlýk (Burslu);2;TYT;5;;1;;1;18, 21, 64;705131;315.12343;;
207550715;  Aþçýlýk (%50 Ýndirimli);2;TYT;37;;;;;18, 21, 64;2754617;158.98522;;
207590478;  Bankacýlýk ve Sigortacýlýk (Burslu);2;TYT;3;;1;;1;18, 21, 64;853910;302.27049;;
207590485;  Bankacýlýk ve Sigortacýlýk (%50 Ýndirimli);2;TYT;25;;;;;18, 21, 64;2478503;203.94593;;
207590345;  Ceza Ýnfaz ve Güvenlik Hizmetleri (Burslu);2;TYT;3;;1;;1;17, 18, 21, 64;914573;297.54623;;
207590352;  Ceza Ýnfaz ve Güvenlik Hizmetleri (%50 Ýndirimli);2;TYT;25;;;;;17, 18, 21, 64;2011511;230.02419;;
207550293;  Dýþ Ticaret (Burslu);2;TYT;3;;1;;1;18, 21, 64;802789;306.47668;;
207550309;  Dýþ Ticaret (%50 Ýndirimli);2;TYT;25;;;;;18, 21, 64;;;;
207590702;  Elektrik Enerjisi Üretim, Ýletim ve Daðýtýmý (Burslu);2;TYT;3;;1;;1;18, 21, 64;...;----;;
207590709;  Elektrik Enerjisi Üretim, Ýletim ve Daðýtýmý (%50 Ýndirimli);2;TYT;25;;;;;18, 21, 64;...;----;;
207590170;  E-Ticaret ve Pazarlama (Burslu);2;TYT;4;;;;1;18, 21, 64;644549;320.98772;;
207590177;  E-Ticaret ve Pazarlama (%50 Ýndirimli);2;TYT;20;;;;;18, 21, 64;;;;
207590506;  Gýda Teknolojisi (Burslu);2;TYT;5;;;;1;18, 21, 64;862234;301.59477;;
207590513;  Gýda Teknolojisi (%50 Ýndirimli);2;TYT;15;;;;;18, 21, 64;;;;
207550187;  Grafik Tasarýmý (Burslu);2;TYT;6;;1;;1;18, 21, 64;718098;313.93708;;
207550196;  Grafik Tasarýmý (%50 Ýndirimli);2;TYT;42;;;;;18, 21, 64;;;;
207550327;  Halkla Ýliþkiler ve Tanýtým (Burslu);2;TYT;3;;;;1;18, 21, 64;847436;302.79637;;
207550336;  Halkla Ýliþkiler ve Tanýtým (%50 Ýndirimli);2;TYT;20;;;;;18, 21, 64;2648798;191.35708;;
207590527;  Ýnþaat Teknolojisi (Ücretli);2;TYT;5;;;;;18, 64;;;;
207590520;  Ýnþaat Teknolojisi (Burslu);2;TYT;3;;1;;1;18, 21, 64;827838;304.39160;;
207590534;  Ýnþaat Teknolojisi (%50 Ýndirimli);2;TYT;20;;;;;18, 21, 64;2489010;203.28810;;
207550354;  Ýþ Saðlýðý ve Güvenliði (Burslu);2;TYT;3;;1;;1;18, 21, 64;792938;307.31353;;
207550363;  Ýþ Saðlýðý ve Güvenliði (%50 Ýndirimli);2;TYT;25;;;;;18, 21, 64;2615325;194.33490;;
207550381;  Ýþletme Yönetimi (Burslu);2;TYT;3;;1;;1;18, 21, 64;842842;303.16776;;
207550399;  Ýþletme Yönetimi (%50 Ýndirimli);2;TYT;25;;;;;18, 21, 64;;;;
207550415;  Lojistik (Burslu);2;TYT;4;;1;;1;18, 21, 64;821386;304.92042;;
207550424;  Lojistik (%50 Ýndirimli);2;TYT;31;;;;;18, 21, 64;2560208;198.56124;;
207550724;  Sivil Hava Ulaþtýrma Ýþletmeciliði (Burslu);2;TYT;6;;1;;1;10, 18, 21, 64;737321;312.16546;;
207550742;  Sivil Hava Ulaþtýrma Ýþletmeciliði (%50 Ýndirimli);2;TYT;42;;;;;10, 18, 21, 64;2414094;207.85871;;
207550751;  Sivil Havacýlýk Kabin Hizmetleri (Burslu);2;TYT;7;;1;;1;10, 18, 21, 64;626001;322.86106;;
207550778;  Sivil Havacýlýk Kabin Hizmetleri (%50 Ýndirimli);2;TYT;48;;;;;10, 18, 21, 64;1867424;237.89237;;
207590120;  Turist Rehberliði (Burslu);2;TYT;3;;;;1;18, 21, 64;529549;333.66046;;
207590121;  Turist Rehberliði (%50 Ýndirimli);2;TYT;20;;;;;18, 21, 64;2647671;191.46274;;
207590716;  Uçuþ Harekat Yöneticiliði (Burslu);2;TYT;9;;1;;1;10, 18, 21, 64;...;----;;
207590723;  Uçuþ Harekat Yöneticiliði (%50 Ýndirimli);2;TYT;40;;;;;10, 18, 21, 64;...;----;;
;Saðlýk Hizmetleri Meslek Yüksekokulu;;;;;;;;;;;;
207590254;  Aðýz ve Diþ Saðlýðý (Ücretli);2;TYT;10;;;;;18, 64;2409325;208.12974;;
207590261;  Aðýz ve Diþ Saðlýðý (Burslu);2;TYT;8;;1;;1;18, 21, 64;658765;319.57089;;
207590268;  Aðýz ve Diþ Saðlýðý (%50 Ýndirimli);2;TYT;44;;;;;18, 21, 64;1808968;241.14151;;
207550018;  Ameliyathane Hizmetleri (Ücretli);2;TYT;10;;;;;18, 64;...;----;;
207550027;  Ameliyathane Hizmetleri (Burslu);2;TYT;10;;2;;1;18, 21, 64;770450;309.25507;;
207550036;  Ameliyathane Hizmetleri (%50 Ýndirimli);2;TYT;58;;;;;18, 21, 64;2383694;209.62460;;
207550045;  Anestezi (Ücretli);2;TYT;11;;;;;18, 64;1681080;248.36776;;
207550054;  Anestezi (Burslu);2;TYT;10;;2;;1;18, 21, 64;520461;334.79645;;
207550063;  Anestezi (%50 Ýndirimli);2;TYT;57;;;;;18, 21, 64;1288995;271.85191;;
207550478;  Çocuk Geliþimi (Burslu);2;TYT;3;;1;;1;18, 21, 64;818890;305.12772;;
207550487;  Çocuk Geliþimi (%50 Ýndirimli);2;TYT;25;;;;;18, 21, 64;2342768;211.95403;;
207590275;  Diþ Protez Teknolojisi (Ücretli);2;TYT;20;;;;;18, 64;1947284;233.50269;;
207590282;  Diþ Protez Teknolojisi (Burslu);2;TYT;9;;1;;1;18, 21, 64;593975;326.26318;;
207590289;  Diþ Protez Teknolojisi (%50 Ýndirimli);2;TYT;39;;;;;18, 21, 64;1682262;248.29640;;
207590730;  Evde Hasta Bakýmý (Burslu);2;TYT;7;;1;;1;18, 21, 64;...;----;;
207590737;  Evde Hasta Bakýmý (%50 Ýndirimli);2;TYT;42;;;;;18, 21, 64;...;----;;
207590156;  Fizyoterapi (Ücretli);2;TYT;9;;;;;18, 64;2613917;194.45241;;
207590142;  Fizyoterapi (Burslu);2;TYT;3;;1;;1;18, 21, 64;650128;320.43088;;
207590149;  Fizyoterapi (%50 Ýndirimli);2;TYT;16;;;;;18, 21, 64;2142555;222.94034;;
207550072;  Ýlk ve Acil Yardým (Ücretli);2;TYT;50;;;;;18, 64;2265825;216.21478;;
207550081;  Ýlk ve Acil Yardým (Burslu);2;TYT;10;;2;;1;18, 21, 64;578623;327.94279;;
207550099;  Ýlk ve Acil Yardým (%50 Ýndirimli);2;TYT;18;;;;;18, 21, 64;1183583;278.63666;;
207550203;  Týbbi Dokümantasyon ve Sekreterlik (Burslu);2;TYT;5;;1;;1;18, 21, 64;582343;327.53160;;
207550212;  Týbbi Dokümantasyon ve Sekreterlik (%50 Ýndirimli);2;TYT;37;;;;;18, 21, 64;1624731;251.61118;;
207550106;  Týbbi Görüntüleme Teknikleri (Ücretli);2;TYT;18;;;;;18, 64;2610401;194.74254;;
207550115;  Týbbi Görüntüleme Teknikleri (Burslu);2;TYT;10;;2;;1;18, 21, 64;699202;315.67502;;
207550124;  Týbbi Görüntüleme Teknikleri (%50 Ýndirimli);2;TYT;50;;;;;18, 21, 64;1975758;231.95494;;
207550142;  Týbbi Laboratuvar Teknikleri (Burslu);2;TYT;6;;1;;1;18, 21, 64;720606;313.70404;;
207550151;  Týbbi Laboratuvar Teknikleri (%50 Ýndirimli);2;TYT;42;;;;;18, 21, 64;2437775;206.45029;;
;ÝSTANBUL GALATA ÜNÝVERSÝTESÝ (Vakýf Üniversitesi) ;;;;;;;;;;;;
;Meslek Yüksekokulu;;;;;;;;;;;;
209810015;  Aðýz ve Diþ Saðlýðý (Ücretli);2;TYT;1;;;;;18, 64;2489958;203.22982;;
209810016;  Aðýz ve Diþ Saðlýðý (Burslu);2;TYT;7;;1;;1;18, 21, 64;604793;325.08455;;
209810017;  Aðýz ve Diþ Saðlýðý (%50 Ýndirimli);2;TYT;41;;;;;18, 21, 64;2289428;214.92249;;
209810018;  Anestezi (Ücretli);2;TYT;1;;;;;18, 64;1919633;235.00506;;
209810019;  Anestezi (Burslu);2;TYT;8;;1;;1;18, 21, 64;444591;345.07012;;
209810020;  Anestezi (%50 Ýndirimli);2;TYT;49;;;;;18, 21, 64;1454275;261.65638;;
209810073;  Aþçýlýk (Ücretli);2;TYT;2;;;;;18, 64;;;;
209810063;  Aþçýlýk (Burslu);2;TYT;7;;1;;1;18, 21, 64;553170;330.86517;;
209810064;  Aþçýlýk (%50 Ýndirimli);2;TYT;40;;;;;18, 21, 64;2415494;207.77405;;
209810192;  Dýþ Ticaret (Ücretli);2;TYT;1;;;;;18, 64;...;----;;
209810185;  Dýþ Ticaret (Burslu);2;TYT;5;;1;;1;18, 21, 64;...;----;;
209810199;  Dýþ Ticaret (%50 Ýndirimli);2;TYT;33;;;;;18, 21, 64;...;----;;
209810213;  Dijital Dönüþüm Elektroniði (Ücretli);2;TYT;1;;;;;18, 64, 320;...;----;;
209810206;  Dijital Dönüþüm Elektroniði (Burslu);2;TYT;5;;1;;1;18, 21, 64, 320;...;----;;
209810220;  Dijital Dönüþüm Elektroniði (%50 Ýndirimli);2;TYT;33;;;;;18, 21, 64, 320;...;----;;
209810080;  Eczane Hizmetleri (Ücretli);2;TYT;1;;;;;18, 64;2561904;198.43784;;
209810065;  Eczane Hizmetleri (Burslu);2;TYT;4;;1;;1;18, 21, 64;628183;322.64072;;
209810066;  Eczane Hizmetleri (%50 Ýndirimli);2;TYT;29;;;;;18, 21, 64;2708481;183.97039;;
209810234;  E-Ticaret ve Pazarlama (Ücretli);2;TYT;1;;;;;18, 64;...;----;;
209810227;  E-Ticaret ve Pazarlama (Burslu);2;TYT;5;;1;;1;18, 21, 64;...;----;;
209810241;  E-Ticaret ve Pazarlama (%50 Ýndirimli);2;TYT;33;;;;;18, 21, 64;...;----;;
209810021;  Fizyoterapi (Ücretli);2;TYT;1;;;;;18, 64;;;;
209810022;  Fizyoterapi (Burslu);2;TYT;7;;1;;1;18, 21, 64;609535;324.57585;;
209810023;  Fizyoterapi (%50 Ýndirimli);2;TYT;46;;;;;18, 21, 64;;;;
209810024;  Ýlk ve Acil Yardým (Ücretli);2;TYT;1;;;;;18, 64;2157095;222.15309;;
209810025;  Ýlk ve Acil Yardým (Burslu);2;TYT;8;;1;;1;18, 21, 64;532180;333.35247;;
209810026;  Ýlk ve Acil Yardým (%50 Ýndirimli);2;TYT;50;;;;;18, 21, 64;1833371;239.78324;;
209810255;  Oyun Geliþtirme ve Programlama (Ücretli);2;TYT;1;;;;;18, 64, 320;...;----;;
209810248;  Oyun Geliþtirme ve Programlama (Burslu);2;TYT;5;;1;;1;18, 21, 64, 320;...;----;;
209810262;  Oyun Geliþtirme ve Programlama (%50 Ýndirimli);2;TYT;33;;;;;18, 21, 64, 320;...;----;;
209810276;  Ön-Yüz Yazýlým Geliþtirme (Ücretli);2;TYT;1;;;;;18, 64, 320;...;----;;
209810269;  Ön-Yüz Yazýlým Geliþtirme (Burslu);2;TYT;5;;1;;1;18, 21, 64, 320;...;----;;
209810283;  Ön-Yüz Yazýlým Geliþtirme (%50 Ýndirimli);2;TYT;33;;;;;18, 21, 64, 320;...;----;;
209810027;  Týbbi Görüntüleme Teknikleri (Ücretli);2;TYT;2;;;;;18, 64;;;;
209810028;  Týbbi Görüntüleme Teknikleri (Burslu);2;TYT;7;;1;;1;18, 21, 64;579218;327.87887;;
209810029;  Týbbi Görüntüleme Teknikleri (%50 Ýndirimli);2;TYT;45;;;;;18, 21, 64;2420757;207.46450;;
209810297;  Týbbi Veri Ýþleme Teknikerliði (Ücretli);2;TYT;1;;;;;18, 64;...;----;;
209810290;  Týbbi Veri Ýþleme Teknikerliði (Burslu);2;TYT;5;;1;;1;18, 21, 64;...;----;;
209810304;  Týbbi Veri Ýþleme Teknikerliði (%50 Ýndirimli);2;TYT;33;;;;;18, 21, 64;...;----;;
;ÝSTANBUL GEDÝK ÜNÝVERSÝTESÝ (Vakýf Üniversitesi) ;;;;;;;;;;;;YÖKAK
;Gedik Meslek Yüksekokulu;;;;;;;;;;;;
201790600;  Ameliyathane Hizmetleri (Burslu);2;TYT;4;;1;;1;18, 21, 64;...;----;;
201790607;  Ameliyathane Hizmetleri (%50 Ýndirimli);2;TYT;25;;;;;18, 21, 64;...;----;;
201790186;  Anestezi (Ücretli);2;TYT;2;;;;;18, 64;...;----;;
201790187;  Anestezi (Burslu);2;TYT;8;;1;;1;18, 21, 64;451720;344.04507;;
201790327;  Anestezi (%50 Ýndirimli);2;TYT;49;;;;;18, 21, 64;1304581;270.86810;;
201790168;  Aþçýlýk (Burslu);2;TYT;6;;1;;1;18, 21, 64;632890;322.15626;*;MEDEK
201790237;  Aþçýlýk (%50 Ýndirimli);2;TYT;42;;;;;18, 21, 64;2313113;213.60940;*;MEDEK
201750501;  Bankacýlýk ve Sigortacýlýk (Burslu);2;TYT;7;;1;;1;18, 21, 64;683796;317.12598;*;MEDEK
201750519;  Bankacýlýk ve Sigortacýlýk (%50 Ýndirimli);2;TYT;42;;;;;18, 21, 64;1872741;237.59450;*;MEDEK
201750616;  Bilgisayar Programcýlýðý (Ücretli);2;TYT;2;;;;;18, 64;1592438;253.49536;*;MEDEK
201750625;  Bilgisayar Programcýlýðý (Burslu);2;TYT;10;;2;;1;18, 21, 64;357099;359.40683;*;MEDEK
201750652;  Bilgisayar Programcýlýðý (%50 Ýndirimli);2;TYT;66;;;;;18, 21, 64;1279465;272.44536;*;MEDEK
201790362;  Biliþim Güvenliði Teknolojisi (Ücretli);2;TYT;2;;;;;18, 64;1537929;256.68965;*;MEDEK
201790252;  Biliþim Güvenliði Teknolojisi (Burslu);2;TYT;9;;2;;1;18, 21, 64;536437;332.83223;*;MEDEK
201790253;  Biliþim Güvenliði Teknolojisi (%50 Ýndirimli);2;TYT;63;;;;;18, 21, 64;1945837;233.58261;*;MEDEK
201750979;  Biyomedikal Cihaz Teknolojisi (Burslu);2;TYT;5;;1;;1;18, 21, 64;785486;307.94559;;
201750988;  Biyomedikal Cihaz Teknolojisi (%50 Ýndirimli);2;TYT;34;;;;;18, 21, 64;2340713;212.06872;;
201751253;  Çocuk Geliþimi (Burslu);2;TYT;7;;1;;1;18, 21, 64;710252;314.65698;;
201751262;  Çocuk Geliþimi (%50 Ýndirimli);2;TYT;45;;;;;18, 21, 64;2098585;225.32104;;
201790212;  Dýþ Ticaret (Ýngilizce) (Burslu);2;TYT;6;;1;;1;18, 21, 22, 23, 24, 64;462252;342.52507;;
201790213;  Dýþ Ticaret (Ýngilizce) (%50 Ýndirimli);2;TYT;41;;;;;18, 21, 22, 23, 24, 64;2365775;210.64822;;
201750388;  Elektrik (Burslu);2;TYT;10;;1;;1;18, 21, 64;647413;320.70151;*;MEDEK
201750397;  Elektrik (%50 Ýndirimli);2;TYT;61;;;;;18, 21, 64;1818080;240.63315;*;MEDEK
201750291;  Grafik Tasarýmý (Burslu);2;TYT;8;;1;;1;18, 21, 64;472750;341.07600;*;ÝLAD
201750307;  Grafik Tasarýmý (%50 Ýndirimli);2;TYT;51;;;;;18, 21, 64;1946260;233.55905;*;ÝLAD
201790203;  Ýlk ve Acil Yardým (Ücretli);2;TYT;2;;;;;18, 64;1484806;259.82940;*;MEDEK
201790204;  Ýlk ve Acil Yardým (Burslu);2;TYT;9;;1;;1;18, 21, 64;536879;332.78386;*;MEDEK
201790206;  Ýlk ve Acil Yardým (%50 Ýndirimli);2;TYT;53;;;;;18, 21, 64;1224154;276.00255;*;MEDEK
201790467;  Ýnsan Kaynaklarý Yönetimi (Burslu);2;TYT;4;;1;;1;18, 21, 64;619886;323.51244;;
201790474;  Ýnsan Kaynaklarý Yönetimi (%50 Ýndirimli);2;TYT;30;;;;;18, 21, 64;2223426;218.53736;;
201751095;  Ýþ Saðlýðý ve Güvenliði (Burslu);2;TYT;5;;1;;1;18, 21, 64;810848;305.80276;*;MEDEK
201751102;  Ýþ Saðlýðý ve Güvenliði (%50 Ýndirimli);2;TYT;36;;;;;18, 21, 64;2189886;220.36961;*;MEDEK
201750025;  Kaynak Teknolojisi (Burslu);2;TYT;5;;;;1;18, 21, 64;661367;319.32181;*;MEDEK
201750034;  Kaynak Teknolojisi (%50 Ýndirimli);2;TYT;20;;;;;18, 21, 64;1863487;238.11010;*;MEDEK
201750564;  Kimya Teknolojisi (Burslu);2;TYT;7;;1;;1;18, 21, 64;538897;332.54580;*;MEDEK
201750573;  Kimya Teknolojisi (%50 Ýndirimli);2;TYT;44;;;;;18, 21, 64;2685305;187.33698;*;MEDEK
201790481;  Mahkeme Büro Hizmetleri (Burslu);2;TYT;4;;1;;1;18, 21, 64;703290;315.29860;;
201790488;  Mahkeme Büro Hizmetleri (%50 Ýndirimli);2;TYT;25;;;;;18, 21, 64;2511047;201.87715;;
201750176;  Makine (Burslu);2;TYT;9;;1;;1;18, 21, 64;604076;325.15828;*;MEDEK
201750185;  Makine (%50 Ýndirimli);2;TYT;59;;;;;18, 21, 64;1927869;234.55924;*;MEDEK
201790453;  Medya ve Ýletiþim (Burslu);2;TYT;5;;1;;1;18, 21, 64;657988;319.64914;;
201790460;  Medya ve Ýletiþim (%50 Ýndirimli);2;TYT;37;;;;;18, 21, 64;2159119;222.04272;;
201750052;  Mekatronik (Burslu);2;TYT;9;;2;;1;18, 21, 64;539418;332.48095;*;MEDEK
201750061;  Mekatronik (%50 Ýndirimli);2;TYT;65;;;;;18, 21, 64;1722896;245.98839;*;MEDEK
201750201;  Muhasebe ve Vergi Uygulamalarý (Burslu);2;TYT;5;;1;;1;18, 21, 64;653703;320.07420;*;MEDEK
201750219;  Muhasebe ve Vergi Uygulamalarý (%50 Ýndirimli);2;TYT;37;;;;;18, 21, 64;1828140;240.07481;*;MEDEK
201790558;  Optisyenlik (Burslu);2;TYT;5;;1;;1;18, 21, 64;...;----;;
201790565;  Optisyenlik (%50 Ýndirimli);2;TYT;34;;;;;18, 21, 64;...;----;;
201790572;  Sivil Hava Ulaþtýrma Ýþletmeciliði (Burslu);2;TYT;5;;1;;1;10, 18, 21, 64;...;----;;
201790579;  Sivil Hava Ulaþtýrma Ýþletmeciliði (%50 Ýndirimli);2;TYT;34;;;;;10, 18, 21, 64;...;----;;
201751156;  Sivil Havacýlýk Kabin Hizmetleri (Burslu);2;TYT;8;;1;;1;10, 18, 21, 64;559693;330.10265;;
201751165;  Sivil Havacýlýk Kabin Hizmetleri (%50 Ýndirimli);2;TYT;54;;;;;10, 18, 21, 64;1668706;249.07794;;
201751314;  Su Altý Teknolojisi (Burslu);2;TYT;3;;1;;1;18, 21, 57, 64;351003;360.55160;;
201751323;  Su Altý Teknolojisi (%50 Ýndirimli);2;TYT;25;;;;;18, 21, 57, 64;2001593;230.55882;;
201750088;  Tahribatsýz Muayene (Burslu);2;TYT;6;;1;;1;18, 21, 64;744265;311.54444;*;MEDEK
201750158;  Tahribatsýz Muayene (%50 Ýndirimli);2;TYT;42;;;;;18, 21, 64;2442261;206.17834;*;MEDEK
201751289;  Týbbi Dokümantasyon ve Sekreterlik (Burslu);2;TYT;8;;1;;1;18, 21, 64;584505;327.28711;;
201751298;  Týbbi Dokümantasyon ve Sekreterlik (%50 Ýndirimli);2;TYT;54;;;;;18, 21, 64;1476702;260.30193;;
201751059;  Týbbi Görüntüleme Teknikleri (Burslu);2;TYT;10;;1;;1;18, 21, 64;573248;328.54451;;
201751068;  Týbbi Görüntüleme Teknikleri (%50 Ýndirimli);2;TYT;59;;;;;18, 21, 64;1585839;253.88118;;
201790586;  Yapay Zeka Operatörlüðü (Burslu);2;TYT;5;;1;;1;18, 21, 64, 320;...;----;;
201790593;  Yapay Zeka Operatörlüðü (%50 Ýndirimli);2;TYT;34;;;;;18, 21, 64, 320;...;----;;
;ÝSTANBUL GELÝÞÝM ÜNÝVERSÝTESÝ (Vakýf Üniversitesi) ;;;;;;;;;;;;YÖKAK
;Ýstanbul Geliþim Meslek Yüksekokulu;;;;;;;;;;;;
202791096;  Akýllý Altyapýlar Teknikerliði (Burslu);2;TYT;5;;1;;1;18, 21, 64;...;----;;
202791103;  Akýllý Altyapýlar Teknikerliði (%50 Ýndirimli);2;TYT;34;;;;;18, 21, 64;...;----;;
202751611;  Aþçýlýk (Burslu);2;TYT;12;;2;;1;18, 21, 64;619739;323.52731;;
202751665;  Aþçýlýk (%50 Ýndirimli);2;TYT;82;;;;;18, 21, 64;2038477;228.56673;;
202750085;  Bankacýlýk ve Sigortacýlýk (Burslu);2;TYT;9;;1;;1;18, 21, 64;713074;314.39317;;
202750834;  Bankacýlýk ve Sigortacýlýk (%50 Ýndirimli);2;TYT;40;;;;;18, 21, 64;2272617;215.84185;;
202753907;  Bilgisayar Destekli Tasarým ve Animasyon (Burslu);2;TYT;12;;2;;1;18, 21, 64;559135;330.16580;;
202753925;  Bilgisayar Destekli Tasarým ve Animasyon (%50 Ýndirimli);2;TYT;82;;;;;18, 21, 64;;;;
202750349;  Bilgisayar Programcýlýðý (Burslu);2;TYT;12;;2;;1;18, 21, 64;326947;365.22739;;
202790557;  Bilgisayar Programcýlýðý (%25 Ýndirimli);2;TYT;82;;;;;18, 21, 64;1635348;250.99579;;
202790893;  Bilgisayar Programcýlýðý (Ýngilizce) (Burslu);2;TYT;10;;2;;1;18, 21, 22, 23, 24, 64;303348;370.14606;;
202790900;  Bilgisayar Programcýlýðý (Ýngilizce) (%50 Ýndirimli);2;TYT;68;;;;;18, 21, 22, 23, 24, 64;1255982;273.94575;;
202750694;  Bilgisayar Teknolojisi (Burslu);2;TYT;10;;2;;1;18, 21, 64;437251;346.14314;;
202750701;  Bilgisayar Teknolojisi (%50 Ýndirimli);2;TYT;68;;;;;18, 21, 64;;;;
202790450;  Biliþim Güvenliði Teknolojisi (Burslu);2;TYT;10;;2;;1;18, 21, 64;489762;338.79018;;
202790451;  Biliþim Güvenliði Teknolojisi (%50 Ýndirimli);2;TYT;68;;;;;18, 21, 64;;;;
202753573;  Deniz ve Liman Ýþletmeciliði (Burslu);2;TYT;7;;1;;1;18, 21, 64;685779;316.93796;;
202753582;  Deniz ve Liman Ýþletmeciliði (%50 Ýndirimli);2;TYT;42;;;;;18, 21, 64;2389574;209.28299;;
202750207;  Dýþ Ticaret (Burslu);2;TYT;12;;2;;1;18, 21, 64;745129;311.46703;;
202750897;  Dýþ Ticaret (%50 Ýndirimli);2;TYT;82;;;;;18, 21, 64;2480694;203.81181;;
202791110;  Dijital Dönüþüm Elektroniði (Burslu);2;TYT;5;;1;;1;18, 21, 64, 320;...;----;;
202791117;  Dijital Dönüþüm Elektroniði (%50 Ýndirimli);2;TYT;34;;;;;18, 21, 64, 320;...;----;;
202791124;  Elektrik Enerjisi Üretim, Ýletim ve Daðýtýmý (Burslu);2;TYT;9;;1;;1;18, 21, 64;...;----;;
202791131;  Elektrik Enerjisi Üretim, Ýletim ve Daðýtýmý (%50 Ýndirimli);2;TYT;59;;;;;18, 21, 64;...;----;;
202790388;  Elektronik Teknolojisi (Burslu);2;TYT;9;;1;;1;18, 21, 64;691195;316.43077;;
202790390;  Elektronik Teknolojisi (%50 Ýndirimli);2;TYT;59;;;;;18, 21, 64;2608316;194.91406;;
202753625;  Gýda Teknolojisi (Burslu);2;TYT;4;;1;;1;18, 21, 64;728314;312.99443;;
202753634;  Gýda Teknolojisi (%50 Ýndirimli);2;TYT;30;;;;;18, 21, 64;2746144;172.80646;;
202750631;  Grafik Tasarýmý (Burslu);2;TYT;10;;2;;1;18, 21, 64;553314;330.84897;;
202751523;  Grafik Tasarýmý (%50 Ýndirimli);2;TYT;67;;;;;18, 21, 64;;;;
202750225;  Halkla Ýliþkiler ve Tanýtým (Burslu);2;TYT;5;;1;;1;18, 21, 64;774621;308.89316;;
202750949;  Halkla Ýliþkiler ve Tanýtým (%50 Ýndirimli);2;TYT;37;;;;;18, 21, 64;;;;
202754226;  Hava Lojistiði (Burslu);2;TYT;4;;1;;1;18, 21, 64;560299;330.03610;;
202754244;  Hava Lojistiði (%50 Ýndirimli);2;TYT;31;;;;;18, 21, 64;2265706;216.22057;;
202790627;  Hibrid ve Elektrikli Taþýtlar Teknolojisi (Burslu);2;TYT;5;;1;;1;18, 21, 64;414151;349.68555;;
202790634;  Hibrid ve Elektrikli Taþýtlar Teknolojisi (%50 Ýndirimli);2;TYT;37;;;;;18, 21, 64;1930503;234.41376;;
202754253;  Ýç Mekan Tasarýmý (Burslu);2;TYT;9;;1;;1;18, 21, 64;653026;320.14450;;
202754271;  Ýç Mekan Tasarýmý (%50 Ýndirimli);2;TYT;59;;;;;18, 21, 64;2660458;190.19327;;
202750288;  Ýnsan Kaynaklarý Yönetimi (Burslu);2;TYT;4;;1;;1;18, 21, 64;706901;314.96318;;
202750976;  Ýnsan Kaynaklarý Yönetimi (%50 Ýndirimli);2;TYT;31;;;;;18, 21, 64;2435724;206.57449;;
202790907;  Ýnsansýz Hava Aracý Teknolojisi ve Operatörlüðü (Burslu);2;TYT;9;;1;;1;18, 21, 64;326207;365.37017;;
202790914;  Ýnsansýz Hava Aracý Teknolojisi ve Operatörlüðü (%50 Ýndirimli);2;TYT;59;;;;;18, 21, 64;1485113;259.81139;;
202752248;  Ýnþaat Teknolojisi (Burslu);2;TYT;9;;1;;1;18, 21, 64;673811;318.09647;;
202752257;  Ýnþaat Teknolojisi (%50 Ýndirimli);2;TYT;59;;;;;18, 21, 64;2540112;199.95279;;
202791138;  Karbon Yönetimi Teknikerliði (Burslu);2;TYT;5;;1;;1;18, 21, 64;...;----;;
202791145;  Karbon Yönetimi Teknikerliði (%50 Ýndirimli);2;TYT;34;;;;;18, 21, 64;...;----;;
202750304;  Lojistik (Burslu);2;TYT;10;;2;;1;18, 21, 64;715438;314.17482;;
202751029;  Lojistik (%50 Ýndirimli);2;TYT;67;;;;;18, 21, 64;2310716;213.74399;;
202790865;  Mahkeme Büro Hizmetleri (Burslu);2;TYT;7;;1;;1;18, 21, 64;672478;318.23168;;
202790872;  Mahkeme Büro Hizmetleri (%50 Ýndirimli);2;TYT;42;;;;;18, 21, 64;2316236;213.43515;;
202754023;  Makine (Burslu);2;TYT;10;;2;;1;18, 21, 64;619614;323.54188;;
202754041;  Makine (%50 Ýndirimli);2;TYT;67;;;;;18, 21, 64;2442032;206.19095;;
202790370;  Mekatronik (Burslu);2;TYT;10;;2;;1;18, 21, 64;446651;344.77073;;
202790372;  Mekatronik (%50 Ýndirimli);2;TYT;67;;;;;18, 21, 64;2125361;223.86517;;
202750385;  Moda Tasarýmý (Burslu);2;TYT;7;;1;;1;18, 21, 64;622459;323.23610;;
202751074;  Moda Tasarýmý (%50 Ýndirimli);2;TYT;47;;;;;18, 21, 64;2295727;214.56917;;
202790998;  Otomotiv Gövde ve Yüzey Ýþlem Teknolojileri (Burslu);2;TYT;10;;2;;1;18, 21, 64;...;----;;
202791005;  Otomotiv Gövde ve Yüzey Ýþlem Teknolojileri (%50 Ýndirimli);2;TYT;67;;;;;18, 21, 64;...;----;;
202791012;  Otonom Sistemler Teknikerliði (Burslu);2;TYT;5;;1;;1;18, 21, 64, 320;...;----;;
202791019;  Otonom Sistemler Teknikerliði (%50 Ýndirimli);2;TYT;34;;;;;18, 21, 64, 320;...;----;;
202791026;  Oyun Geliþtirme ve Programlama (Burslu);2;TYT;5;;1;;1;18, 21, 64, 320;...;----;;
202791033;  Oyun Geliþtirme ve Programlama (%50 Ýndirimli);2;TYT;34;;;;;18, 21, 64, 320;...;----;;
202791040;  Ön-Yüz Yazýlým Geliþtirme (Burslu);2;TYT;5;;1;;1;18, 21, 64, 320;...;----;;
202791047;  Ön-Yüz Yazýlým Geliþtirme (%50 Ýndirimli);2;TYT;34;;;;;18, 21, 64, 320;...;----;;
202790613;  Pastacýlýk ve Ekmekçilik (Burslu);2;TYT;5;;1;;1;18, 21, 64;682033;317.30151;;
202790620;  Pastacýlýk ve Ekmekçilik (%50 Ýndirimli);2;TYT;37;;;;;18, 21, 64;2721292;181.54526;;
202750667;  Sivil Hava Ulaþtýrma Ýþletmeciliði (Burslu);2;TYT;12;;2;;1;10, 18, 21, 64;611010;324.42104;;
202750676;  Sivil Hava Ulaþtýrma Ýþletmeciliði (%50 Ýndirimli);2;TYT;82;;;;;10, 18, 21, 64;2135258;223.32771;;
202754174;  Sivil Hava Ulaþtýrma Ýþletmeciliði (Ýngilizce) (Burslu);2;TYT;10;;2;;1;10, 18, 21, 22, 23, 24, 64;477991;340.34423;;
202754183;  Sivil Hava Ulaþtýrma Ýþletmeciliði (Ýngilizce) (%50 Ýndirimli);2;TYT;68;;;;;10, 18, 21, 22, 23, 24, 64;2387721;209.38952;;
202753794;  Sivil Havacýlýk Kabin Hizmetleri (Burslu);2;TYT;12;;2;;1;10, 18, 21, 64;519026;334.97795;;
202753801;  Sivil Havacýlýk Kabin Hizmetleri (%50 Ýndirimli);2;TYT;82;;;;;10, 18, 21, 64;1599853;253.05747;;
202754102;  Sivil Havacýlýk Kabin Hizmetleri (Ýngilizce) (Burslu);2;TYT;10;;2;;1;10, 18, 21, 22, 23, 24, 64;473010;341.03828;;
202754111;  Sivil Havacýlýk Kabin Hizmetleri (Ýngilizce) (%50 Ýndirimli);2;TYT;68;;;;;10, 18, 21, 22, 23, 24, 64;1851210;238.78428;;
202754314;  Turist Rehberliði (Burslu);2;TYT;7;;1;;1;18, 21, 64;471044;341.30736;;
202754332;  Turist Rehberliði (%50 Ýndirimli);2;TYT;47;;;;;18, 21, 64;2627587;193.29380;;
202753679;  Uçak Teknolojisi (Burslu);2;TYT;12;;2;;1;10, 18, 21, 64;323980;365.83584;;
202753704;  Uçak Teknolojisi (%25 Ýndirimli);2;TYT;82;;;;;10, 18, 21, 64;985580;292.26556;;
202754289;  Uçuþ Harekat Yöneticiliði (Burslu);2;TYT;10;;2;;1;10, 18, 21, 64;515255;335.46357;;
202790655;  Uçuþ Harekat Yöneticiliði (%50 Ýndirimli);2;TYT;67;;;;;10, 18, 21, 64;2160532;221.96564;;
202790599;  Web Tasarýmý ve Kodlama (Burslu);2;TYT;7;;1;;1;18, 21, 64;463911;342.29526;;
202790606;  Web Tasarýmý ve Kodlama (%50 Ýndirimli);2;TYT;47;;;;;18, 21, 64;2185270;220.62155;;
;Saðlýk Hizmetleri Meslek Yüksekokulu;;;;;;;;;;;;
202751929;  Aðýz ve Diþ Saðlýðý (Burslu);2;TYT;9;;1;;1;18, 21, 64;600409;325.56005;;
202790564;  Aðýz ve Diþ Saðlýðý (%50 Ýndirimli);2;TYT;59;;;;;18, 21, 64;...;----;;
202753034;  Ameliyathane Hizmetleri (Burslu);2;TYT;9;;1;;1;18, 21, 64;693057;316.25727;;
202753043;  Ameliyathane Hizmetleri (%50 Ýndirimli);2;TYT;59;;;;;18, 21, 64;2233027;218.00849;;
202751832;  Anestezi (Burslu);2;TYT;10;;2;;1;18, 21, 64;437682;346.08273;;
202751859;  Anestezi (%25 Ýndirimli);2;TYT;68;;;;;18, 21, 64;1513743;258.10080;;
202752009;  Biyomedikal Cihaz Teknolojisi (Burslu);2;TYT;4;;1;;1;18, 21, 64;772629;309.06354;;
202752018;  Biyomedikal Cihaz Teknolojisi (%50 Ýndirimli);2;TYT;30;;;;;18, 21, 64;2717368;182.35446;;
202750534;  Çocuk Geliþimi (Burslu);2;TYT;9;;1;;1;18, 21, 64;798866;306.80683;;
202753873;  Çocuk Geliþimi (%50 Ýndirimli);2;TYT;59;;;;;18, 21, 64;2710413;183.63869;;
202791054;  Dijital Saðlýk Sistemleri Teknikerliði (Burslu);2;TYT;14;;1;;1;18, 21, 64;...;----;;
202791061;  Dijital Saðlýk Sistemleri Teknikerliði (%50 Ýndirimli);2;TYT;15;;;;;18, 21, 64;...;----;;
202752081;  Diþ Protez Teknolojisi (Burslu);2;TYT;10;;2;;1;18, 21, 64;505991;336.65227;;
202752099;  Diþ Protez Teknolojisi (%50 Ýndirimli);2;TYT;68;;;;;18, 21, 64;1486502;259.72971;;
202751798;  Diyaliz (Burslu);2;TYT;7;;1;;1;18, 21, 64;755358;310.55208;;
202790662;  Diyaliz (%50 Ýndirimli);2;TYT;47;;;;;18, 21, 64;;;;
202753113;  Elektronörofizyoloji (Burslu);2;TYT;4;;1;;1;18, 21, 64;825753;304.56296;;
202753122;  Elektronörofizyoloji (%50 Ýndirimli);2;TYT;30;;;;;18, 21, 64;;;;
202751753;  Fizyoterapi (Burslu);2;TYT;9;;1;;1;18, 21, 64;602791;325.29731;;
202751762;  Fizyoterapi (%50 Ýndirimli);2;TYT;59;;;;;18, 21, 64;2439403;206.35139;;
202790879;  Fizyoterapi (Ýngilizce) (Burslu);2;TYT;4;;1;;1;18, 21, 22, 23, 24, 64;495234;338.06324;;
202790886;  Fizyoterapi (Ýngilizce) (%50 Ýndirimli);2;TYT;25;;;;;18, 21, 22, 23, 24, 64;;;;
202790373;  Gýda Kalite Kontrolü ve Analizi (Burslu);2;TYT;4;;1;;1;18, 21, 64;756059;310.49058;;
202790375;  Gýda Kalite Kontrolü ve Analizi (%50 Ýndirimli);2;TYT;30;;;;;18, 21, 64;2702739;184.91758;;
202751541;  Ýlk ve Acil Yardým (Ücretli);2;TYT;21;;;;;18, 64;2014951;229.84036;;
202751559;  Ýlk ve Acil Yardým (Burslu);2;TYT;10;;2;;1;18, 21, 64;515038;335.49648;;
202790781;  Ýlk ve Acil Yardým (%25 Ýndirimli);2;TYT;48;;;;;18, 21, 64;1755112;244.16842;;
202790456;  Laboratuvar Teknolojisi (Burslu);2;TYT;4;;1;;1;18, 21, 64;699184;315.67648;;
202790669;  Laboratuvar Teknolojisi (%50 Ýndirimli);2;TYT;30;;;;;18, 21, 64;;;;
202752327;  Odyometri (Burslu);2;TYT;9;;1;;1;18, 21, 64;758753;310.25356;;
202790676;  Odyometri (%50 Ýndirimli);2;TYT;25;;;;;18, 21, 64;;;;
202752954;  Optisyenlik (Burslu);2;TYT;7;;1;;1;18, 21, 64;674523;318.02760;;
202752963;  Optisyenlik (%50 Ýndirimli);2;TYT;47;;;;;18, 21, 64;2526062;200.89092;;
202752496;  Ortopedik Protez ve Ortez (Burslu);2;TYT;6;;1;;1;18, 21, 64;835959;303.72782;;
202752503;  Ortopedik Protez ve Ortez (%50 Ýndirimli);2;TYT;38;;;;;18, 21, 64;;;;
202790376;  Otopsi Yardýmcýlýðý (Burslu);2;TYT;6;;1;;1;18, 21, 64;688280;316.70278;;
202790378;  Otopsi Yardýmcýlýðý (%50 Ýndirimli);2;TYT;38;;;;;18, 21, 64;2395117;208.95689;;
202752636;  Patoloji Laboratuvar Teknikleri (Burslu);2;TYT;6;;1;;1;18, 21, 64;759350;310.20207;;
202752654;  Patoloji Laboratuvar Teknikleri (%50 Ýndirimli);2;TYT;38;;;;;18, 21, 64;;;;
202790379;  Podoloji (Burslu);2;TYT;6;;1;;1;18, 21, 64;682800;317.22259;;
202790381;  Podoloji (%50 Ýndirimli);2;TYT;38;;;;;18, 21, 64;;;;
202752787;  Radyoterapi (Burslu);2;TYT;7;;1;;1;18, 21, 64;759327;310.20357;;
202790567;  Radyoterapi (%50 Ýndirimli);2;TYT;47;;;;;18, 21, 64;...;----;;
202754138;  Saç Bakýmý ve Güzellik Hizmetleri (Burslu);2;TYT;6;;1;;1;18, 21, 64;746109;311.37934;;
202754156;  Saç Bakýmý ve Güzellik Hizmetleri (%50 Ýndirimli);2;TYT;38;;;;;18, 21, 64;2510280;201.92742;;
202791068;  Tele-Saðlýk Teknikerliði (Burslu);2;TYT;5;;1;;1;18, 21, 64;...;----;;
202791075;  Tele-Saðlýk Teknikerliði (%50 Ýndirimli);2;TYT;34;;;;;18, 21, 64;...;----;;
202751232;  Týbbi Dokümantasyon ve Sekreterlik (Burslu);2;TYT;10;;2;;1;18, 21, 64;619710;323.53060;;
202751241;  Týbbi Dokümantasyon ve Sekreterlik (%50 Ýndirimli);2;TYT;66;;;;;18, 21, 64;2092370;225.65625;;
202751577;  Týbbi Görüntüleme Teknikleri (Burslu);2;TYT;10;;2;;1;18, 21, 64;583192;327.43581;;
202751708;  Týbbi Görüntüleme Teknikleri (%50 Ýndirimli);2;TYT;68;;;;;18, 21, 64;2221852;218.62309;;
202752875;  Týbbi Laboratuvar Teknikleri (Burslu);2;TYT;10;;2;;1;18, 21, 64;648169;320.62665;;
202752884;  Týbbi Laboratuvar Teknikleri (%50 Ýndirimli);2;TYT;67;;;;;18, 21, 64;2537931;200.09869;;
202791082;  Týbbi Veri Ýþleme Teknikerliði (Burslu);2;TYT;5;;1;;1;18, 21, 64;...;----;;
202791089;  Týbbi Veri Ýþleme Teknikerliði (%50 Ýndirimli);2;TYT;34;;;;;18, 21, 64;...;----;;
;ÝSTANBUL KENT ÜNÝVERSÝTESÝ (Vakýf Üniversitesi) ;;;;;;;;;;;;
;Meslek Yüksekokulu;;;;;;;;;;;;
208750241;  Bilgisayar Programcýlýðý (Burslu);2;TYT;10;;1;;1;18, 21, 64;359976;358.88932;;
208750242;  Bilgisayar Programcýlýðý (%50 Ýndirimli);2;TYT;59;;;;;18, 21, 64;1097585;284.39279;;
208750607;  Biliþim Güvenliði Teknolojisi (Burslu);2;TYT;4;;1;;1;18, 21, 64;463475;342.35593;;
208750614;  Biliþim Güvenliði Teknolojisi (%50 Ýndirimli);2;TYT;25;;;;;18, 21, 64;1426251;263.34431;;
208750740;  E-Ticaret ve Pazarlama (Burslu);2;TYT;5;;1;;1;18, 21, 64;...;----;;
208750747;  E-Ticaret ve Pazarlama (%50 Ýndirimli);2;TYT;34;;;;;18, 21, 64;...;----;;
208750754;  Kozmetik Teknolojisi (Burslu);2;TYT;5;;1;;1;18, 21, 64;...;----;;
208750761;  Kozmetik Teknolojisi (%50 Ýndirimli);2;TYT;34;;;;;18, 21, 64;...;----;;
208750621;  Mahkeme Büro Hizmetleri (Burslu);2;TYT;4;;1;;1;18, 21, 64;724745;313.32006;;
208750628;  Mahkeme Büro Hizmetleri (%50 Ýndirimli);2;TYT;25;;;;;18, 21, 64;2213581;219.07913;;
208750243;  Saç Bakýmý ve Güzellik Hizmetleri (Burslu);2;TYT;4;;1;;1;18, 21, 64;645086;320.93534;;
208750244;  Saç Bakýmý ve Güzellik Hizmetleri (%50 Ýndirimli);2;TYT;25;;;;;18, 21, 64;2240221;217.61916;;
;Saðlýk Hizmetleri Meslek Yüksekokulu;;;;;;;;;;;;
208750189;  Aðýz ve Diþ Saðlýðý (Burslu);2;TYT;10;;2;;1;18, 21, 64;595941;326.04859;;
208750191;  Aðýz ve Diþ Saðlýðý (%50 Ýndirimli);2;TYT;68;;;;;18, 21, 64;1684413;248.17528;;
208750206;  Ameliyathane Hizmetleri (Burslu);2;TYT;10;;1;;1;18, 21, 64;699437;315.65254;;
208750207;  Ameliyathane Hizmetleri (%50 Ýndirimli);2;TYT;63;;;;;18, 21, 64;2131528;223.52691;;
208750167;  Anestezi (Burslu);2;TYT;10;;2;;1;18, 21, 64;448000;344.58041;;
208750168;  Anestezi (%50 Ýndirimli);2;TYT;68;;;;;18, 21, 64;1095665;284.52438;;
208750013;  Çocuk Geliþimi (Burslu);2;TYT;6;;1;;1;18, 21, 64;755651;310.52464;;
208750022;  Çocuk Geliþimi (%50 Ýndirimli);2;TYT;38;;;;;18, 21, 64;2452644;205.54652;;
208750768;  Dijital Saðlýk Sistemleri Teknikerliði (Burslu);2;TYT;4;;;;1;18, 21, 64;...;----;;
208750775;  Dijital Saðlýk Sistemleri Teknikerliði (%50 Ýndirimli);2;TYT;11;;;;;18, 21, 64;...;----;;
208750635;  Diþ Protez Teknolojisi (Burslu);2;TYT;4;;1;;1;18, 21, 64;484527;339.47255;;
208750642;  Diþ Protez Teknolojisi (%50 Ýndirimli);2;TYT;25;;;;;18, 21, 64;1288193;271.90231;;
208750245;  Eczane Hizmetleri (Burslu);2;TYT;7;;1;;1;18, 21, 64;701757;315.44011;;
208750246;  Eczane Hizmetleri (%50 Ýndirimli);2;TYT;42;;;;;18, 21, 64;2193165;220.18746;;
208750058;  Fizyoterapi (Burslu);2;TYT;10;;2;;1;18, 21, 64;623901;323.07864;;
208750067;  Fizyoterapi (%50 Ýndirimli);2;TYT;67;;;;;18, 21, 64;1985836;231.41077;;
208750076;  Ýlk ve Acil Yardým (Burslu);2;TYT;10;;2;;1;18, 21, 64;540738;332.32823;;
208750085;  Ýlk ve Acil Yardým (%50 Ýndirimli);2;TYT;68;;;;;18, 21, 64;1254321;274.04944;;
208750247;  Patoloji Laboratuvar Teknikleri (Burslu);2;TYT;7;;1;;1;18, 21, 64;746412;311.35116;;
208750248;  Patoloji Laboratuvar Teknikleri (%50 Ýndirimli);2;TYT;42;;;;;18, 21, 64;2673663;188.74652;;
208750782;  Tele-Saðlýk Teknikerliði (Burslu);2;TYT;5;;1;;1;18, 21, 64;...;----;;
208750789;  Tele-Saðlýk Teknikerliði (%50 Ýndirimli);2;TYT;34;;;;;18, 21, 64;...;----;;
208750137;  Týbbi Dokümantasyon ve Sekreterlik (Burslu);2;TYT;4;;1;;1;18, 21, 64;567998;329.14679;;
208750146;  Týbbi Dokümantasyon ve Sekreterlik (%50 Ýndirimli);2;TYT;28;;;;;18, 21, 64;1558391;255.48450;;
208750155;  Týbbi Görüntüleme Teknikleri (Burslu);2;TYT;10;;2;;1;18, 21, 64;599798;325.62358;;
208750164;  Týbbi Görüntüleme Teknikleri (%50 Ýndirimli);2;TYT;68;;;;;18, 21, 64;1817222;240.68043;;
208750249;  Týbbi Laboratuvar Teknikleri (Burslu);2;TYT;8;;1;;1;18, 21, 64;625519;322.91148;;
208750250;  Týbbi Laboratuvar Teknikleri (%50 Ýndirimli);2;TYT;46;;;;;18, 21, 64;2059850;227.40046;;
208750796;  Týbbi Veri Ýþleme Teknikerliði (Burslu);2;TYT;5;;1;;1;18, 21, 64;...;----;;
208750803;  Týbbi Veri Ýþleme Teknikerliði (%50 Ýndirimli);2;TYT;34;;;;;18, 21, 64;...;----;;
208750810;  Yaþlý Bakýmý (Burslu);2;TYT;5;;1;;1;18, 21, 64;...;----;;
208750817;  Yaþlý Bakýmý (%50 Ýndirimli);2;TYT;34;;;;;18, 21, 64;...;----;;
;ÝSTANBUL KÜLTÜR ÜNÝVERSÝTESÝ (Vakýf Üniversitesi) ;;;;;;;;;;;;
;Meslek Yüksekokulu;;;;;;;;;;;;
203090129;  Alternatif Enerji Kaynaklarý Teknolojisi (Burslu);2;TYT;4;;1;;1;18, 21, 64;486414;339.22362;;
203090131;  Alternatif Enerji Kaynaklarý Teknolojisi (%50 Ýndirimli);2;TYT;25;;;;;18, 21, 64;;;;
203050502;  Bankacýlýk ve Sigortacýlýk (Burslu);2;TYT;5;;1;;1;18, 21, 64;647749;320.66892;;
203050511;  Bankacýlýk ve Sigortacýlýk (%50 Ýndirimli);2;TYT;33;;;;;18, 21, 64;;;;
203090231;  Bilgisayar Programcýlýðý (Ücretli);2;TYT;15;;;;;18, 64;1963658;232.60393;;
203050441;  Bilgisayar Programcýlýðý (Burslu);2;TYT;13;;2;;1;18, 21, 64;292539;372.47749;;
203050459;  Bilgisayar Programcýlýðý (%50 Ýndirimli);2;TYT;70;;;;;18, 21, 64;2067813;226.97484;;
203051157;  Çocuk Geliþimi (Burslu);2;TYT;10;;1;;1;18, 21, 64;693024;316.25951;;
203051166;  Çocuk Geliþimi (%50 Ýndirimli);2;TYT;64;;;;;18, 21, 64;2486974;203.41800;;
203050538;  Dýþ Ticaret (Burslu);2;TYT;11;;2;;1;18, 21, 64;629181;322.53721;;
203050547;  Dýþ Ticaret (%50 Ýndirimli);2;TYT;72;;;;;18, 21, 64;;;;
203050423;  Elektronik Teknolojisi (Burslu);2;TYT;7;;1;;1;18, 21, 64;609271;324.60188;;
203050432;  Elektronik Teknolojisi (%50 Ýndirimli);2;TYT;42;;;;;18, 21, 64;;;;
203090152;  E-Ticaret ve Pazarlama (Burslu);2;TYT;9;;1;;1;18, 21, 64;523626;334.39798;;
203090153;  E-Ticaret ve Pazarlama (%50 Ýndirimli);2;TYT;55;;;;;18, 21, 64;;;;
203050741;  Grafik Tasarýmý (Burslu);2;TYT;13;;2;;1;18, 21, 64;491399;338.57053;;
203050759;  Grafik Tasarýmý (%50 Ýndirimli);2;TYT;85;;;;;18, 21, 64;2447704;205.84651;;
203050344;  Halkla Ýliþkiler ve Tanýtým (Burslu);2;TYT;6;;1;;1;18, 21, 64;707575;314.90329;;
203050565;  Halkla Ýliþkiler ve Tanýtým (%50 Ýndirimli);2;TYT;38;;;;;18, 21, 64;;;;
203051096;  Hava Lojistiði (Burslu);2;TYT;7;;1;;1;18, 21, 64;631716;322.27904;;
203051103;  Hava Lojistiði (%50 Ýndirimli);2;TYT;42;;;;;18, 21, 64;2531677;200.52757;;
203050671;  Ýklimlendirme ve Soðutma Teknolojisi (Burslu);2;TYT;8;;1;;1;18, 21, 64;839133;303.47721;;
203090172;  Ýklimlendirme ve Soðutma Teknolojisi (%50 Ýndirimli);2;TYT;51;;;;;18, 21, 64;2292288;214.76258;;
203090319;  Ýnsansýz Hava Aracý Teknolojisi ve Operatörlüðü (Burslu);2;TYT;5;;1;;1;18, 21, 64;...;----;;
203090326;  Ýnsansýz Hava Aracý Teknolojisi ve Operatörlüðü (%50 Ýndirimli);2;TYT;34;;;;;18, 21, 64;...;----;;
203051545;  Ýnþaat Teknolojisi (Burslu);2;TYT;9;;1;;1;18, 21, 64;564816;329.51529;;
203051554;  Ýnþaat Teknolojisi (%50 Ýndirimli);2;TYT;55;;;;;18, 21, 64;2641351;192.06512;;
203050389;  Ýþletme Yönetimi (Burslu);2;TYT;10;;1;;1;18, 21, 64;710620;314.61959;;
203050398;  Ýþletme Yönetimi (%50 Ýndirimli);2;TYT;59;;;;;18, 21, 64;;;;
203050786;  Lojistik (Burslu);2;TYT;8;;1;;1;18, 21, 64;644390;321.00362;;
203050795;  Lojistik (%50 Ýndirimli);2;TYT;51;;;;;18, 21, 64;;;;
203090238;  Mahkeme Büro Hizmetleri (Burslu);2;TYT;5;;1;;1;18, 21, 64;468829;341.60666;;
203090245;  Mahkeme Büro Hizmetleri (%50 Ýndirimli);2;TYT;34;;;;;18, 21, 64;2614220;194.42922;;
203051193;  Moda Tasarýmý (Burslu);2;TYT;8;;1;;1;18, 21, 64;555335;330.61804;;
203051209;  Moda Tasarýmý (%50 Ýndirimli);2;TYT;51;;;;;18, 21, 64;1927705;234.56800;;
203051351;  Optisyenlik (Burslu);2;TYT;9;;1;;1;18, 21, 64;694788;316.09471;;
203051369;  Optisyenlik (%50 Ýndirimli);2;TYT;54;;;;;18, 21, 64;2642053;192.00034;;
203051387;  Sivil Hava Ulaþtýrma Ýþletmeciliði (Burslu);2;TYT;8;;1;;1;10, 18, 21, 64;564158;329.59563;;
203051396;  Sivil Hava Ulaþtýrma Ýþletmeciliði (%50 Ýndirimli);2;TYT;51;;;;;10, 18, 21, 64;2098681;225.31546;;
203090333;  Sivil Havacýlýk Kabin Hizmetleri (Ücretli);2;TYT;5;;;;;10, 18, 64;...;----;;
203051421;  Sivil Havacýlýk Kabin Hizmetleri (Burslu);2;TYT;12;;2;;1;10, 18, 21, 64;522700;334.51418;;
203051439;  Sivil Havacýlýk Kabin Hizmetleri (%50 Ýndirimli);2;TYT;71;;;;;10, 18, 21, 64;1491817;259.40598;;
203090101;  Týbbi Dokümantasyon ve Sekreterlik (Burslu);2;TYT;6;;1;;1;18, 21, 64;530728;333.51677;;
203090103;  Týbbi Dokümantasyon ve Sekreterlik (%50 Ýndirimli);2;TYT;42;;;;;18, 21, 64;2098142;225.34464;;
203050098;  Turizm ve Otel Ýþletmeciliði (Burslu);2;TYT;7;;1;;1;18, 21, 64;712125;314.48082;;
203050714;  Turizm ve Otel Ýþletmeciliði (%50 Ýndirimli);2;TYT;42;;;;;18, 21, 64;2593407;196.09774;;
203090340;  Uçak Teknolojisi (Ücretli);2;TYT;5;;;;;10, 18, 64;...;----;;
203051236;  Uçak Teknolojisi (Burslu);2;TYT;10;;2;;1;10, 18, 21, 64;347365;361.24739;;
203051245;  Uçak Teknolojisi (%50 Ýndirimli);2;TYT;62;;;;;10, 18, 21, 64;1164493;279.88970;;
203090347;  Uçuþ Harekat Yöneticiliði (Ücretli);2;TYT;3;;;;;10, 18, 64;...;----;;
203090118;  Uçuþ Harekat Yöneticiliði (Burslu);2;TYT;10;;1;;1;10, 18, 21, 64;536122;332.87568;;
203090120;  Uçuþ Harekat Yöneticiliði (%50 Ýndirimli);2;TYT;56;;;;;10, 18, 21, 64;2206035;219.49350;;
;ÝSTANBUL MEDÝPOL ÜNÝVERSÝTESÝ (Vakýf Üniversitesi) ;;;;;;;;;;;;YÖKAK
;Meslek Yüksekokulu;;;;;;;;;;;;
203151174;  Aðýz ve Diþ Saðlýðý (Burslu);2;TYT;10;;2;;1;18, 21, 64;451783;344.03598;;
203151183;  Aðýz ve Diþ Saðlýðý (%50 Ýndirimli);2;TYT;68;;;;;18, 21, 64;...;----;;
203151192;  Ameliyathane Hizmetleri (Burslu);2;TYT;10;;2;;1;18, 21, 64;562627;329.77135;;
203151208;  Ameliyathane Hizmetleri (%50 Ýndirimli);2;TYT;68;;;;;18, 21, 64;...;----;;
203151217;  Anestezi (Burslu);2;TYT;10;;2;;1;18, 21, 64;295779;371.76184;;
203151226;  Anestezi (%50 Ýndirimli);2;TYT;68;;;;;18, 21, 64;...;----;;
203190890;  Arka-Yüz Yazýlým Geliþtirme (Burslu) (Ýngilizce);2;TYT;10;;2;;1;18, 21, 22, 23, 24, 64, 320;...;----;;
203190897;  Arka-Yüz Yazýlým Geliþtirme (%50 Ýndirimli) (Ýngilizce);2;TYT;68;;;;;18, 21, 22, 23, 24, 64, 320;...;----;;
203151077;  Bilgisayar Programcýlýðý (Burslu);2;TYT;12;;2;;1;18, 21, 64;207428;394.84593;;
203151086;  Bilgisayar Programcýlýðý (%50 Ýndirimli);2;TYT;76;;;;;18, 21, 64;...;----;;
203190904;  Bilgisayar Programcýlýðý (Ýngilizce) (Burslu);2;TYT;10;;2;;1;18, 21, 22, 23, 24, 64;...;----;;
203190911;  Bilgisayar Programcýlýðý (Ýngilizce) (%50 Ýndirimli);2;TYT;68;;;;;18, 21, 22, 23, 24, 64;...;----;;
203151986;  Biyomedikal Cihaz Teknolojisi (Burslu);2;TYT;7;;1;;1;18, 21, 64;609775;324.55133;;
203151995;  Biyomedikal Cihaz Teknolojisi (%50 Ýndirimli);2;TYT;47;;;;;18, 21, 64;...;----;;
203151235;  Çocuk Geliþimi (Burslu);2;TYT;10;;1;;1;18, 21, 64;647031;320.73909;;
203151244;  Çocuk Geliþimi (%50 Ýndirimli);2;TYT;59;;;;;18, 21, 64;...;----;;
203151253;  Diþ Protez Teknolojisi (Burslu);2;TYT;10;;2;;1;18, 21, 64;347739;361.17533;;
203151262;  Diþ Protez Teknolojisi (%50 Ýndirimli);2;TYT;68;;;;;18, 21, 64;...;----;;
203190918;  Diþ Protez Teknolojisi (Ýngilizce) (Burslu);2;TYT;10;;2;;1;18, 21, 22, 23, 24, 64;...;----;;
203190925;  Diþ Protez Teknolojisi (Ýngilizce) (%50 Ýndirimli);2;TYT;68;;;;;18, 21, 22, 23, 24, 64;...;----;;
203151271;  Diyaliz (Burslu);2;TYT;10;;2;;1;18, 21, 64;667112;318.75674;;
203151289;  Diyaliz (%50 Ýndirimli);2;TYT;68;;;;;18, 21, 64;...;----;;
203151298;  Elektronörofizyoloji (Burslu);2;TYT;5;;1;;1;18, 21, 64;735957;312.28966;;
203151305;  Elektronörofizyoloji (%50 Ýndirimli);2;TYT;34;;;;;18, 21, 64;...;----;;
203151314;  Fizyoterapi (Burslu);2;TYT;10;;2;;1;18, 21, 64;437601;346.09287;;
203151323;  Fizyoterapi (%50 Ýndirimli);2;TYT;68;;;;;18, 21, 64;...;----;;
203190039;  Ýç Mekan Tasarýmý (Burslu);2;TYT;10;;2;;1;18, 21, 64;481921;339.82019;;
203190040;  Ýç Mekan Tasarýmý (%50 Ýndirimli);2;TYT;68;;;;;18, 21, 64;...;----;;
203151332;  Ýlk ve Acil Yardým (Burslu);2;TYT;10;;2;;1;18, 21, 64;417733;349.12818;;
203151341;  Ýlk ve Acil Yardým (%50 Ýndirimli);2;TYT;68;;;;;18, 21, 64;...;----;;
203151095;  Ýnþaat Teknolojisi (Burslu);2;TYT;10;;1;;1;18, 21, 64;534830;333.03431;;
203151102;  Ýnþaat Teknolojisi (%50 Ýndirimli);2;TYT;59;;;;;18, 21, 64;...;----;;
203151359;  Ýþ Saðlýðý ve Güvenliði (Burslu);2;TYT;5;;1;;1;18, 21, 64;661800;319.27746;;
203152003;  Ýþ Saðlýðý ve Güvenliði (%50 Ýndirimli);2;TYT;34;;;;;18, 21, 64;...;----;;
203150997;  Mimari Restorasyon (Burslu);2;TYT;10;;1;;1;18, 21, 64;516657;335.28264;;
203151005;  Mimari Restorasyon (%50 Ýndirimli);2;TYT;59;;;;;18, 21, 64;...;----;;
203151368;  Odyometri (Burslu);2;TYT;10;;1;;1;18, 21, 64;653607;320.08211;;
203151377;  Odyometri (%50 Ýndirimli);2;TYT;61;;;;;18, 21, 64;...;----;;
203151483;  Optisyenlik (Burslu);2;TYT;8;;1;;1;18, 21, 64;616360;323.87733;;
203151492;  Optisyenlik (%50 Ýndirimli);2;TYT;46;;;;;18, 21, 64;...;----;;
203151386;  Radyoterapi (Burslu);2;TYT;9;;1;;1;18, 21, 64;642411;321.20154;;
203151395;  Radyoterapi (%50 Ýndirimli);2;TYT;57;;;;;18, 21, 64;...;----;;
203190862;  Robotik ve Yapay Zeka (Burslu) (Ýngilizce);2;TYT;10;;2;;1;18, 21, 22, 23, 24, 64, 320;...;----;;
203190869;  Robotik ve Yapay Zeka (%50 Ýndirimli) (Ýngilizce);2;TYT;68;;;;;18, 21, 22, 23, 24, 64, 320;...;----;;
203151402;  Saðlýk Kurumlarý Ýþletmeciliði (Burslu);2;TYT;4;;1;;1;18, 21, 64;690976;316.45191;;
203151411;  Saðlýk Kurumlarý Ýþletmeciliði (%50 Ýndirimli);2;TYT;25;;;;;18, 21, 64;...;----;;
203190876;  Siber Güvenlik (Burslu) (Ýngilizce);2;TYT;10;;2;;1;18, 21, 22, 23, 24, 64;...;----;;
203190883;  Siber Güvenlik (%50 Ýndirimli) (Ýngilizce);2;TYT;68;;;;;18, 21, 22, 23, 24, 64;...;----;;
203152066;  Sivil Hava Ulaþtýrma Ýþletmeciliði (Burslu);2;TYT;10;;1;;1;10, 18, 21, 64;501271;337.26167;;
203152075;  Sivil Hava Ulaþtýrma Ýþletmeciliði (%50 Ýndirimli);2;TYT;59;;;;;10, 18, 21, 64;...;----;;
203151429;  Týbbi Dokümantasyon ve Sekreterlik (Burslu);2;TYT;10;;2;;1;18, 21, 64;491167;338.60072;;
203151438;  Týbbi Dokümantasyon ve Sekreterlik (%50 Ýndirimli);2;TYT;68;;;;;18, 21, 64;...;----;;
203151447;  Týbbi Görüntüleme Teknikleri (Burslu);2;TYT;10;;2;;1;18, 21, 64;443735;345.19366;;
203151456;  Týbbi Görüntüleme Teknikleri (%50 Ýndirimli);2;TYT;68;;;;;18, 21, 64;...;----;;
203151465;  Týbbi Laboratuvar Teknikleri (Burslu);2;TYT;10;;2;;1;18, 21, 64;501555;337.22772;;
203151474;  Týbbi Laboratuvar Teknikleri (%50 Ýndirimli);2;TYT;68;;;;;18, 21, 64;...;----;;
;Saðlýk Hizmetleri Meslek Yüksekokulu;;;;;;;;;;;;
203150016;  Aðýz ve Diþ Saðlýðý (Burslu);2;TYT;10;;2;;1;18, 21, 64;450207;344.26099;;
203150025;  Aðýz ve Diþ Saðlýðý (%50 Ýndirimli);2;TYT;68;;;;;18, 21, 64;...;----;;
203150176;  Ameliyathane Hizmetleri (Burslu);2;TYT;10;;2;;1;18, 21, 64;554505;330.70909;;
203150185;  Ameliyathane Hizmetleri (%50 Ýndirimli);2;TYT;68;;;;;18, 21, 64;...;----;;
203150052;  Anestezi (Burslu);2;TYT;10;;2;;1;18, 21, 64;306022;369.55970;;
203150061;  Anestezi (%50 Ýndirimli);2;TYT;68;;;;;18, 21, 64;...;----;;
203152021;  Anestezi (Ýngilizce) (Burslu);2;TYT;10;;2;;1;18, 21, 22, 23, 24, 64;327183;365.17585;;
203152039;  Anestezi (Ýngilizce) (%50 Ýndirimli);2;TYT;68;;;;;18, 21, 22, 23, 24, 64;...;----;;
203150616;  Çocuk Geliþimi (Burslu);2;TYT;10;;2;;1;18, 21, 64;618687;323.64354;;
203150625;  Çocuk Geliþimi (%50 Ýndirimli);2;TYT;68;;;;;18, 21, 64;...;----;;
203150034;  Diþ Protez Teknolojisi (Burslu);2;TYT;10;;2;;1;18, 21, 64;261718;379.76783;;
203150043;  Diþ Protez Teknolojisi (%50 Ýndirimli);2;TYT;68;;;;;18, 21, 64;...;----;;
203150079;  Diyaliz (Burslu);2;TYT;10;;2;;1;18, 21, 64;630587;322.39470;;
203150088;  Diyaliz (%50 Ýndirimli);2;TYT;68;;;;;18, 21, 64;...;----;;
203150219;  Eczane Hizmetleri (Burslu);2;TYT;5;;1;;1;18, 21, 64;353600;360.05123;;
203150228;  Eczane Hizmetleri (%50 Ýndirimli);2;TYT;34;;;;;18, 21, 64;...;----;;
203150097;  Elektronörofizyoloji (Burslu);2;TYT;10;;1;;1;18, 21, 64;720006;313.75837;;
203150104;  Elektronörofizyoloji (%50 Ýndirimli);2;TYT;59;;;;;18, 21, 64;...;----;;
203150634;  Fizyoterapi (Burslu);2;TYT;10;;2;;1;18, 21, 64;426285;347.80283;;
203150643;  Fizyoterapi (%50 Ýndirimli);2;TYT;68;;;;;18, 21, 64;...;----;;
203152048;  Fizyoterapi (Ýngilizce) (Burslu);2;TYT;10;;1;;1;18, 21, 22, 23, 24, 64;326919;365.23325;;
203152057;  Fizyoterapi (Ýngilizce) (%50 Ýndirimli);2;TYT;59;;;;;18, 21, 22, 23, 24, 64;...;----;;
203150194;  Ýlk ve Acil Yardým (Burslu);2;TYT;10;;2;;1;18, 21, 64;356539;359.51150;*;MEDEK
203150201;  Ýlk ve Acil Yardým (%50 Ýndirimli);2;TYT;68;;;;;18, 21, 64;...;----;*;MEDEK
203190041;  Ýlk ve Acil Yardým (Ýngilizce) (Burslu);2;TYT;10;;2;;1;18, 21, 22, 23, 24, 64;423662;348.21747;*;MEDEK
203190042;  Ýlk ve Acil Yardým (Ýngilizce) (%50 Ýndirimli);2;TYT;68;;;;;18, 21, 22, 23, 24, 64;...;----;*;MEDEK
203150237;  Ýþ Saðlýðý ve Güvenliði (Burslu);2;TYT;7;;1;;1;18, 21, 64;722451;313.53032;;
203150246;  Ýþ Saðlýðý ve Güvenliði (%50 Ýndirimli);2;TYT;42;;;;;18, 21, 64;...;----;;
203150255;  Odyometri (Burslu);2;TYT;10;;2;;1;18, 21, 64;594148;326.24530;;
203150264;  Odyometri (%50 Ýndirimli);2;TYT;68;;;;;18, 21, 64;...;----;;
203150334;  Optisyenlik (Burslu);2;TYT;10;;1;;1;18, 21, 64;570517;328.85687;;
203150343;  Optisyenlik (%50 Ýndirimli);2;TYT;59;;;;;18, 21, 64;...;----;;
203150679;  Patoloji Laboratuvar Teknikleri (Burslu);2;TYT;8;;1;;1;18, 21, 64;591071;326.57363;;
203150688;  Patoloji Laboratuvar Teknikleri (%50 Ýndirimli);2;TYT;51;;;;;18, 21, 64;...;----;;
203150273;  Radyoterapi (Burslu);2;TYT;10;;2;;1;18, 21, 64;641675;321.27760;;
203150282;  Radyoterapi (%50 Ýndirimli);2;TYT;68;;;;;18, 21, 64;...;----;;
203150652;  Saðlýk Kurumlarý Ýþletmeciliði (Burslu);2;TYT;4;;1;;1;18, 21, 64;591581;326.52165;;
203150661;  Saðlýk Kurumlarý Ýþletmeciliði (%50 Ýndirimli);2;TYT;25;;;;;18, 21, 64;...;----;;
203150158;  Týbbi Dokümantasyon ve Sekreterlik (Burslu);2;TYT;10;;2;;1;18, 21, 64;452897;343.87645;;
203150167;  Týbbi Dokümantasyon ve Sekreterlik (%50 Ýndirimli);2;TYT;68;;;;;18, 21, 64;...;----;;
203150131;  Týbbi Görüntüleme Teknikleri (Burslu);2;TYT;10;;2;;1;18, 21, 64;412125;350.02116;;
203150149;  Týbbi Görüntüleme Teknikleri (%50 Ýndirimli);2;TYT;68;;;;;18, 21, 64;...;----;;
203150113;  Týbbi Laboratuvar Teknikleri (Burslu);2;TYT;10;;2;;1;18, 21, 64;463567;342.34291;*;MEDEK
203150122;  Týbbi Laboratuvar Teknikleri (%50 Ýndirimli);2;TYT;68;;;;;18, 21, 64;...;----;*;MEDEK
;Sosyal Bilimler Meslek Yüksekokulu;;;;;;;;;;;;
203150379;  Bankacýlýk ve Sigortacýlýk (Burslu);2;TYT;8;;1;;1;18, 21, 64;544833;331.84569;*;MEDEK
203150388;  Bankacýlýk ve Sigortacýlýk (%50 Ýndirimli);2;TYT;51;;;;;18, 21, 64;...;----;*;MEDEK
203150397;  Dýþ Ticaret (Burslu);2;TYT;8;;1;;1;18, 21, 64;531893;333.38358;;
203150404;  Dýþ Ticaret (%50 Ýndirimli);2;TYT;46;;;;;18, 21, 64;...;----;;
203150413;  Halkla Ýliþkiler ve Tanýtým (Burslu);2;TYT;7;;1;;1;18, 21, 64;579382;327.86147;;
203150422;  Halkla Ýliþkiler ve Tanýtým (%50 Ýndirimli);2;TYT;42;;;;;18, 21, 64;...;----;;
203150431;  Ýnsan Kaynaklarý Yönetimi (Burslu);2;TYT;7;;1;;1;18, 21, 64;522680;334.51688;;
203150449;  Ýnsan Kaynaklarý Yönetimi (%50 Ýndirimli);2;TYT;42;;;;;18, 21, 64;...;----;;
203150458;  Ýþletme Yönetimi (Burslu);2;TYT;7;;1;;1;18, 21, 64;480109;340.06221;;
203150467;  Ýþletme Yönetimi (%50 Ýndirimli);2;TYT;42;;;;;18, 21, 64;...;----;;
203150591;  Lojistik (Burslu);2;TYT;8;;1;;1;18, 21, 64;450923;344.16422;;
203150607;  Lojistik (%50 Ýndirimli);2;TYT;51;;;;;18, 21, 64;...;----;;
203190638;  Mahkeme Büro Hizmetleri (Burslu);2;TYT;8;;1;;1;18, 21, 64;675241;317.95749;;
203190988;  Mahkeme Büro Hizmetleri (%50 Ýndirimli);2;TYT;51;;;;;18, 21, 64;...;----;;
203150476;  Maliye (Burslu);2;TYT;7;;1;;1;18, 21, 64;607767;324.76673;;
203150485;  Maliye (%50 Ýndirimli);2;TYT;47;;;;;18, 21, 64;...;----;;
203150494;  Muhasebe ve Vergi Uygulamalarý (Burslu);2;TYT;7;;1;;1;18, 21, 64;612934;324.22923;*;MEDEK
203150501;  Muhasebe ve Vergi Uygulamalarý (%50 Ýndirimli);2;TYT;47;;;;;18, 21, 64;...;----;*;MEDEK
203190095;  Sivil Havacýlýk Kabin Hizmetleri (Burslu);2;TYT;8;;1;;1;10, 18, 21, 64;443496;345.22692;;
203190096;  Sivil Havacýlýk Kabin Hizmetleri (%50 Ýndirimli);2;TYT;51;;;;;10, 18, 21, 64;...;----;;
203150537;  Sosyal Hizmetler (Burslu);2;TYT;5;;1;;1;18, 21, 64;649188;320.52610;;
203150546;  Sosyal Hizmetler (%50 Ýndirimli);2;TYT;34;;;;;18, 21, 64;...;----;;
;ÝSTANBUL NÝÞANTAÞI ÜNÝVERSÝTESÝ (Vakýf Üniversitesi) ;;;;;;;;;;;;
;Meslek Yüksekokulu;;;;;;;;;;;;
210400843;  Aþçýlýk (Ücretli);2;TYT;1;;;;;18, 64;1583845;254.00084;*;TUADER
210400836;  Aþçýlýk (Burslu);2;TYT;12;;2;;1;18, 21, 64;575737;328.26131;*;TUADER
210400850;  Aþçýlýk (%50 Ýndirimli);2;TYT;75;;;;;18, 21, 64;1524298;257.48448;*;TUADER
210400885;  Bankacýlýk ve Sigortacýlýk (Ücretli);2;TYT;1;;;;;18, 64;1563818;255.16989;;
210400878;  Bankacýlýk ve Sigortacýlýk (Burslu);2;TYT;10;;1;;1;18, 21, 64;689516;316.58771;;
210400892;  Bankacýlýk ve Sigortacýlýk (%50 Ýndirimli);2;TYT;60;;;;;18, 21, 64;1512760;258.16189;;
210400927;  Bilgisayar Programcýlýðý (Ücretli);2;TYT;1;;;;;18, 64;912873;297.67581;;
210400920;  Bilgisayar Programcýlýðý (Burslu);2;TYT;13;;2;;1;18, 21, 64;339058;362.81194;;
210400934;  Bilgisayar Programcýlýðý (%50 Ýndirimli);2;TYT;84;;;;;18, 21, 64;1113598;283.30739;;
210400969;  Deniz Ulaþtýrma ve Ýþletme (Ücretli);2;TYT;1;;;;;11, 18, 64;1033829;288.80975;;
210400962;  Deniz Ulaþtýrma ve Ýþletme (Burslu);2;TYT;12;;2;;1;11, 18, 21, 64;389791;353.64985;;
210400976;  Deniz Ulaþtýrma ve Ýþletme (%50 Ýndirimli);2;TYT;75;;;;;11, 18, 21, 64;1126018;282.47231;;
210400990;  Dýþ Ticaret (Ücretli);2;TYT;1;;;;;18, 64;1304018;270.90569;;
210400983;  Dýþ Ticaret (Burslu);2;TYT;12;;2;;1;18, 21, 64;636354;321.80434;;
210400997;  Dýþ Ticaret (%50 Ýndirimli);2;TYT;75;;;;;18, 21, 64;1376382;266.40906;;
210401032;  Elektrik (Ücretli);2;TYT;1;;;;;18, 64;1667926;249.12728;;
210401025;  Elektrik (Burslu);2;TYT;13;;2;;1;18, 21, 64;663799;319.07653;;
210401039;  Elektrik (%50 Ýndirimli);2;TYT;84;;;;;18, 21, 64;1500181;258.90885;;
210402880;  Elektronik Teknolojisi (Ücretli);2;TYT;1;;;;;18, 64;...;----;;
210402873;  Elektronik Teknolojisi (Burslu);2;TYT;5;;1;;1;18, 21, 64;...;----;;
210402887;  Elektronik Teknolojisi (%50 Ýndirimli);2;TYT;33;;;;;18, 21, 64;...;----;;
210402691;  Fotoðrafçýlýk ve Kameramanlýk (Ücretli);2;TYT;1;;;;;18, 64;2048514;228.01699;;
210402684;  Fotoðrafçýlýk ve Kameramanlýk (Burslu);2;TYT;10;;1;;1;18, 21, 64;495877;337.97164;;
210402698;  Fotoðrafçýlýk ve Kameramanlýk (%50 Ýndirimli);2;TYT;60;;;;;18, 21, 64;2023591;229.38048;;
210401053;  Grafik Tasarýmý (Ücretli);2;TYT;1;;;;;18, 64;1215007;276.60113;;
210401046;  Grafik Tasarýmý (Burslu);2;TYT;11;;2;;1;18, 21, 64;507344;336.47714;;
210401060;  Grafik Tasarýmý (%50 Ýndirimli);2;TYT;75;;;;;18, 21, 64;1359598;267.46205;;
210401095;  Halkla Ýliþkiler ve Tanýtým (Ücretli);2;TYT;1;;;;;18, 64;1639132;250.77812;;
210401088;  Halkla Ýliþkiler ve Tanýtým (Burslu);2;TYT;10;;1;;1;18, 21, 64;744177;311.55118;;
210401102;  Halkla Ýliþkiler ve Tanýtým (%50 Ýndirimli);2;TYT;63;;;;;18, 21, 64;1840590;239.37715;;
210401116;  Ýç Mekan Tasarýmý (Ücretli);2;TYT;1;;;;;18, 64;1588038;253.75188;;
210401109;  Ýç Mekan Tasarýmý (Burslu);2;TYT;11;;2;;1;18, 21, 64;644563;320.98649;;
210401123;  Ýç Mekan Tasarýmý (%50 Ýndirimli);2;TYT;70;;;;;18, 21, 64;1703370;247.09769;;
210402901;  Ýnsansýz Araç Teknikerliði (Ücretli);2;TYT;1;;;;;18, 64, 320;...;----;;
210402894;  Ýnsansýz Araç Teknikerliði (Burslu);2;TYT;5;;1;;1;18, 21, 64, 320;...;----;;
210402908;  Ýnsansýz Araç Teknikerliði (%50 Ýndirimli);2;TYT;33;;;;;18, 21, 64, 320;...;----;;
210401137;  Ýnþaat Teknolojisi (Ücretli);2;TYT;1;;;;;18, 64;1679917;248.43740;;
210401130;  Ýnþaat Teknolojisi (Burslu);2;TYT;10;;2;;1;18, 21, 64;640609;321.38226;;
210401144;  Ýnþaat Teknolojisi (%50 Ýndirimli);2;TYT;67;;;;;18, 21, 64;1780544;242.73136;;
210402607;  Ýnternet ve Að Teknolojileri (Ücretli);2;TYT;1;;;;;18, 64;1783314;242.57253;;
210402600;  Ýnternet ve Að Teknolojileri (Burslu);2;TYT;8;;1;;1;18, 21, 64;557881;330.31756;;
210402614;  Ýnternet ve Að Teknolojileri (%50 Ýndirimli);2;TYT;50;;;;;18, 21, 64;1778880;242.82521;;
210401179;  Ýþletme Yönetimi (Ücretli);2;TYT;1;;;;;18, 64;1035567;288.68718;;
210401172;  Ýþletme Yönetimi (Burslu);2;TYT;9;;1;;1;18, 21, 64;678854;317.61305;;
210401186;  Ýþletme Yönetimi (%50 Ýndirimli);2;TYT;53;;;;;18, 21, 64;1594674;253.36514;;
210401221;  Lojistik (Ücretli);2;TYT;1;;;;;18, 64;1525475;257.41271;;
210401214;  Lojistik (Burslu);2;TYT;11;;2;;1;18, 21, 64;716556;314.07107;;
210401228;  Lojistik (%50 Ýndirimli);2;TYT;75;;;;;18, 21, 64;1518582;257.81894;;
210402628;  Mahkeme Büro Hizmetleri (Ücretli);2;TYT;1;;;;;18, 64;804936;306.29837;;
210402621;  Mahkeme Büro Hizmetleri (Burslu);2;TYT;7;;1;;1;18, 21, 64;671010;318.37362;;
210402635;  Mahkeme Büro Hizmetleri (%50 Ýndirimli);2;TYT;41;;;;;18, 21, 64;1883706;236.98591;;
210401242;  Makine (Ücretli);2;TYT;1;;;;;18, 64;1174252;279.24150;;
210401235;  Makine (Burslu);2;TYT;13;;2;;1;18, 21, 64;627400;322.71720;;
210401249;  Makine (%50 Ýndirimli);2;TYT;84;;;;;18, 21, 64;1741236;244.94829;;
210402922;  Marina ve Yat Ýþletmeciliði (Ücretli);2;TYT;1;;;;;18, 64;...;----;;
210402915;  Marina ve Yat Ýþletmeciliði (Burslu);2;TYT;5;;1;;1;18, 21, 64;...;----;;
210402929;  Marina ve Yat Ýþletmeciliði (%50 Ýndirimli);2;TYT;33;;;;;18, 21, 64;...;----;;
210402649;  Mekatronik (Ücretli);2;TYT;1;;;;;18, 64;1433146;262.92518;;
210402642;  Mekatronik (Burslu);2;TYT;10;;1;;1;18, 21, 64;512178;335.85298;;
210402656;  Mekatronik (%50 Ýndirimli);2;TYT;60;;;;;18, 21, 64;1404369;264.70002;;
210401263;  Mimari Restorasyon (Ücretli);2;TYT;1;;;;;18, 64;2147946;222.65319;;
210401256;  Mimari Restorasyon (Burslu);2;TYT;11;;2;;1;18, 21, 64;658769;319.57054;;
210401270;  Mimari Restorasyon (%50 Ýndirimli);2;TYT;75;;;;;18, 21, 64;1922278;234.86074;;
210402670;  Mobil Teknolojileri (Ücretli);2;TYT;1;;;;;18, 64;1504051;258.67923;;
210402663;  Mobil Teknolojileri (Burslu);2;TYT;10;;1;;1;18, 21, 64;608562;324.67748;;
210402677;  Mobil Teknolojileri (%50 Ýndirimli);2;TYT;60;;;;;18, 21, 64;1972117;232.15190;;
210401305;  Moda Tasarýmý (Ücretli);2;TYT;1;;;;;18, 64;934981;296.01904;;
210401298;  Moda Tasarýmý (Burslu);2;TYT;6;;1;;1;18, 21, 64;400728;351.83302;;
210401312;  Moda Tasarýmý (%50 Ýndirimli);2;TYT;40;;;;;18, 21, 64;1118027;283.00772;;
210401326;  Muhasebe ve Vergi Uygulamalarý (Ücretli);2;TYT;1;;;;;18, 64;1359136;267.49223;;
210401319;  Muhasebe ve Vergi Uygulamalarý (Burslu);2;TYT;10;;2;;1;18, 21, 64;738888;312.02119;;
210401333;  Muhasebe ve Vergi Uygulamalarý (%50 Ýndirimli);2;TYT;65;;;;;18, 21, 64;1801267;241.56385;;
210401347;  Otomotiv Teknolojisi (Ücretli);2;TYT;1;;;;;18, 64;1638935;250.78875;;
210401340;  Otomotiv Teknolojisi (Burslu);2;TYT;12;;2;;1;18, 21, 64;669640;318.50446;;
210401354;  Otomotiv Teknolojisi (%50 Ýndirimli);2;TYT;78;;;;;18, 21, 64;1609654;252.49359;;
210401389;  Sivil Hava Ulaþtýrma Ýþletmeciliði (Ücretli);2;TYT;1;;;;;10, 18, 64;1568712;254.88307;;
210401382;  Sivil Hava Ulaþtýrma Ýþletmeciliði (Burslu);2;TYT;12;;2;;1;10, 18, 21, 64;644156;321.02728;;
210401396;  Sivil Hava Ulaþtýrma Ýþletmeciliði (%50 Ýndirimli);2;TYT;77;;;;;10, 18, 21, 64;1446277;262.13929;;
210401431;  Sivil Havacýlýk Kabin Hizmetleri (Ücretli);2;TYT;1;;;;;10, 18, 64;924321;296.81858;;
210401424;  Sivil Havacýlýk Kabin Hizmetleri (Burslu);2;TYT;11;;2;;1;10, 18, 21, 64;516961;335.24435;;
210401438;  Sivil Havacýlýk Kabin Hizmetleri (%50 Ýndirimli);2;TYT;75;;;;;10, 18, 21, 64;1047635;287.84361;;
210401494;  Turist Rehberliði (Ücretli);2;TYT;1;;;;;18, 64;1861401;238.22404;*;TUADER
210401487;  Turist Rehberliði (Burslu);2;TYT;10;;1;;1;18, 21, 64;490455;338.70088;*;TUADER
210401501;  Turist Rehberliði (%50 Ýndirimli);2;TYT;60;;;;;18, 21, 64;1616324;252.10251;*;TUADER
210401515;  Turizm ve Otel Ýþletmeciliði (Ücretli);2;TYT;1;;;;;18, 64;1737854;245.14072;*;TUADER
210401508;  Turizm ve Otel Ýþletmeciliði (Burslu);2;TYT;10;;1;;1;18, 21, 64;714906;314.22455;*;TUADER
210401522;  Turizm ve Otel Ýþletmeciliði (%50 Ýndirimli);2;TYT;60;;;;;18, 21, 64;1637700;250.86228;*;TUADER
210401536;  Uçak Teknolojisi (Ücretli);2;TYT;1;;;;;10, 18, 64;966171;293.69206;;
210401529;  Uçak Teknolojisi (Burslu);2;TYT;12;;2;;1;10, 18, 21, 64;335378;363.51813;;
210401543;  Uçak Teknolojisi (%50 Ýndirimli);2;TYT;75;;;;;10, 18, 21, 64;923835;296.85189;;
210402943;  Web Tasarýmý ve Kodlama (Ücretli);2;TYT;1;;;;;18, 64;...;----;;
210402936;  Web Tasarýmý ve Kodlama (Burslu);2;TYT;5;;1;;1;18, 21, 64;...;----;;
210402950;  Web Tasarýmý ve Kodlama (%50 Ýndirimli);2;TYT;33;;;;;18, 21, 64;...;----;;
210402964;  Yeþil ve Ekolojik Bina Teknikerliði (Ücretli);2;TYT;1;;;;;18, 64;...;----;;
210402957;  Yeþil ve Ekolojik Bina Teknikerliði (Burslu);2;TYT;5;;1;;1;18, 21, 64;...;----;;
210402971;  Yeþil ve Ekolojik Bina Teknikerliði (%50 Ýndirimli);2;TYT;33;;;;;18, 21, 64;...;----;;
;Saðlýk Hizmetleri Meslek Yüksekokulu;;;;;;;;;;;;
210401557;  Aðýz ve Diþ Saðlýðý (Ücretli);2;TYT;1;;;;;18, 64;1353373;267.85117;;
210401550;  Aðýz ve Diþ Saðlýðý (Burslu);2;TYT;10;;2;;1;18, 21, 64;610739;324.45116;;
210401564;  Aðýz ve Diþ Saðlýðý (%50 Ýndirimli);2;TYT;67;;;;;18, 21, 64;1596403;253.26101;;
210401599;  Ameliyathane Hizmetleri (Ücretli);2;TYT;1;;;;;18, 64;1166515;279.75489;;
210401592;  Ameliyathane Hizmetleri (Burslu);2;TYT;10;;2;;1;18, 21, 64;684644;317.04536;;
210401606;  Ameliyathane Hizmetleri (%50 Ýndirimli);2;TYT;67;;;;;18, 21, 64;1931759;234.34342;;
210401641;  Anestezi (Ücretli);2;TYT;1;;;;;18, 64;1074720;285.95159;;
210401634;  Anestezi (Burslu);2;TYT;10;;2;;1;18, 21, 64;415808;349.42741;;
210401648;  Anestezi (%50 Ýndirimli);2;TYT;67;;;;;18, 21, 64;1051892;287.54410;;
210402985;  Biyomedikal Cihaz Teknolojisi (Ücretli);2;TYT;1;;;;;18, 64;...;----;;
210402978;  Biyomedikal Cihaz Teknolojisi (Burslu);2;TYT;7;;1;;1;18, 21, 64;...;----;;
210402992;  Biyomedikal Cihaz Teknolojisi (%50 Ýndirimli);2;TYT;31;;;;;18, 21, 64;...;----;;
210401683;  Çocuk Geliþimi (Ücretli);2;TYT;1;;;;;18, 64;1497473;259.07100;;
210401676;  Çocuk Geliþimi (Burslu);2;TYT;10;;2;;1;18, 21, 64;831613;304.08581;;
210401690;  Çocuk Geliþimi (%50 Ýndirimli);2;TYT;67;;;;;18, 21, 64;1898806;236.14815;;
210402831;  Dijital Saðlýk Sistemleri Teknikerliði (Burslu);2;TYT;5;;1;;1;18, 21, 64;...;----;;
210402838;  Dijital Saðlýk Sistemleri Teknikerliði (Ücretli);2;TYT;1;;;;;18, 64;...;----;;
210402845;  Dijital Saðlýk Sistemleri Teknikerliði (%50 Ýndirimli);2;TYT;33;;;;;18, 21, 64;...;----;;
210400101;  Diþ Protez Teknolojisi (Ücretli);2;TYT;1;;;;;18, 64;895808;298.97654;;
210401718;  Diþ Protez Teknolojisi (Burslu);2;TYT;10;;2;;1;18, 21, 64;488444;338.96513;;
210400108;  Diþ Protez Teknolojisi (%50 Ýndirimli);2;TYT;67;;;;;18, 21, 64;1282648;272.24627;;
210400143;  Diyaliz (Ücretli);2;TYT;1;;;;;18, 64;1598878;253.11328;;
210400136;  Diyaliz (Burslu);2;TYT;10;;2;;1;18, 21, 64;753292;310.73861;;
210400150;  Diyaliz (%50 Ýndirimli);2;TYT;67;;;;;18, 21, 64;2436911;206.50092;;
210400185;  Eczane Hizmetleri (Ücretli);2;TYT;1;;;;;18, 64;1510615;258.29215;;
210400178;  Eczane Hizmetleri (Burslu);2;TYT;10;;1;;1;18, 21, 64;715365;314.18214;;
210400192;  Eczane Hizmetleri (%50 Ýndirimli);2;TYT;60;;;;;18, 21, 64;1972291;232.14334;;
210400206;  Elektronörofizyoloji (Ücretli);2;TYT;1;;;;;18, 64;1092915;284.71218;;
210400199;  Elektronörofizyoloji (Burslu);2;TYT;10;;1;;1;18, 21, 64;815826;305.37700;;
210400213;  Elektronörofizyoloji (%50 Ýndirimli);2;TYT;60;;;;;18, 21, 64;2419670;207.52828;;
210400227;  Fizyoterapi (Ücretli);2;TYT;1;;;;;18, 64;1600069;253.04545;;
210400220;  Fizyoterapi (Burslu);2;TYT;10;;2;;1;18, 21, 64;622580;323.22333;;
210400234;  Fizyoterapi (%50 Ýndirimli);2;TYT;67;;;;;18, 21, 64;1743934;244.79241;;
210400269;  Ýlk ve Acil Yardým (Ücretli);2;TYT;1;;;;;18, 64;1339122;268.72529;;
210400262;  Ýlk ve Acil Yardým (Burslu);2;TYT;10;;2;;1;18, 21, 64;483654;339.58684;;
210400276;  Ýlk ve Acil Yardým (%50 Ýndirimli);2;TYT;67;;;;;18, 21, 64;1264172;273.42304;;
210400311;  Ýþ Saðlýðý ve Güvenliði (Ücretli);2;TYT;1;;;;;18, 64;2008049;230.20926;;
210400304;  Ýþ Saðlýðý ve Güvenliði (Burslu);2;TYT;10;;2;;1;18, 21, 64;755016;310.58556;;
210400318;  Ýþ Saðlýðý ve Güvenliði (%50 Ýndirimli);2;TYT;65;;;;;18, 21, 64;2100309;225.22994;;
210400332;  Odyometri (Ücretli);2;TYT;1;;;;;18, 64;1259262;273.73471;;
210400325;  Odyometri (Burslu);2;TYT;10;;2;;1;18, 21, 64;784171;308.05982;;
210400339;  Odyometri (%50 Ýndirimli);2;TYT;67;;;;;18, 21, 64;2472556;204.31588;;
210400374;  Optisyenlik (Ücretli);2;TYT;1;;;;;18, 64;1752919;244.29157;;
210400367;  Optisyenlik (Burslu);2;TYT;10;;2;;1;18, 21, 64;627267;322.73174;;
210400381;  Optisyenlik (%50 Ýndirimli);2;TYT;67;;;;;18, 21, 64;1927444;234.58300;;
210400416;  Ortopedik Protez ve Ortez (Ücretli);2;TYT;1;;;;;18, 64;2559855;198.58776;;
210400409;  Ortopedik Protez ve Ortez (Burslu);2;TYT;10;;1;;1;18, 21, 64;807776;306.06351;;
210400423;  Ortopedik Protez ve Ortez (%50 Ýndirimli);2;TYT;60;;;;;18, 21, 64;2497768;202.72538;;
210400437;  Patoloji Laboratuvar Teknikleri (Ücretli);2;TYT;1;;;;;18, 64;2123539;223.96417;;
210400430;  Patoloji Laboratuvar Teknikleri (Burslu);2;TYT;10;;2;;1;18, 21, 64;785172;307.97223;;
210400444;  Patoloji Laboratuvar Teknikleri (%50 Ýndirimli);2;TYT;67;;;;;18, 21, 64;2528790;200.71694;;
210400458;  Radyoterapi (Ücretli);2;TYT;1;;;;;18, 64;2125367;223.86468;;
210400451;  Radyoterapi (Burslu);2;TYT;10;;2;;1;18, 21, 64;765989;309.62743;;
210400465;  Radyoterapi (%50 Ýndirimli);2;TYT;67;;;;;18, 21, 64;2380519;209.81255;;
210400500;  Sosyal Hizmetler (Ücretli);2;TYT;1;;;;;18, 64;2073895;226.64644;;
210400493;  Sosyal Hizmetler (Burslu);2;TYT;8;;1;;1;18, 21, 64;851697;302.45578;;
210400507;  Sosyal Hizmetler (%50 Ýndirimli);2;TYT;50;;;;;18, 21, 64;2358952;211.04351;;
210400521;  Týbbi Dokümantasyon ve Sekreterlik (Ücretli);2;TYT;1;;;;;18, 64;945586;295.23216;;
210400514;  Týbbi Dokümantasyon ve Sekreterlik (Burslu);2;TYT;10;;2;;1;18, 21, 64;596987;325.93377;;
210400528;  Týbbi Dokümantasyon ve Sekreterlik (%50 Ýndirimli);2;TYT;67;;;;;18, 21, 64;1384582;265.91177;;
210400563;  Týbbi Görüntüleme Teknikleri (Ücretli);2;TYT;1;;;;;18, 64;1281732;272.30380;;
210400556;  Týbbi Görüntüleme Teknikleri (Burslu);2;TYT;10;;2;;1;18, 21, 64;582918;327.46649;;
210400570;  Týbbi Görüntüleme Teknikleri (%50 Ýndirimli);2;TYT;67;;;;;18, 21, 64;1662757;249.41996;;
210400605;  Týbbi Laboratuvar Teknikleri (Ücretli);2;TYT;1;;;;;18, 64;2122330;224.02776;;
210400598;  Týbbi Laboratuvar Teknikleri (Burslu);2;TYT;10;;2;;1;18, 21, 64;655941;319.84768;;
210400612;  Týbbi Laboratuvar Teknikleri (%50 Ýndirimli);2;TYT;67;;;;;18, 21, 64;2065658;227.09045;;
210402859;  Týbbi Veri Ýþleme Teknikerliði (Ücretli);2;TYT;1;;;;;18, 64;...;----;;
210402852;  Týbbi Veri Ýþleme Teknikerliði (Burslu);2;TYT;5;;1;;1;18, 21, 64;...;----;;
210402866;  Týbbi Veri Ýþleme Teknikerliði (%50 Ýndirimli);2;TYT;33;;;;;18, 21, 64;...;----;;
;ÝSTANBUL OKAN ÜNÝVERSÝTESÝ (Vakýf Üniversitesi) ;;;;;;;;;;;;YÖKAK
;Meslek Yüksekokulu;;;;;;;;;;;;
204790724;  Akýllý Altyapýlar Teknikerliði (Burslu);2;TYT;5;;1;;1;21, 64;...;----;;
204790731;  Akýllý Altyapýlar Teknikerliði (%50 Ýndirimli);2;TYT;34;;;;;21, 64;...;----;;
204750731;  Aþçýlýk (Burslu);2;TYT;4;;1;;1;21, 64;490510;338.69341;;
204750767;  Aþçýlýk (%50 Ýndirimli);2;TYT;29;;;;;21, 64;1661722;249.47978;;
204750785;  Bankacýlýk ve Sigortacýlýk (Burslu);2;TYT;5;;1;;1;21, 64;...;----;;
204750794;  Bankacýlýk ve Sigortacýlýk (%50 Ýndirimli);2;TYT;34;;;;;21, 64;...;----;;
204790633;  Bilgisayar Destekli Tasarým ve Animasyon (Burslu);2;TYT;4;;1;;1;21, 64;382610;354.84652;;
204790640;  Bilgisayar Destekli Tasarým ve Animasyon (%50 Ýndirimli);2;TYT;25;;;;;21, 64;1899826;236.09345;;
204750846;  Bilgisayar Programcýlýðý (Burslu);2;TYT;10;;1;;1;21, 64;354278;359.92921;;
204750855;  Bilgisayar Programcýlýðý (%50 Ýndirimli);2;TYT;59;;;;;21, 64;846147;302.90169;;
204790738;  Bulut Biliþim Operatörlüðü (Burslu);2;TYT;5;;1;;1;21, 64, 320;...;----;;
204790745;  Bulut Biliþim Operatörlüðü (%50 Ýndirimli);2;TYT;34;;;;;21, 64, 320;...;----;;
204750952;  Dýþ Ticaret (Burslu);2;TYT;3;;1;;1;21, 64;510276;336.09903;;
204751792;  Dýþ Ticaret (%50 Ýndirimli);2;TYT;22;;;;;21, 64;1510310;258.30971;;
204750537;  Dýþ Ticaret (Ýngilizce) (Burslu);2;TYT;3;;1;;1;21, 22, 23, 24, 64;454309;343.66919;;
204750979;  Dýþ Ticaret (Ýngilizce) (%50 Ýndirimli);2;TYT;22;;;;;21, 22, 23, 24, 64;1810487;241.05582;;
204790752;  Dijital Dönüþüm Elektroniði (Burslu);2;TYT;5;;1;;1;21, 64, 320;...;----;;
204790759;  Dijital Dönüþüm Elektroniði (%50 Ýndirimli);2;TYT;34;;;;;21, 64, 320;...;----;;
204790773;  Dijital Saðlýk Sistemleri Teknikerliði (Ücretli);2;TYT;5;;;;;64;...;----;;
204790766;  Dijital Saðlýk Sistemleri Teknikerliði (Burslu);2;TYT;5;;1;;1;21, 64;...;----;;
204790780;  Dijital Saðlýk Sistemleri Teknikerliði (%50 Ýndirimli);2;TYT;29;;;;;21, 64;...;----;;
204790787;  Doðalgaz ve Tesisatý Teknolojisi (Burslu);2;TYT;5;;1;;1;21, 64;...;----;;
204790794;  Doðalgaz ve Tesisatý Teknolojisi (%50 Ýndirimli);2;TYT;34;;;;;21, 64;...;----;;
204752878;  Elektrik (Burslu);2;TYT;3;;;;1;21, 64;495918;337.96597;;
204753267;  Elektrik (%50 Ýndirimli);2;TYT;20;;;;;21, 64;1445664;262.17838;;
204790801;  Elektronik Haberleþme Teknolojisi (Burslu);2;TYT;5;;1;;1;21, 64;...;----;;
204790808;  Elektronik Haberleþme Teknolojisi (%50 Ýndirimli);2;TYT;34;;;;;21, 64;...;----;;
204790815;  E-Ticaret ve Pazarlama (Burslu);2;TYT;4;;1;;1;21, 64;...;----;;
204790822;  E-Ticaret ve Pazarlama (%50 Ýndirimli);2;TYT;25;;;;;21, 64;...;----;;
204750679;  Grafik Tasarýmý (Burslu);2;TYT;4;;1;;1;21, 64;472223;341.14910;;
204751059;  Grafik Tasarýmý (%50 Ýndirimli);2;TYT;25;;;;;21, 64;1386485;265.79403;;
204750652;  Harita ve Kadastro (Burslu);2;TYT;2;;;;1;21, 64;590542;326.63219;;
204751086;  Harita ve Kadastro (%50 Ýndirimli);2;TYT;13;;;;;21, 64;1690832;247.81014;;
204753204;  Ýç Mekan Tasarýmý (Burslu);2;TYT;5;;1;;1;21, 64;589840;326.71182;;
204753285;  Ýç Mekan Tasarýmý (%50 Ýndirimli);2;TYT;37;;;;;21, 64;1722328;246.02261;;
204790829;  Ýklimlendirme ve Soðutma Teknolojisi (Burslu);2;TYT;5;;1;;1;21, 64;...;----;;
204790836;  Ýklimlendirme ve Soðutma Teknolojisi (%50 Ýndirimli);2;TYT;34;;;;;21, 64;...;----;;
204751111;  Ýnsan Kaynaklarý Yönetimi (Burslu);2;TYT;5;;1;;1;21, 64;...;----;;
204751102;  Ýnsan Kaynaklarý Yönetimi (%50 Ýndirimli);2;TYT;34;;;;;21, 64;...;----;;
204750634;  Ýnþaat Teknolojisi (Burslu);2;TYT;3;;;;1;21, 64;481395;339.89301;;
204751165;  Ýnþaat Teknolojisi (%50 Ýndirimli);2;TYT;20;;;;;21, 64;1360109;267.43061;;
204790843;  Ýþ Makineleri Operatörlüðü (Burslu);2;TYT;5;;1;;1;21, 64;...;----;;
204790850;  Ýþ Makineleri Operatörlüðü (%50 Ýndirimli);2;TYT;34;;;;;21, 64;...;----;;
204751756;  Ýþ Saðlýðý ve Güvenliði (Burslu);2;TYT;3;;;;1;21, 64;645658;320.88026;;
204753346;  Ýþ Saðlýðý ve Güvenliði (%50 Ýndirimli);2;TYT;20;;;;;21, 64;1898317;236.17412;;
204752621;  Ýþ Saðlýðý ve Güvenliði (Uzaktan Öðretim) (Burslu);2;TYT;3;;;;1;7, 21, 64;431559;347.00170;;
204790513;  Ýþ Saðlýðý ve Güvenliði (Uzaktan Öðretim) (%50 Ýndirimli);2;TYT;17;;;;;7, 21, 64;1851011;238.79558;;
204751217;  Ýþletme Yönetimi (Burslu);2;TYT;3;;1;;1;21, 64;530610;333.53282;;
204751208;  Ýþletme Yönetimi (%50 Ýndirimli);2;TYT;22;;;;;21, 64;1683461;248.23044;;
204790857;  Kontrol ve Otomasyon Teknolojisi (Burslu);2;TYT;5;;1;;1;21, 64;...;----;;
204790864;  Kontrol ve Otomasyon Teknolojisi (%50 Ýndirimli);2;TYT;34;;;;;21, 64;...;----;;
204751289;  Lojistik (Burslu);2;TYT;5;;1;;1;21, 64;...;----;;
204751817;  Lojistik (%50 Ýndirimli);2;TYT;34;;;;;21, 64;...;----;;
204790647;  Mahkeme Büro Hizmetleri (Burslu);2;TYT;4;;1;;1;21, 64;772366;309.08425;;
204790654;  Mahkeme Büro Hizmetleri (%50 Ýndirimli);2;TYT;25;;;;;21, 64;2396317;208.88642;;
204752666;  Makine (Burslu);2;TYT;4;;1;;1;21, 64;429125;347.36351;;
204752675;  Makine (%50 Ýndirimli);2;TYT;25;;;;;21, 64;1473073;260.52297;;
204752896;  Mekatronik (Burslu);2;TYT;5;;1;;1;21, 64;358364;359.18217;;
204753301;  Mekatronik (%50 Ýndirimli);2;TYT;36;;;;;21, 64;1281143;272.34088;;
204752154;  Mimari Restorasyon (Burslu);2;TYT;3;;1;;1;21, 64;608592;324.67358;;
204752163;  Mimari Restorasyon (%50 Ýndirimli);2;TYT;25;;;;;21, 64;1936429;234.08989;;
204752215;  Mobil Teknolojileri (Burslu);2;TYT;3;;;;1;21, 64;558395;330.25443;;
204752224;  Mobil Teknolojileri (%50 Ýndirimli);2;TYT;19;;;;;21, 64;1967577;232.40026;;
204751341;  Muhasebe ve Vergi Uygulamalarý (Burslu);2;TYT;5;;1;;1;21, 64;...;----;;
204751332;  Muhasebe ve Vergi Uygulamalarý (%50 Ýndirimli);2;TYT;34;;;;;21, 64;...;----;;
204751438;  Sivil Hava Ulaþtýrma Ýþletmeciliði (Burslu);2;TYT;3;;;;1;10, 21, 64;472585;341.09824;;
204751835;  Sivil Hava Ulaþtýrma Ýþletmeciliði (%50 Ýndirimli);2;TYT;17;;;;;10, 21, 64;1433368;262.91184;;
204750616;  Sivil Hava Ulaþtýrma Ýþletmeciliði (Ýngilizce) (Burslu);2;TYT;2;;;;1;10, 21, 22, 23, 24, 64;420818;348.64941;;
204751456;  Sivil Hava Ulaþtýrma Ýþletmeciliði (Ýngilizce) (%50 Ýndirimli);2;TYT;13;;;;;10, 21, 22, 23, 24, 64;1463737;261.08632;;
204751898;  Sivil Havacýlýk Kabin Hizmetleri (Burslu);2;TYT;5;;1;;1;10, 21, 64;403994;351.29050;;
204751905;  Sivil Havacýlýk Kabin Hizmetleri (%50 Ýndirimli);2;TYT;32;;;;;10, 21, 64;1165543;279.81919;;
204752842;  Sivil Havacýlýk Kabin Hizmetleri (Ýngilizce) (Burslu);2;TYT;4;;1;;1;10, 21, 22, 23, 24, 64;340736;362.49622;;
204752851;  Sivil Havacýlýk Kabin Hizmetleri (Ýngilizce) (%50 Ýndirimli);2;TYT;29;;;;;10, 21, 22, 23, 24, 64;1271757;272.93698;;
204753249;  Uçak Teknolojisi (Burslu);2;TYT;6;;1;;1;10, 21, 64;295239;371.88114;;
204753328;  Uçak Teknolojisi (%50 Ýndirimli);2;TYT;41;;;;;10, 21, 64;865634;301.32739;;
204790514;  Uçuþ Harekat Yöneticiliði (Burslu);2;TYT;3;;;;1;10, 21, 64;430219;347.20737;;
204790515;  Uçuþ Harekat Yöneticiliði (%50 Ýndirimli);2;TYT;17;;;;;10, 21, 64;1347581;268.20574;;
204790871;  Web Tasarýmý ve Kodlama (Burslu);2;TYT;5;;1;;1;21, 64;...;----;;
204790878;  Web Tasarýmý ve Kodlama (%50 Ýndirimli);2;TYT;34;;;;;21, 64;...;----;;
204790885;  Yapay Zeka Operatörlüðü (Burslu);2;TYT;5;;1;;1;21, 64, 320;...;----;;
204790892;  Yapay Zeka Operatörlüðü (%50 Ýndirimli);2;TYT;34;;;;;21, 64, 320;...;----;;
;Saðlýk Hizmetleri Meslek Yüksekokulu;;;;;;;;;;;;
204790619;  Aðýz ve Diþ Saðlýðý (Burslu);2;TYT;4;;1;;1;21, 64;530806;333.50560;;
204790626;  Aðýz ve Diþ Saðlýðý (%50 Ýndirimli);2;TYT;30;;;;;21, 64;1307578;270.68277;;
204752242;  Ameliyathane Hizmetleri (Burslu);2;TYT;5;;1;;1;21, 64;621054;323.38476;;
204752251;  Ameliyathane Hizmetleri (%50 Ýndirimli);2;TYT;32;;;;;21, 64;1662574;249.43026;;
204752269;  Anestezi (Ücretli);2;TYT;11;;;;;64;1584623;253.95550;;
204752278;  Anestezi (Burslu);2;TYT;8;;1;;1;21, 64;419939;348.79092;;
204752287;  Anestezi (%50 Ýndirimli);2;TYT;41;;;;;21, 64;935884;295.95573;;
204750458;  Çocuk Geliþimi (Burslu);2;TYT;4;;1;;1;21, 64;679357;317.56582;;
204751783;  Çocuk Geliþimi (%50 Ýndirimli);2;TYT;25;;;;;21, 64;2054065;227.71678;;
204752303;  Diyaliz (Burslu);2;TYT;3;;;;1;21, 64;671622;318.31158;;
204752312;  Diyaliz (%50 Ýndirimli);2;TYT;20;;;;;21, 64;2009046;230.15784;;
204752339;  Elektronörofizyoloji (Burslu);2;TYT;4;;1;;1;21, 64;733176;312.54580;;
204752348;  Elektronörofizyoloji (%50 Ýndirimli);2;TYT;25;;;;;21, 64;2120225;224.14124;;
204752357;  Ýlk ve Acil Yardým (Ücretli);2;TYT;11;;;;;64;1746329;244.65941;;
204752366;  Ýlk ve Acil Yardým (Burslu);2;TYT;8;;1;;1;21, 64;515718;335.40054;;
204752375;  Ýlk ve Acil Yardým (%50 Ýndirimli);2;TYT;41;;;;;21, 64;1107725;283.71548;;
204752393;  Odyometri (Burslu);2;TYT;3;;;;1;21, 64;566730;329.29614;;
204752409;  Odyometri (%50 Ýndirimli);2;TYT;20;;;;;21, 64;2007035;230.26528;;
204752693;  Optisyenlik (Burslu);2;TYT;4;;1;;1;21, 64;523971;334.35317;;
204752709;  Optisyenlik (%50 Ýndirimli);2;TYT;29;;;;;21, 64;1540065;256.56101;;
204752427;  Patoloji Laboratuvar Teknikleri (Burslu);2;TYT;2;;;;1;21, 64;676026;317.88352;;
204752436;  Patoloji Laboratuvar Teknikleri (%50 Ýndirimli);2;TYT;13;;;;;21, 64;1776756;242.95240;;
204752481;  Radyoterapi (Burslu);2;TYT;3;;;;1;21, 64;646524;320.78966;;
204752499;  Radyoterapi (%50 Ýndirimli);2;TYT;17;;;;;21, 64;1836550;239.60336;;
204752506;  Týbbi Görüntüleme Teknikleri (Ücretli);2;TYT;12;;;;;64;2232076;218.06078;;
204752515;  Týbbi Görüntüleme Teknikleri (Burslu);2;TYT;8;;1;;1;21, 64;519349;334.93290;;
204752524;  Týbbi Görüntüleme Teknikleri (%50 Ýndirimli);2;TYT;40;;;;;21, 64;1329994;269.29337;;
204752542;  Týbbi Laboratuvar Teknikleri (Burslu);2;TYT;5;;1;;1;21, 64;557509;330.35738;;
204752551;  Týbbi Laboratuvar Teknikleri (%50 Ýndirimli);2;TYT;32;;;;;21, 64;1481093;260.04413;;
204752569;  Yaþlý Bakýmý (Ücretli);2;TYT;5;;;;;64;...;----;;
204752578;  Yaþlý Bakýmý (Burslu);2;TYT;5;;1;;1;21, 64;...;----;;
204752587;  Yaþlý Bakýmý (%50 Ýndirimli);2;TYT;29;;;;;21, 64;...;----;;
;ÝSTANBUL RUMELÝ ÜNÝVERSÝTESÝ (Vakýf Üniversitesi) ;;;;;;;;;;;;
;Meslek Yüksekokulu;;;;;;;;;;;;
208150743;  Aþçýlýk (Burslu);2;TYT;4;;;;1;21, 64;618071;323.70579;;
208150752;  Aþçýlýk (%50 Ýndirimli);2;TYT;21;;;;;21, 64;1916969;235.15341;;
208151157;  Bilgisayar Programcýlýðý (Ücretli);2;TYT;4;;;;;64;2327811;212.78466;;
208150328;  Bilgisayar Programcýlýðý (Burslu);2;TYT;10;;1;;1;21, 64;402580;351.52661;;
208150337;  Bilgisayar Programcýlýðý (%50 Ýndirimli);2;TYT;54;;;;;21, 64;1751703;244.35984;;
208150407;  Grafik Tasarýmý (Burslu);2;TYT;4;;;;1;21, 64;594712;326.18805;;
208150416;  Grafik Tasarýmý (%50 Ýndirimli);2;TYT;21;;;;;21, 64;2021458;229.49621;;
208150788;  Ýç Mekan Tasarýmý (Burslu);2;TYT;4;;;;1;21, 64;662829;319.17302;;
208150797;  Ýç Mekan Tasarýmý (%50 Ýndirimli);2;TYT;21;;;;;21, 64;2202813;219.67084;;
208151344;  Mahkeme Büro Hizmetleri (Burslu);2;TYT;4;;1;;1;21, 64;856053;302.09281;;
208151351;  Mahkeme Büro Hizmetleri (%50 Ýndirimli);2;TYT;25;;;;;21, 64;2513031;201.75034;;
208151176;  Pastacýlýk ve Ekmekçilik (Burslu);2;TYT;2;;;;1;21, 64;391195;353.41400;;
208151183;  Pastacýlýk ve Ekmekçilik (%50 Ýndirimli);2;TYT;13;;;;;21, 64;2361294;210.91226;;
208150937;  Sivil Hava Ulaþtýrma Ýþletmeciliði (Burslu);2;TYT;4;;1;;1;10, 21, 64;641740;321.27016;;
208150946;  Sivil Hava Ulaþtýrma Ýþletmeciliði (%50 Ýndirimli);2;TYT;30;;;;;10, 21, 64;1969379;232.30582;;
208150973;  Sivil Havacýlýk Kabin Hizmetleri (Burslu);2;TYT;4;;;;1;10, 21, 64;563461;329.67473;;
208150982;  Sivil Havacýlýk Kabin Hizmetleri (%50 Ýndirimli);2;TYT;21;;;;;10, 21, 64;1435125;262.80804;;
208150885;  Uçak Teknolojisi (Ücretli);2;TYT;14;;;;;10, 64;2009811;230.11600;;
208150894;  Uçak Teknolojisi (Burslu);2;TYT;10;;1;;1;10, 21, 64;407943;350.66669;;
208150901;  Uçak Teknolojisi (%50 Ýndirimli);2;TYT;45;;;;;10, 21, 64;1460783;261.26289;;
;Saðlýk Hizmetleri Meslek Yüksekokulu;;;;;;;;;;;;
208150197;  Aðýz ve Diþ Saðlýðý (Ücretli);2;TYT;4;;;;;64;2244653;217.37029;;
208150204;  Aðýz ve Diþ Saðlýðý (Burslu);2;TYT;10;;2;;1;21, 64;654613;319.97957;;
208150213;  Aðýz ve Diþ Saðlýðý (%50 Ýndirimli);2;TYT;64;;;;;21, 64;1997942;230.75466;;
208150267;  Ameliyathane Hizmetleri (Ücretli);2;TYT;4;;;;;64;2542225;199.81578;;
208150231;  Ameliyathane Hizmetleri (Burslu);2;TYT;10;;1;;1;21, 64;740001;311.92203;;
208150249;  Ameliyathane Hizmetleri (%50 Ýndirimli);2;TYT;60;;;;;21, 64;2381405;209.76044;;
208150276;  Anestezi (Ücretli);2;TYT;36;;;;;64;2090089;225.78274;;
208150285;  Anestezi (Burslu);2;TYT;10;;2;;1;21, 64;496474;337.89232;;
208151190;  Anestezi (%25 Ýndirimli);2;TYT;32;;;;;21, 64;1484379;259.85347;;
208150091;  Çocuk Geliþimi (Burslu);2;TYT;4;;1;;1;21, 64;805948;306.21435;;
208150576;  Çocuk Geliþimi (%50 Ýndirimli);2;TYT;25;;;;;21, 64;2117735;224.27830;;
208151008;  Diþ Protez Teknolojisi (Ücretli);2;TYT;2;;;;;64;...;----;;
208151017;  Diþ Protez Teknolojisi (Burslu);2;TYT;5;;1;;1;21, 64;544558;331.87618;;
208151026;  Diþ Protez Teknolojisi (%50 Ýndirimli);2;TYT;32;;;;;21, 64;1581739;254.12755;;
208150082;  Diyaliz (Ücretli);2;TYT;2;;;;;64;2091312;225.71656;;
208150073;  Diyaliz (Burslu);2;TYT;8;;1;;1;21, 64;772056;309.11246;;
208150594;  Diyaliz (%50 Ýndirimli);2;TYT;48;;;;;21, 64;;;;
208151089;  Elektronörofizyoloji (Burslu);2;TYT;4;;1;;1;21, 64;825171;304.61007;;
208151098;  Elektronörofizyoloji (%50 Ýndirimli);2;TYT;25;;;;;21, 64;;;;
208151152;  Evde Hasta Bakýmý (Burslu);2;TYT;4;;;;1;21, 64;622442;323.23799;;
208151153;  Evde Hasta Bakýmý (%50 Ýndirimli);2;TYT;21;;;;;21, 64;1918409;235.07325;;
208150355;  Fizyoterapi (Ücretli);2;TYT;10;;;;;64;;;;
208150364;  Fizyoterapi (Burslu);2;TYT;10;;2;;1;21, 64;679773;317.52383;;
208150373;  Fizyoterapi (%50 Ýndirimli);2;TYT;58;;;;;21, 64;...;----;;
208150434;  Ýlk ve Acil Yardým (Ücretli);2;TYT;34;;;;;64;2222648;218.57866;;
208150443;  Ýlk ve Acil Yardým (Burslu);2;TYT;10;;2;;1;21, 64;552550;330.93893;;
208151165;  Ýlk ve Acil Yardým (%25 Ýndirimli);2;TYT;34;;;;;21, 64;1517715;257.87017;;
208150064;  Odyometri (Burslu);2;TYT;4;;1;;1;21, 64;735276;312.35101;;
208150558;  Odyometri (%50 Ýndirimli);2;TYT;31;;;;;21, 64;;;;
208150028;  Patoloji Laboratuvar Teknikleri (Burslu);2;TYT;5;;1;;1;21, 64;792120;307.38466;;
208150037;  Patoloji Laboratuvar Teknikleri (%50 Ýndirimli);2;TYT;34;;;;;21, 64;2708699;183.93361;;
208150116;  Radyoterapi (Burslu);2;TYT;4;;1;;1;21, 64;757742;310.33891;;
208150125;  Radyoterapi (%50 Ýndirimli);2;TYT;31;;;;;21, 64;2695841;185.91460;;
208151053;  Týbbi Dokümantasyon ve Sekreterlik (Burslu);2;TYT;4;;;;1;21, 64;593898;326.27004;;
208151062;  Týbbi Dokümantasyon ve Sekreterlik (%50 Ýndirimli);2;TYT;21;;;;;21, 64;1569963;254.81136;;
208150479;  Týbbi Görüntüleme Teknikleri (Ücretli);2;TYT;3;;;;;64;2278061;215.54163;;
208150488;  Týbbi Görüntüleme Teknikleri (Burslu);2;TYT;10;;2;;1;21, 64;669471;318.52177;;
208150497;  Týbbi Görüntüleme Teknikleri (%50 Ýndirimli);2;TYT;65;;;;;21, 64;1793290;242.01436;;
208150513;  Týbbi Laboratuvar Teknikleri (Ücretli);2;TYT;3;;;;;64;2240145;217.62297;;
208150522;  Týbbi Laboratuvar Teknikleri (Burslu);2;TYT;10;;1;;1;21, 64;699078;315.68707;;
208150531;  Týbbi Laboratuvar Teknikleri (%50 Ýndirimli);2;TYT;58;;;;;21, 64;2365570;210.66093;;
;ÝSTANBUL SAÐLIK VE SOSYAL BÝLÝMLER MESLEK YÜKSEKOKULU (Vakýf Üniversitesi) ;;;;;;;;;;;;
;Ýstanbul Saðlýk ve Sosyal Bilimler Meslek Yüksekokulu;;;;;;;;;;;;
209910010;  Aðýz ve Diþ Saðlýðý (Burslu);2;TYT;8;;1;;1;21, 64;562886;329.74405;;
209910011;  Aðýz ve Diþ Saðlýðý (%50 Ýndirimli);2;TYT;51;;;;;21, 64;1102748;284.05196;;
209910012;  Ameliyathane Hizmetleri (Burslu);2;TYT;8;;1;;1;21, 64;654240;320.01716;;
209910013;  Ameliyathane Hizmetleri (%50 Ýndirimli);2;TYT;51;;;;;21, 64;1286017;272.03867;;
209910014;  Anestezi (Burslu);2;TYT;8;;1;;1;21, 64;435488;346.40441;;
209910046;  Anestezi (Burslu) (Bursa Yerleþkesi) ;2;TYT;8;;1;;1;21, 64;...;----;;
209910015;  Anestezi (%50 Ýndirimli);2;TYT;51;;;;;21, 64;908629;297.99505;;
209910053;  Anestezi (%50 Ýndirimli) (Bursa Yerleþkesi) ;2;TYT;51;;;;;21, 64;...;----;;
209910016;  Aþçýlýk (Burslu);2;TYT;5;;1;;1;21, 64;530130;333.59050;;
209910017;  Aþçýlýk (%50 Ýndirimli);2;TYT;34;;;;;21, 64;1433781;262.88730;;
209910018;  Fizyoterapi (Burslu);2;TYT;8;;1;;1;21, 64;615418;323.97237;;
209910060;  Fizyoterapi (Burslu) (Bursa Yerleþkesi) ;2;TYT;8;;1;;1;21, 64;...;----;;
209910019;  Fizyoterapi (%50 Ýndirimli);2;TYT;51;;;;;21, 64;1369605;266.83072;;
209910067;  Fizyoterapi (%50 Ýndirimli) (Bursa Yerleþkesi) ;2;TYT;51;;;;;21, 64;...;----;;
209910020;  Grafik Tasarýmý (Burslu);2;TYT;5;;1;;1;21, 64;488508;338.95676;;
209910074;  Grafik Tasarýmý (Burslu) (Bursa Yerleþkesi) ;2;TYT;7;;1;;1;21, 64;...;----;;
209910021;  Grafik Tasarýmý (%50 Ýndirimli);2;TYT;34;;;;;21, 64;1421693;263.62268;;
209910081;  Grafik Tasarýmý (%50 Ýndirimli) (Bursa Yerleþkesi) ;2;TYT;42;;;;;21, 64;...;----;;
209910022;  Ýç Mekan Tasarýmý (Burslu);2;TYT;7;;1;;1;21, 64;589038;326.79791;;
209910088;  Ýç Mekan Tasarýmý (Burslu) (Bursa Yerleþkesi) ;2;TYT;7;;1;;1;21, 64;...;----;;
209910023;  Ýç Mekan Tasarýmý (%50 Ýndirimli);2;TYT;42;;;;;21, 64;2346183;211.76170;;
209910095;  Ýç Mekan Tasarýmý (%50 Ýndirimli) (Bursa Yerleþkesi) ;2;TYT;45;;;;;21, 64;...;----;;
209910024;  Ýlk ve Acil Yardým (Burslu);2;TYT;8;;1;;1;21, 64;539209;332.50567;;
209910102;  Ýlk ve Acil Yardým (Burslu) (Bursa Yerleþkesi) ;2;TYT;8;;1;;1;21, 64;...;----;;
209910025;  Ýlk ve Acil Yardým (%50 Ýndirimli);2;TYT;51;;;;;21, 64;925281;296.74782;;
209910109;  Ýlk ve Acil Yardým (%50 Ýndirimli) (Bursa Yerleþkesi) ;2;TYT;51;;;;;21, 64;...;----;;
209910026;  Mimari Restorasyon (Burslu);2;TYT;7;;1;;1;21, 64;571227;328.77377;;
209910027;  Mimari Restorasyon (%50 Ýndirimli);2;TYT;42;;;;;21, 64;2046710;228.11612;;
209910028;  Moda Tasarýmý (Burslu);2;TYT;7;;1;;1;21, 64;629108;322.54476;;
209910116;  Moda Tasarýmý (Burslu) (Bursa Yerleþkesi) ;2;TYT;7;;1;;1;21, 64;...;----;;
209910029;  Moda Tasarýmý (%50 Ýndirimli);2;TYT;42;;;;;21, 64;1977593;231.85328;;
209910123;  Moda Tasarýmý (%50 Ýndirimli) (Bursa Yerleþkesi) ;2;TYT;42;;;;;21, 64;...;----;;
209910030;  Optisyenlik (Burslu);2;TYT;7;;1;;1;21, 64;564685;329.53212;;
209910031;  Optisyenlik (%50 Ýndirimli);2;TYT;42;;;;;21, 64;1475890;260.35010;;
209910034;  Týbbi Dokümantasyon ve Sekreterlik (Burslu);2;TYT;7;;1;;1;21, 64;499147;337.53930;;
209910130;  Týbbi Dokümantasyon ve Sekreterlik (Burslu) (Bursa Yerleþkesi) ;2;TYT;8;;1;;1;21, 64;...;----;;
209910035;  Týbbi Dokümantasyon ve Sekreterlik (%50 Ýndirimli);2;TYT;42;;;;;21, 64;1069853;286.29177;;
209910137;  Týbbi Dokümantasyon ve Sekreterlik (%50 Ýndirimli) (Bursa Yerleþkesi);2;TYT;51;;;;;21, 64;...;----;;
209910036;  Týbbi Görüntüleme Teknikleri (Burslu);2;TYT;8;;1;;1;21, 64;528636;333.77608;;
209910037;  Týbbi Görüntüleme Teknikleri (%50 Ýndirimli);2;TYT;51;;;;;21, 64;1112847;283.35881;;
209910038;  Týbbi Laboratuvar Teknikleri (Burslu);2;TYT;8;;1;;1;21, 64;541379;332.25417;;
209910039;  Týbbi Laboratuvar Teknikleri (%50 Ýndirimli);2;TYT;51;;;;;21, 64;1156001;280.46158;;
;ÝSTANBUL ÞÝÞLÝ MESLEK YÜKSEKOKULU (Vakýf Üniversitesi) ;;;;;;;;;;;;
;Ýstanbul Þiþli Meslek Yüksekokulu;;;;;;;;;;;;
206851388;  Aðýz ve Diþ Saðlýðý (Ücretli);2;TYT;1;;;;;64;2051678;227.84483;;
206851397;  Aðýz ve Diþ Saðlýðý (Burslu);2;TYT;10;;2;;1;21, 64;669868;318.48162;;
206851404;  Aðýz ve Diþ Saðlýðý (%50 Ýndirimli);2;TYT;67;;;;;21, 64;1667982;249.12414;;
206870091;  Ameliyathane Hizmetleri (Ücretli);2;TYT;2;;;;;64;879473;300.24894;;
206851422;  Ameliyathane Hizmetleri (Burslu);2;TYT;10;;2;;1;21, 64;728630;312.96703;;
206851431;  Ameliyathane Hizmetleri (%50 Ýndirimli);2;TYT;66;;;;;21, 64;1749404;244.48501;;
206851449;  Anestezi (Ücretli);2;TYT;7;;;;;64;1524866;257.44939;;
206851458;  Anestezi (Burslu);2;TYT;10;;2;;1;21, 64;501754;337.20053;;
206851467;  Anestezi (%50 Ýndirimli);2;TYT;61;;;;;21, 64;1288799;271.86372;;
206851291;  Aþçýlýk (Burslu);2;TYT;10;;2;;1;21, 64;657576;319.68914;;
206851307;  Aþçýlýk (%50 Ýndirimli);2;TYT;68;;;;;21, 64;1988734;231.24777;;
206850027;  Bankacýlýk ve Sigortacýlýk (Burslu);2;TYT;13;;2;;1;21, 64;781019;308.33631;;
206850036;  Bankacýlýk ve Sigortacýlýk (%50 Ýndirimli);2;TYT;85;;;;;21, 64;1844838;239.14162;;
206850115;  Çocuk Geliþimi (Burslu);2;TYT;13;;2;;1;21, 64;838912;303.49344;;
206850124;  Çocuk Geliþimi (%50 Ýndirimli);2;TYT;83;;;;;21, 64;1940467;233.87005;;
206850945;  Dýþ Ticaret (Burslu);2;TYT;10;;2;;1;21, 64;...;----;;
206850954;  Dýþ Ticaret (%50 Ýndirimli);2;TYT;68;;;;;21, 64;...;----;;
206851485;  Elektronörofizyoloji (Burslu);2;TYT;10;;2;;1;21, 64;860171;301.75946;;
206851494;  Elektronörofizyoloji (%50 Ýndirimli);2;TYT;68;;;;;21, 64;2252429;216.94626;;
206870153;  E-Ticaret ve Pazarlama (Burslu);2;TYT;13;;2;;1;21, 64;704165;315.21393;;
206870160;  E-Ticaret ve Pazarlama (%50 Ýndirimli);2;TYT;85;;;;;21, 64;1804144;241.40608;;
206850724;  Fizyoterapi (Ücretli);2;TYT;3;;;;;64;2084653;226.06820;;
206850733;  Fizyoterapi (Burslu);2;TYT;10;;2;;1;21, 64;700103;315.59744;;
206850742;  Fizyoterapi (%50 Ýndirimli);2;TYT;65;;;;;21, 64;1636400;250.93608;;
206850512;  Grafik Tasarýmý (Burslu);2;TYT;15;;2;;1;21, 64;681731;317.33206;;
206850636;  Grafik Tasarýmý (%50 Ýndirimli);2;TYT;93;;;;;21, 64;1756534;244.08972;;
206851325;  Ýç Mekan Tasarýmý (Burslu);2;TYT;13;;2;;1;21, 64;759636;310.17726;;
206851334;  Ýç Mekan Tasarýmý (%50 Ýndirimli);2;TYT;85;;;;;21, 64;2185059;220.63382;;
206850487;  Ýlk ve Acil Yardým (Ücretli);2;TYT;7;;;;;64;1634999;251.01632;;
206850496;  Ýlk ve Acil Yardým (Burslu);2;TYT;10;;2;;1;21, 64;565813;329.40279;;
206850593;  Ýlk ve Acil Yardým (%50 Ýndirimli);2;TYT;61;;;;;21, 64;1286951;271.97940;;
206870167;  Mahkeme Büro Hizmetleri (Burslu);2;TYT;16;;2;;1;21, 64;762884;309.89856;;
206870174;  Mahkeme Büro Hizmetleri (%50 Ýndirimli);2;TYT;102;;;;;21, 64;1592604;253.48558;;
206851546;  Odyometri (Burslu);2;TYT;10;;2;;1;21, 64;826892;304.46614;;
206851555;  Odyometri (%50 Ýndirimli);2;TYT;68;;;;;21, 64;2119305;224.19340;;
206870146;  Radyoterapi (Ücretli);2;TYT;1;;;;;64;2344664;211.84758;;
206850821;  Radyoterapi (Burslu);2;TYT;10;;2;;1;21, 64;798912;306.80231;;
206850839;  Radyoterapi (%50 Ýndirimli);2;TYT;67;;;;;21, 64;2067834;226.97395;;
206850539;  Saç Bakýmý ve Güzellik Hizmetleri (Burslu);2;TYT;13;;2;;1;21, 64;751031;310.93426;;
206850654;  Saç Bakýmý ve Güzellik Hizmetleri (%50 Ýndirimli);2;TYT;85;;;;;21, 64;1966703;232.44580;;
206870096;  Sivil Havacýlýk Kabin Hizmetleri (Burslu);2;TYT;16;;2;;1;10, 21, 64;621959;323.29113;;
206870097;  Sivil Havacýlýk Kabin Hizmetleri (%50 Ýndirimli);2;TYT;102;;;;;10, 21, 64;1382845;266.01940;;
206850478;  Týbbi Dokümantasyon ve Sekreterlik (Burslu);2;TYT;16;;2;;1;21, 64;646081;320.83782;;
206850575;  Týbbi Dokümantasyon ve Sekreterlik (%50 Ýndirimli);2;TYT;102;;;;;21, 64;1384521;265.91597;;
206851501;  Týbbi Görüntüleme Teknikleri (Ücretli);2;TYT;2;;;;;64;1741022;244.95948;;
206851519;  Týbbi Görüntüleme Teknikleri (Burslu);2;TYT;10;;2;;1;21, 64;642337;321.20823;;
206851528;  Týbbi Görüntüleme Teknikleri (%50 Ýndirimli);2;TYT;66;;;;;21, 64;1632470;251.16286;;
206850293;  Turizm ve Otel Ýþletmeciliði (Burslu);2;TYT;13;;2;;1;21, 64;743669;311.59343;;
206850309;  Turizm ve Otel Ýþletmeciliði (%50 Ýndirimli);2;TYT;85;;;;;21, 64;2048125;228.03823;;
206850354;  Yaþlý Bakýmý (Burslu);2;TYT;16;;2;;1;21, 64;...;----;;
206850363;  Yaþlý Bakýmý (%50 Ýndirimli);2;TYT;102;;;;;21, 64;...;----;;
;ÝSTANBUL TÝCARET ÜNÝVERSÝTESÝ (Vakýf Üniversitesi) ;;;;;;;;;;;;
;Meslek Yüksekokulu;;;;;;;;;;;;
203490321;  Bilgisayar Programcýlýðý (Ücretli);2;TYT;8;;;;;18, 64;592214;326.45052;;
203490237;  Bilgisayar Programcýlýðý (Burslu);2;TYT;8;;1;;1;18, 21, 64;261534;379.81005;;
203490244;  Bilgisayar Programcýlýðý (%50 Ýndirimli);2;TYT;43;;;;;18, 21, 64;697868;315.80100;;
203490461;  Bilgisayar Teknolojisi (Ücretli);2;TYT;8;;;;;18, 64;...;----;;
203490328;  Bilgisayar Teknolojisi (Burslu);2;TYT;5;;1;;1;18, 21, 64;405123;351.10943;;
203490335;  Bilgisayar Teknolojisi (%50 Ýndirimli);2;TYT;26;;;;;18, 21, 64;1248587;274.41528;;
203490342;  Siber Güvenlik (Ücretli);2;TYT;10;;;;;18, 64;573119;328.55747;;
203490251;  Siber Güvenlik (Burslu);2;TYT;8;;1;;1;18, 21, 64;191611;399.96173;;
203490258;  Siber Güvenlik (%50 Ýndirimli);2;TYT;41;;;;;18, 21, 64;644710;320.97161;;
;ÝSTANBUL TOPKAPI ÜNÝVERSÝTESÝ (Vakýf Üniversitesi) ;;;;;;;;;;;;
;Plato Meslek Yüksekokulu;;;;;;;;;;;;
205053774;  Aðýz ve Diþ Saðlýðý (Burslu);2;TYT;10;;2;;1;18, 21, 64;634333;322.00802;;
205053765;  Aðýz ve Diþ Saðlýðý (%50 Ýndirimli);2;TYT;67;;;;;18, 21, 64;2106435;224.89699;;
205053792;  Ameliyathane Hizmetleri (Burslu);2;TYT;10;;2;;1;18, 21, 64;724005;313.38922;;
205053783;  Ameliyathane Hizmetleri (%50 Ýndirimli);2;TYT;67;;;;;18, 21, 64;2380511;209.81312;;
205053817;  Anestezi (Burslu);2;TYT;10;;2;;1;18, 21, 64;477551;340.40163;;
205053808;  Anestezi (%50 Ýndirimli);2;TYT;68;;;;;18, 21, 64;1371957;266.67544;;
205051566;  Aþçýlýk (Burslu);2;TYT;10;;2;;1;18, 21, 64;616822;323.83282;;
205051575;  Aþçýlýk (%50 Ýndirimli);2;TYT;67;;;;;18, 21, 64;;;;
205053262;  Aþçýlýk (Uzaktan Öðretim) (Burslu);2;TYT;8;;1;;1;7, 18, 21, 64;226982;388.97466;;
205090109;  Aþçýlýk (Uzaktan Öðretim) (%50 Ýndirimli);2;TYT;51;;;;;7, 18, 21, 64;2154173;222.30894;;
205050489;  Bilgisayar Destekli Tasarým ve Animasyon (Burslu);2;TYT;10;;2;;1;18, 21, 64;479282;340.17359;;
205050656;  Bilgisayar Destekli Tasarým ve Animasyon (%50 Ýndirimli);2;TYT;67;;;;;18, 21, 64;;;;
205090094;  Bilgisayar Destekli Tasarým ve Animasyon (Uzaktan Öðretim) (Burslu);2;TYT;10;;2;;1;7, 8, 18, 21, 64;219356;391.20539;;
205090095;  Bilgisayar Destekli Tasarým ve Animasyon (Uzaktan Öðretim) (%50 Ýndirimli);2;TYT;67;;;;;7, 8, 18, 21, 64;2178371;220.99834;;
205050505;  Bilgisayar Programcýlýðý (Burslu);2;TYT;13;;2;;1;18, 21, 64;380903;355.14829;;
205050674;  Bilgisayar Programcýlýðý (%50 Ýndirimli);2;TYT;85;;;;;18, 21, 64;;;;
205090096;  Bilgisayar Programcýlýðý (Uzaktan Öðretim) (Burslu);2;TYT;12;;2;;1;7, 8, 18, 21, 64;287757;373.56284;;
205090097;  Bilgisayar Programcýlýðý (Uzaktan Öðretim) (%50 Ýndirimli);2;TYT;75;;;;;7, 8, 18, 21, 64;1999055;230.69619;;
205090254;  Bilgisayar Teknolojisi (Burslu);2;TYT;8;;1;;1;18, 21, 64;498387;337.63852;;
205090261;  Bilgisayar Teknolojisi (%50 Ýndirimli);2;TYT;51;;;;;18, 21, 64;2209607;219.29571;;
205050311;  Çocuk Geliþimi (Burslu);2;TYT;10;;1;;1;18, 21, 64;810576;305.82539;;
205050374;  Çocuk Geliþimi (%50 Ýndirimli);2;TYT;64;;;;;18, 21, 64;2747722;171.68742;;
205090060;  Diþ Protez Teknolojisi (Burslu);2;TYT;9;;1;;1;18, 21, 64;524768;334.25219;;
205090061;  Diþ Protez Teknolojisi (%50 Ýndirimli);2;TYT;59;;;;;18, 21, 64;1579675;254.25024;;
205090062;  Eczane Hizmetleri (Burslu);2;TYT;10;;1;;1;18, 21, 64;705061;315.12874;;
205090063;  Eczane Hizmetleri (%50 Ýndirimli);2;TYT;64;;;;;18, 21, 64;2459233;205.13885;;
205090106;  Elektrik (Burslu);2;TYT;10;;1;;1;18, 21, 64;693284;316.23623;;
205090107;  Elektrik (%50 Ýndirimli);2;TYT;64;;;;;18, 21, 64;2476648;204.06378;;
205090660;  E-Ticaret ve Pazarlama (Burslu);2;TYT;7;;1;;1;18, 21, 64;...;----;;
205090667;  E-Ticaret ve Pazarlama (%50 Ýndirimli);2;TYT;42;;;;;18, 21, 64;...;----;;
205053835;  Fizyoterapi (Burslu);2;TYT;10;;2;;1;18, 21, 64;657225;319.72284;;
205053826;  Fizyoterapi (%50 Ýndirimli);2;TYT;66;;;;;18, 21, 64;2635738;192.57796;;
205050214;  Grafik Tasarýmý (Burslu);2;TYT;10;;2;;1;18, 21, 64;591508;326.52899;;
205050383;  Grafik Tasarýmý (%50 Ýndirimli);2;TYT;68;;;;;18, 21, 64;2501605;202.48852;;
205053305;  Grafik Tasarýmý (Uzaktan Öðretim) (Burslu);2;TYT;13;;2;;1;7, 18, 21, 64;371248;356.86567;;
205090111;  Grafik Tasarýmý (Uzaktan Öðretim) (%50 Ýndirimli);2;TYT;85;;;;;7, 18, 21, 64;2196861;219.98874;;
205050232;  Grafik Tasarýmý (Ýngilizce) (Burslu);2;TYT;7;;1;;1;18, 21, 22, 23, 24, 64;417321;349.18777;;
205050392;  Grafik Tasarýmý (Ýngilizce) (%50 Ýndirimli);2;TYT;43;;;;;18, 21, 22, 23, 24, 64;;;;
205053147;  Harita ve Kadastro (Burslu);2;TYT;10;;1;;1;18, 21, 64;768510;309.41706;;
205053156;  Harita ve Kadastro (%50 Ýndirimli);2;TYT;64;;;;;18, 21, 64;2676740;188.38650;;
205053129;  Ýç Mekan Tasarýmý (Burslu);2;TYT;12;;2;;1;18, 21, 64;716374;314.08816;;
205053138;  Ýç Mekan Tasarýmý (%50 Ýndirimli);2;TYT;76;;;;;18, 21, 64;;;;
205052413;  Ýlk ve Acil Yardým (Burslu);2;TYT;10;;2;;1;18, 21, 64;572118;328.66974;;
205052422;  Ýlk ve Acil Yardým (%50 Ýndirimli);2;TYT;68;;;;;18, 21, 64;1726524;245.78483;;
205050523;  Ýnternet ve Að Teknolojileri (Burslu);2;TYT;11;;2;;1;18, 21, 64;656401;319.80218;;
205050859;  Ýnternet ve Að Teknolojileri (%50 Ýndirimli);2;TYT;72;;;;;18, 21, 64;;;;
205090098;  Ýnternet ve Að Teknolojileri (Uzaktan Öðretim) (Burslu);2;TYT;8;;1;;1;7, 8, 18, 21, 64;455410;343.50061;;
205090099;  Ýnternet ve Að Teknolojileri (Uzaktan Öðretim) (%50 Ýndirimli);2;TYT;51;;;;;7, 8, 18, 21, 64;2169459;221.48291;;
205050277;  Mimari Restorasyon (Burslu);2;TYT;8;;1;;1;18, 21, 64;702658;315.35385;;
205050417;  Mimari Restorasyon (%50 Ýndirimli);2;TYT;51;;;;;18, 21, 64;;;;
205090674;  Mobil Teknolojileri (Burslu);2;TYT;7;;1;;1;18, 21, 64;...;----;;
205090681;  Mobil Teknolojileri (%50 Ýndirimli);2;TYT;42;;;;;18, 21, 64;...;----;;
205051672;  Moda Tasarýmý (Burslu);2;TYT;8;;1;;1;18, 21, 64;651624;320.28344;;
205051681;  Moda Tasarýmý (%50 Ýndirimli);2;TYT;51;;;;;18, 21, 64;2631673;192.94196;;
205053332;  Moda Tasarýmý (Uzaktan Öðretim) (Burslu);2;TYT;10;;2;;1;7, 18, 21, 64;622609;323.21961;;
205090113;  Moda Tasarýmý (Uzaktan Öðretim) (%50 Ýndirimli);2;TYT;67;;;;;7, 18, 21, 64;1941259;233.82742;;
205090064;  Odyometri (Burslu);2;TYT;9;;1;;1;18, 21, 64;785994;307.89978;;
205090066;  Odyometri (%50 Ýndirimli);2;TYT;53;;;;;18, 21, 64;2736111;177.46553;;
205090153;  Optisyenlik (Burslu);2;TYT;7;;1;;1;18, 21, 64;722370;313.53837;;
205090154;  Optisyenlik (%50 Ýndirimli);2;TYT;42;;;;;18, 21, 64;2629398;193.13557;;
205090268;  Otomotiv Teknolojisi (Burslu);2;TYT;5;;1;;1;18, 21, 64;689061;316.63243;;
205090275;  Otomotiv Teknolojisi (%50 Ýndirimli);2;TYT;34;;;;;18, 21, 64;2194630;220.10795;;
205090688;  Patoloji Laboratuvar Teknikleri (Burslu);2;TYT;5;;1;;1;18, 21, 64;...;----;;
205090695;  Patoloji Laboratuvar Teknikleri (%50 Ýndirimli);2;TYT;34;;;;;18, 21, 64;...;----;;
205090702;  Siber Güvenlik (Burslu);2;TYT;7;;1;;1;18, 21, 64;...;----;;
205090709;  Siber Güvenlik (%50 Ýndirimli);2;TYT;42;;;;;18, 21, 64;...;----;;
205053183;  Sivil Hava Ulaþtýrma Ýþletmeciliði (Burslu);2;TYT;7;;1;;1;10, 18, 21, 64;631525;322.29919;;
205053192;  Sivil Hava Ulaþtýrma Ýþletmeciliði (%50 Ýndirimli);2;TYT;44;;;;;10, 18, 21, 64;2121385;224.07980;;
205053226;  Sivil Havacýlýk Kabin Hizmetleri (Burslu);2;TYT;10;;1;;1;10, 18, 21, 64;532891;333.26491;;
205053235;  Sivil Havacýlýk Kabin Hizmetleri (%50 Ýndirimli);2;TYT;63;;;;;10, 18, 21, 64;1622866;251.71747;;
205090716;  Tele-Saðlýk Teknikerliði (Burslu);2;TYT;7;;1;;1;18, 21, 64;...;----;;
205090723;  Tele-Saðlýk Teknikerliði (%50 Ýndirimli);2;TYT;42;;;;;18, 21, 64;...;----;;
205051884;  Týbbi Dokümantasyon ve Sekreterlik (Burslu);2;TYT;10;;2;;1;18, 21, 64;638500;321.59296;;
205051893;  Týbbi Dokümantasyon ve Sekreterlik (%50 Ýndirimli);2;TYT;67;;;;;18, 21, 64;2106185;224.91171;;
205051821;  Týbbi Görüntüleme Teknikleri (Burslu);2;TYT;10;;2;;1;18, 21, 64;626681;322.78844;;
205053411;  Týbbi Görüntüleme Teknikleri (%50 Ýndirimli);2;TYT;68;;;;;18, 21, 64;2384436;209.58030;;
205051848;  Týbbi Laboratuvar Teknikleri (Burslu);2;TYT;10;;2;;1;18, 21, 64;660584;319.39687;;
205053429;  Týbbi Laboratuvar Teknikleri (%50 Ýndirimli);2;TYT;68;;;;;18, 21, 64;2629574;193.12236;;
205090730;  Týbbi Veri Ýþleme Teknikerliði (Burslu);2;TYT;7;;1;;1;18, 21, 64;...;----;;
205090737;  Týbbi Veri Ýþleme Teknikerliði (%50 Ýndirimli);2;TYT;42;;;;;18, 21, 64;...;----;;
205090155;  Turist Rehberliði (Burslu);2;TYT;10;;2;;1;18, 21, 64;415403;349.49233;;
205090156;  Turist Rehberliði (%50 Ýndirimli);2;TYT;67;;;;;18, 21, 64;2286470;215.08549;;
205053244;  Turist Rehberliði (Uzaktan Öðretim) (Burslu);2;TYT;10;;2;;1;7, 18, 21, 64;170646;407.38610;;
205090115;  Turist Rehberliði (Uzaktan Öðretim) (%50 Ýndirimli);2;TYT;67;;;;;7, 18, 21, 64;766462;309.58849;;
205053447;  Uçak Teknolojisi (Burslu);2;TYT;13;;2;;1;10, 18, 21, 64;385984;354.29186;;
205053456;  Uçak Teknolojisi (%50 Ýndirimli);2;TYT;85;;;;;10, 18, 21, 64;1344113;268.42175;;
205090282;  Web Tasarýmý ve Kodlama (Burslu);2;TYT;10;;2;;1;18, 21, 64;511931;335.88315;;
205090289;  Web Tasarýmý ve Kodlama (%50 Ýndirimli);2;TYT;67;;;;;18, 21, 64;2003735;230.44059;;
205090744;  Yaþlý Bakýmý (Burslu);2;TYT;7;;1;;1;18, 21, 64;...;----;;
205090751;  Yaþlý Bakýmý (%50 Ýndirimli);2;TYT;42;;;;;18, 21, 64;...;----;;
205090758;  Yeþil ve Ekolojik Bina Teknikerliði (Burslu);2;TYT;7;;1;;1;18, 21, 64;...;----;;
205090765;  Yeþil ve Ekolojik Bina Teknikerliði (%50 Ýndirimli);2;TYT;42;;;;;18, 21, 64;...;----;;
;ÝSTANBUL YENÝ YÜZYIL ÜNÝVERSÝTESÝ (Vakýf Üniversitesi) ;;;;;;;;;;;;
;Meslek Yüksekokulu;;;;;;;;;;;;
206250024;  Bankacýlýk ve Sigortacýlýk (Burslu);2;TYT;7;;1;;1;21, 64;678553;317.64139;;
206250351;  Bankacýlýk ve Sigortacýlýk (%50 Ýndirimli);2;TYT;42;;;;;21, 64;1681323;248.35267;;
206290268;  Bilgisayar Programcýlýðý (Ücretli);2;TYT;4;;;;;64;...;----;;
206290310;  Bilgisayar Programcýlýðý (Burslu);2;TYT;5;;1;;1;21, 64;...;----;;
206290275;  Bilgisayar Programcýlýðý (%50 Ýndirimli);2;TYT;30;;;;;21, 64;...;----;;
206250042;  Dýþ Ticaret (Burslu);2;TYT;10;;1;;1;21, 64;718228;313.92561;;
206250342;  Dýþ Ticaret (%50 Ýndirimli);2;TYT;59;;;;;21, 64;1641719;250.62601;;
206250069;  Halkla Ýliþkiler ve Tanýtým (Burslu);2;TYT;5;;1;;1;21, 64;815581;305.39626;;
206250387;  Halkla Ýliþkiler ve Tanýtým (%50 Ýndirimli);2;TYT;34;;;;;21, 64;1796033;241.85590;;
206250087;  Lojistik (Burslu);2;TYT;7;;1;;1;21, 64;728735;312.95726;;
206250369;  Lojistik (%50 Ýndirimli);2;TYT;42;;;;;21, 64;1552177;255.85031;;
206290233;  Mahkeme Büro Hizmetleri (Burslu);2;TYT;4;;1;;1;21, 64;652717;320.17538;;
206290247;  Mahkeme Büro Hizmetleri (%50 Ýndirimli);2;TYT;25;;;;;21, 64;1297582;271.31121;;
206250633;  Turizm ve Otel Ýþletmeciliði (Burslu);2;TYT;5;;1;;1;21, 64;753102;310.75659;;
206250642;  Turizm ve Otel Ýþletmeciliði (%50 Ýndirimli);2;TYT;33;;;;;21, 64;1914736;235.27957;;
;Saðlýk Hizmetleri Meslek Yüksekokulu;;;;;;;;;;;;
206250518;  Aðýz ve Diþ Saðlýðý (Burslu);2;TYT;10;;1;;1;21, 64;606454;324.90695;;
206250527;  Aðýz ve Diþ Saðlýðý (%50 Ýndirimli);2;TYT;64;;;;;21, 64;1342803;268.50134;;
206250166;  Ameliyathane Hizmetleri (Burslu);2;TYT;10;;1;;1;21, 64;676648;317.82562;;
206250306;  Ameliyathane Hizmetleri (%50 Ýndirimli);2;TYT;64;;;;;21, 64;1839789;239.42305;;
206250184;  Anestezi (Burslu);2;TYT;10;;2;;1;21, 64;400770;351.82664;;
206250793;  Anestezi (%25 Ýndirimli);2;TYT;66;;;;;21, 64;1383437;265.98475;;
206250148;  Çocuk Geliþimi (Burslu);2;TYT;6;;1;;1;21, 64;755412;310.54687;;
206250333;  Çocuk Geliþimi (%50 Ýndirimli);2;TYT;36;;;;;21, 64;2748028;171.43899;;
206250475;  Eczane Hizmetleri (Burslu);2;TYT;10;;2;;1;21, 64;698638;315.73215;;
206250836;  Eczane Hizmetleri (%50 Ýndirimli);2;TYT;68;;;;;21, 64;2281610;215.35278;;
206250209;  Ýlk ve Acil Yardým (Burslu);2;TYT;10;;2;;1;21, 64;497742;337.73363;;
206250845;  Ýlk ve Acil Yardým (%25 Ýndirimli);2;TYT;68;;;;;21, 64;1779484;242.78948;;
206250572;  Odyometri (Burslu);2;TYT;8;;1;;1;21, 64;733966;312.47255;;
206250581;  Odyometri (%50 Ýndirimli);2;TYT;54;;;;;21, 64;;;;
206250687;  Optisyenlik (Burslu);2;TYT;7;;1;;1;21, 64;699815;315.62163;;
206250933;  Optisyenlik (%50 Ýndirimli);2;TYT;46;;;;;21, 64;2564018;198.28781;;
206250227;  Týbbi Görüntüleme Teknikleri (Burslu);2;TYT;10;;2;;1;21, 64;582594;327.50366;;
206250299;  Týbbi Görüntüleme Teknikleri (%50 Ýndirimli);2;TYT;68;;;;;21, 64;1373717;266.57019;;
206250245;  Týbbi Laboratuvar Teknikleri (Burslu);2;TYT;10;;1;;1;21, 64;637317;321.70724;;
206250281;  Týbbi Laboratuvar Teknikleri (%50 Ýndirimli);2;TYT;64;;;;;21, 64;1753528;244.25646;;
206290282;  Týbbi Veri Ýþleme Teknikerliði (Burslu);2;TYT;5;;1;;1;21, 64;...;----;;
206290289;  Týbbi Veri Ýþleme Teknikerliði (%50 Ýndirimli);2;TYT;34;;;;;21, 64;...;----;;
206250263;  Yaþlý Bakýmý (Burslu);2;TYT;5;;1;;1;21, 64;753169;310.74947;;
206250324;  Yaþlý Bakýmý (%50 Ýndirimli);2;TYT;34;;;;;21, 64;2004705;230.38925;;
;ÝSTÝNYE ÜNÝVERSÝTESÝ (ÝSTANBUL) (Vakýf Üniversitesi) ;;;;;;;;;;;;
;Meslek Yüksekokulu;;;;;;;;;;;;
208450334;  Aþçýlýk (Burslu);2;TYT;10;;1;;1;18, 21, 64;533197;333.23125;;
208450325;  Aþçýlýk (%50 Ýndirimli);2;TYT;64;;;;;18, 21, 64;;;;
208450776;  Bilgisayar Destekli Tasarým ve Animasyon (Burslu);2;TYT;10;;1;;1;18, 21, 64;429504;347.30957;;
208450777;  Bilgisayar Destekli Tasarým ve Animasyon (%50 Ýndirimli);2;TYT;61;;;;;18, 21, 64;;;;
208450778;  Bilgisayar Programcýlýðý (Burslu);2;TYT;12;;2;;1;18, 21, 64;258983;380.46418;;
208450779;  Bilgisayar Programcýlýðý (%50 Ýndirimli);2;TYT;76;;;;;18, 21, 64;;;;
208450861;  Bilgisayar Teknolojisi (Burslu);2;TYT;7;;1;;1;18, 21, 64;390330;353.56177;;
208450868;  Bilgisayar Teknolojisi (%50 Ýndirimli);2;TYT;47;;;;;18, 21, 64;;;;
208450817;  Biliþim Güvenliði Teknolojisi (Burslu);2;TYT;8;;1;;1;18, 21, 64;359700;358.94034;;
208450818;  Biliþim Güvenliði Teknolojisi (%50 Ýndirimli);2;TYT;51;;;;;18, 21, 64;;;;
208450987;  Biyomedikal Cihaz Teknolojisi (Burslu);2;TYT;4;;1;;1;18, 21, 64;764328;309.77415;;
208450994;  Biyomedikal Cihaz Teknolojisi (%50 Ýndirimli);2;TYT;25;;;;;18, 21, 64;;;;
208450959;  Dýþ Ticaret (Burslu);2;TYT;5;;1;;1;18, 21, 64;601092;325.48551;;
208450966;  Dýþ Ticaret (%50 Ýndirimli);2;TYT;34;;;;;18, 21, 64;2060600;227.36004;;
208450973;  Elektronik Teknolojisi (Burslu);2;TYT;6;;1;;1;18, 21, 64;563343;329.68931;;
208450980;  Elektronik Teknolojisi (%50 Ýndirimli);2;TYT;38;;;;;18, 21, 64;;;;
208450903;  E-Ticaret ve Pazarlama (Burslu);2;TYT;6;;1;;1;18, 21, 64;440881;345.60656;;
208450910;  E-Ticaret ve Pazarlama (%50 Ýndirimli);2;TYT;38;;;;;18, 21, 64;2316189;213.43704;;
208450431;  Gýda Teknolojisi (Burslu);2;TYT;4;;1;;1;18, 21, 64;639329;321.50972;;
208450422;  Gýda Teknolojisi (%50 Ýndirimli);2;TYT;30;;;;;18, 21, 64;;;;
208451001;  Grafik Tasarýmý (Burslu);2;TYT;5;;1;;1;18, 21, 64;433874;346.64816;;
208451008;  Grafik Tasarýmý (%50 Ýndirimli);2;TYT;34;;;;;18, 21, 64;2087133;225.93860;;
208451015;  Ýç Mekan Tasarýmý (Burslu);2;TYT;5;;1;;1;18, 21, 64;604547;325.11076;;
208451022;  Ýç Mekan Tasarýmý (%50 Ýndirimli);2;TYT;34;;;;;18, 21, 64;2701841;185.06450;;
208451029;  Lojistik (Burslu);2;TYT;5;;1;;1;18, 21, 64;674279;318.05231;;
208451036;  Lojistik (%50 Ýndirimli);2;TYT;34;;;;;18, 21, 64;2474919;204.16666;;
208450819;  Otomotiv Teknolojisi (Burslu);2;TYT;7;;1;;1;18, 21, 64;462213;342.53077;;
208450820;  Otomotiv Teknolojisi (%50 Ýndirimli);2;TYT;42;;;;;18, 21, 64;2213370;219.09003;;
208450494;  Sivil Havacýlýk Kabin Hizmetleri (Burslu);2;TYT;12;;2;;1;10, 18, 21, 64;467301;341.81713;;
208450485;  Sivil Havacýlýk Kabin Hizmetleri (%50 Ýndirimli);2;TYT;76;;;;;10, 18, 21, 64;1501899;258.80381;;
208450555;  Uçak Teknolojisi (Burslu);2;TYT;11;;2;;1;10, 18, 21, 64;303594;370.09533;;
208450546;  Uçak Teknolojisi (%50 Ýndirimli);2;TYT;72;;;;;10, 18, 21, 64;1174385;279.23260;;
;Saðlýk Hizmetleri Meslek Yüksekokulu;;;;;;;;;;;;
208450149;  Aðýz ve Diþ Saðlýðý (Burslu);2;TYT;10;;2;;1;18, 21, 64;499890;337.44825;;
208450131;  Aðýz ve Diþ Saðlýðý (%50 Ýndirimli);2;TYT;68;;;;;18, 21, 64;2159866;222.00177;;
208450016;  Ameliyathane Hizmetleri (Burslu);2;TYT;10;;2;;1;18, 21, 64;624940;322.97419;;
208450564;  Ameliyathane Hizmetleri (%50 Ýndirimli);2;TYT;68;;;;;18, 21, 64;2693806;186.21166;;
208450034;  Anestezi (Burslu);2;TYT;10;;2;;1;18, 21, 64;321551;366.32206;;
208450573;  Anestezi (%50 Ýndirimli);2;TYT;68;;;;;18, 21, 64;1242887;274.78977;;
208450167;  Çocuk Geliþimi (Burslu);2;TYT;5;;1;;1;18, 21, 64;609933;324.53271;;
208450158;  Çocuk Geliþimi (%50 Ýndirimli);2;TYT;37;;;;;18, 21, 64;2652874;190.96615;;
208450185;  Diyaliz (Burslu);2;TYT;5;;1;;1;18, 21, 64;630909;322.36163;;
208450176;  Diyaliz (%50 Ýndirimli);2;TYT;34;;;;;18, 21, 64;;;;
208450201;  Eczane Hizmetleri (Burslu);2;TYT;10;;1;;1;18, 21, 64;620884;323.40302;;
208450194;  Eczane Hizmetleri (%50 Ýndirimli);2;TYT;59;;;;;18, 21, 64;2738889;176.43697;;
208450246;  Fizyoterapi (Burslu);2;TYT;10;;2;;1;18, 21, 64;521406;334.67651;;
208450237;  Fizyoterapi (%50 Ýndirimli);2;TYT;68;;;;;18, 21, 64;;;;
208450052;  Ýlk ve Acil Yardým (Burslu);2;TYT;10;;2;;1;18, 21, 64;433393;346.72056;;
208450582;  Ýlk ve Acil Yardým (%50 Ýndirimli);2;TYT;68;;;;;18, 21, 64;1564432;255.13541;;
208450821;  Optisyenlik (Burslu);2;TYT;5;;1;;1;18, 21, 64;548976;331.35566;;
208450822;  Optisyenlik (%50 Ýndirimli);2;TYT;34;;;;;18, 21, 64;2633871;192.74985;;
208451071;  Patoloji Laboratuvar Teknikleri (Burslu);2;TYT;5;;1;;1;18, 21, 64;...;----;;
208451078;  Patoloji Laboratuvar Teknikleri (%50 Ýndirimli);2;TYT;34;;;;;18, 21, 64;...;----;;
208450079;  Radyoterapi (Burslu);2;TYT;7;;1;;1;18, 21, 64;710157;314.66572;;
208450255;  Radyoterapi (%50 Ýndirimli);2;TYT;42;;;;;18, 21, 64;;;;
208450097;  Týbbi Görüntüleme Teknikleri (Burslu);2;TYT;10;;2;;1;18, 21, 64;468218;341.68780;;
208450591;  Týbbi Görüntüleme Teknikleri (%50 Ýndirimli);2;TYT;68;;;;;18, 21, 64;2687599;187.05568;;
208450113;  Týbbi Laboratuvar Teknikleri (Burslu);2;TYT;10;;2;;1;18, 21, 64;540351;332.37081;;
208450607;  Týbbi Laboratuvar Teknikleri (%50 Ýndirimli);2;TYT;68;;;;;18, 21, 64;;;;
;ÝZMÝR EKONOMÝ ÜNÝVERSÝTESÝ (Vakýf Üniversitesi) ;;;;;;;;;;;;YÖKAK
;Meslek Yüksekokulu;;;;;;;;;;;;
203550418;  Bankacýlýk ve Sigortacýlýk (Burslu);2;TYT;4;;1;;1;18, 21, 64;361645;358.57372;;
203590245;  Bankacýlýk ve Sigortacýlýk (%50 Ýndirimli);2;TYT;30;;;;;18, 21, 64;1270980;272.98734;;
203550596;  Bilgisayar Programcýlýðý (Ücretli);2;TYT;18;;;;;18, 64;1545038;256.26666;;
203550603;  Bilgisayar Programcýlýðý (Burslu);2;TYT;7;;1;;1;18, 21, 64;196529;398.35183;;
203550878;  Bilgisayar Programcýlýðý (%25 Ýndirimli);2;TYT;28;;;;;18, 21, 64;637867;321.65498;;
203550039;  Dýþ Ticaret (Ücretli);2;TYT;9;;;;;18, 64;1276874;272.60711;;
203550427;  Dýþ Ticaret (Burslu);2;TYT;6;;1;;1;18, 21, 64;377275;355.79156;;
203590159;  Dýþ Ticaret (%25 Ýndirimli);2;TYT;32;;;;;18, 21, 64;1093278;284.68869;;
203550666;  Grafik Tasarýmý (Ücretli);2;TYT;15;;;;;18, 64;1598156;253.15638;;
203550675;  Grafik Tasarýmý (Burslu);2;TYT;5;;1;;1;18, 21, 64;332879;364.01123;;
203550684;  Grafik Tasarýmý (%25 Ýndirimli);2;TYT;19;;;;;18, 21, 64;875376;300.56403;;
203551188;  Ýç Mekan Tasarýmý (Ücretli);2;TYT;22;;;;;18, 64;1684502;248.17006;;
203551161;  Ýç Mekan Tasarýmý (Burslu);2;TYT;5;;1;;1;18, 21, 64;409561;350.41176;;
203551179;  Ýç Mekan Tasarýmý (%25 Ýndirimli);2;TYT;15;;;;;18, 21, 64;1332619;269.13167;;
203551055;  Ýnþaat Teknolojisi (Burslu);2;TYT;3;;1;;1;18, 21, 64;400866;351.81273;;
203551064;  Ýnþaat Teknolojisi (%25 Ýndirimli);2;TYT;25;;;;;18, 21, 64;1247224;274.50332;;
203550621;  Ýþ Saðlýðý ve Güvenliði (Burslu);2;TYT;3;;;;1;18, 21, 64;503242;337.00851;;
203590210;  Ýþ Saðlýðý ve Güvenliði (%25 Ýndirimli);2;TYT;20;;;;;18, 21, 64;1703787;247.07252;;
203590287;  Medya ve Ýletiþim (Burslu);2;TYT;3;;1;;1;18, 21, 64;...;----;*;ÝLAD
203590294;  Medya ve Ýletiþim (%25 Ýndirimli);2;TYT;25;;;;;18, 21, 64;...;----;*;ÝLAD
203551152;  Mimari Restorasyon (Ücretli);2;TYT;15;;;;;18, 64;1828673;240.04316;;
203551134;  Mimari Restorasyon (Burslu);2;TYT;3;;1;;1;18, 21, 64;415039;349.54487;;
203551143;  Mimari Restorasyon (%25 Ýndirimli);2;TYT;10;;;;;18, 21, 64;980037;292.66414;;
203551285;  Sivil Hava Ulaþtýrma Ýþletmeciliði (Ücretli);2;TYT;20;;;;;10, 18, 64;1133939;281.94416;;
203551294;  Sivil Hava Ulaþtýrma Ýþletmeciliði (Burslu);2;TYT;4;;1;;1;10, 18, 21, 64;372787;356.59430;;
203590161;  Sivil Hava Ulaþtýrma Ýþletmeciliði (%25 Ýndirimli);2;TYT;10;;;;;10, 18, 21, 64;716225;314.10348;;
203550745;  Sivil Havacýlýk Kabin Hizmetleri (Ücretli);2;TYT;39;;;;;10, 18, 64;1063720;286.71740;;
203550754;  Sivil Havacýlýk Kabin Hizmetleri (Burslu);2;TYT;6;;1;;1;10, 18, 21, 64;265138;378.92582;;
203550842;  Turizm ve Otel Ýþletmeciliði (Burslu);2;TYT;4;;1;;1;18, 21, 64;557816;330.32472;*;TUADER
203590217;  Turizm ve Otel Ýþletmeciliði (%25 Ýndirimli);2;TYT;29;;;;;18, 21, 64;1647263;250.30739;*;TUADER
;Saðlýk Hizmetleri Meslek Yüksekokulu;;;;;;;;;;;;
203550993;  Çocuk Geliþimi (Ücretli);2;TYT;25;;;;;18, 64;1830567;239.93800;;
203551001;  Çocuk Geliþimi (Burslu);2;TYT;3;;1;;1;18, 21, 64;573503;328.51108;;
203550966;  Fizyoterapi (Ücretli);2;TYT;37;;;;;18, 64;1360211;267.42427;;
203550975;  Fizyoterapi (Burslu);2;TYT;5;;1;;1;18, 21, 64;298723;371.12403;;
203550772;  Ýlk ve Acil Yardým (Ücretli);2;TYT;30;;;;;18, 64;1052297;287.51918;;
203550781;  Ýlk ve Acil Yardým (Burslu);2;TYT;4;;1;;1;18, 21, 64;402778;351.49536;;
203551073;  Optisyenlik (Ücretli);2;TYT;30;;;;;18, 64;1491937;259.39822;;
203551082;  Optisyenlik (Burslu);2;TYT;4;;1;;1;18, 21, 64;438017;346.03448;;
203550569;  Týbbi Dokümantasyon ve Sekreterlik (Burslu);2;TYT;4;;;;1;18, 21, 64;501263;337.26238;;
203590252;  Týbbi Dokümantasyon ve Sekreterlik (%50 Ýndirimli);2;TYT;21;;;;;18, 21, 64;930178;296.38020;;
203551019;  Týbbi Görüntüleme Teknikleri (Ücretli);2;TYT;25;;;;;18, 64;1123524;282.63754;;
203551028;  Týbbi Görüntüleme Teknikleri (Burslu);2;TYT;3;;1;;1;18, 21, 64;363180;358.29383;;
203551276;  Týbbi Laboratuvar Teknikleri (Ücretli);2;TYT;25;;;;;18, 64;1774860;243.05798;;
203551258;  Týbbi Laboratuvar Teknikleri (Burslu);2;TYT;3;;1;;1;18, 21, 64;421076;348.60845;;
203550587;  Yaþlý Bakýmý (Burslu);2;TYT;3;;1;;1;18, 21, 64;615987;323.91456;;
203590259;  Yaþlý Bakýmý (%50 Ýndirimli);2;TYT;25;;;;;18, 21, 64;1792292;242.07081;;
;ÝZMÝR KAVRAM MESLEK YÜKSEKOKULU (Vakýf Üniversitesi) ;;;;;;;;;;;;YÖKAK
;Ýzmir Kavram Meslek Yüksekokulu;;;;;;;;;;;;
208910012;  Aðýz ve Diþ Saðlýðý (Burslu);2;TYT;10;;1;;1;21, 64;529210;333.70021;;
208910065;  Aðýz ve Diþ Saðlýðý (%50 Ýndirimli);2;TYT;59;;;;;21, 64;...;----;;
208910014;  Ameliyathane Hizmetleri (Burslu);2;TYT;10;;1;;1;21, 64;588332;326.87640;;
208910066;  Ameliyathane Hizmetleri (%50 Ýndirimli);2;TYT;59;;;;;21, 64;...;----;;
208910016;  Anestezi (Burslu);2;TYT;10;;1;;1;21, 64;383033;354.78043;;
208910067;  Anestezi (%50 Ýndirimli);2;TYT;59;;;;;21, 64;...;----;;
208910018;  Aþçýlýk (Burslu);2;TYT;5;;1;;1;21, 64;456572;343.32695;*;TUADER
208910069;  Aþçýlýk (%50 Ýndirimli);2;TYT;34;;;;;21, 64;...;----;*;TUADER
208910020;  Bankacýlýk ve Sigortacýlýk (Burslu);2;TYT;4;;1;;1;21, 64;746816;311.31494;;
208910071;  Bankacýlýk ve Sigortacýlýk (%50 Ýndirimli);2;TYT;27;;;;;21, 64;1921133;234.92205;;
208910022;  Bilgisayar Programcýlýðý (Burslu);2;TYT;10;;2;;1;21, 64;442541;345.36176;;
208910072;  Bilgisayar Programcýlýðý (%50 Ýndirimli);2;TYT;67;;;;;21, 64;...;----;;
208910237;  Biliþim Güvenliði Teknolojisi (Burslu);2;TYT;5;;1;;1;21, 64;466472;341.93613;;
208910258;  Biliþim Güvenliði Teknolojisi (%50 Ýndirimli);2;TYT;34;;;;;21, 64;...;----;;
208910265;  Çevre Saðlýðý ve Çevresel Risk Yönetimi Teknikerliði (Burslu);2;TYT;6;;1;;1;21, 64;...;----;;
208910272;  Çevre Saðlýðý ve Çevresel Risk Yönetimi Teknikerliði (%50 Ýndirimli);2;TYT;38;;;;;21, 64;...;----;;
208910024;  Çocuk Geliþimi (Burslu);2;TYT;7;;1;;1;21, 64;754418;310.63589;;
208910073;  Çocuk Geliþimi (%50 Ýndirimli);2;TYT;48;;;;;21, 64;...;----;;
208910026;  Dýþ Ticaret (Burslu);2;TYT;7;;1;;1;21, 64;689751;316.56530;;
208910075;  Dýþ Ticaret (%50 Ýndirimli);2;TYT;47;;;;;21, 64;1937742;234.01819;;
208910028;  Diyaliz (Burslu);2;TYT;10;;2;;1;21, 64;609804;324.54792;;
208910076;  Diyaliz (%50 Ýndirimli);2;TYT;67;;;;;21, 64;...;----;;
208910030;  Fizyoterapi (Burslu);2;TYT;10;;2;;1;21, 64;542798;332.07882;;
208910077;  Fizyoterapi (%50 Ýndirimli);2;TYT;67;;;;;21, 64;...;----;;
208910116;  Fotoðrafçýlýk ve Kameramanlýk (Burslu);2;TYT;4;;1;;1;21, 64;528406;333.80363;;
208910117;  Fotoðrafçýlýk ve Kameramanlýk (%50 Ýndirimli);2;TYT;30;;;;;21, 64;2326008;212.88781;;
208910032;  Grafik Tasarýmý (Burslu);2;TYT;10;;1;;1;21, 64;582371;327.52782;;
208910101;  Grafik Tasarýmý (%50 Ýndirimli);2;TYT;59;;;;;21, 64;2072832;226.70455;;
208910034;  Halkla Ýliþkiler ve Tanýtým (Burslu);2;TYT;5;;1;;1;21, 64;843970;303.07605;;
208910102;  Halkla Ýliþkiler ve Tanýtým (%50 Ýndirimli);2;TYT;34;;;;;21, 64;2103774;225.04738;;
208910099;  Ýç Mekan Tasarýmý (Burslu);2;TYT;5;;1;;1;21, 64;643551;321.08633;;
208910100;  Ýç Mekan Tasarýmý (%50 Ýndirimli);2;TYT;34;;;;;21, 64;...;----;;
208910036;  Ýlk ve Acil Yardým (Burslu);2;TYT;8;;1;;1;21, 64;438962;345.89272;;
208910080;  Ýlk ve Acil Yardým (%50 Ýndirimli);2;TYT;51;;;;;21, 64;...;----;;
208910038;  Ýnsan Kaynaklarý Yönetimi (Burslu);2;TYT;4;;1;;1;21, 64;717673;313.97496;;
208910103;  Ýnsan Kaynaklarý Yönetimi (%50 Ýndirimli);2;TYT;25;;;;;21, 64;2206437;219.47013;;
208910040;  Ýnþaat Teknolojisi (Burslu);2;TYT;7;;1;;1;21, 64;749171;311.10207;;
208910082;  Ýnþaat Teknolojisi (%50 Ýndirimli);2;TYT;47;;;;;21, 64;...;----;;
208910042;  Ýþ Saðlýðý ve Güvenliði (Burslu);2;TYT;7;;1;;1;21, 64;743322;311.62651;;
208910104;  Ýþ Saðlýðý ve Güvenliði (%50 Ýndirimli);2;TYT;47;;;;;21, 64;2102205;225.13438;;
208910279;  Kaynak Teknolojisi (Burslu);2;TYT;4;;1;;1;21, 64;...;----;;
208910286;  Kaynak Teknolojisi (%50 Ýndirimli);2;TYT;25;;;;;21, 64;...;----;;
208910044;  Lojistik (Burslu);2;TYT;7;;1;;1;21, 64;686530;316.86601;;
208910105;  Lojistik (%50 Ýndirimli);2;TYT;47;;;;;21, 64;1836767;239.59003;;
208910251;  Mahkeme Büro Hizmetleri (Burslu);2;TYT;4;;1;;1;21, 64;479963;340.08080;;
208910293;  Mahkeme Büro Hizmetleri (%50 Ýndirimli);2;TYT;25;;;;;21, 64;...;----;;
208910046;  Makine (Burslu);2;TYT;10;;2;;1;21, 64;761563;310.01490;;
208910085;  Makine (%50 Ýndirimli);2;TYT;67;;;;;21, 64;1868121;237.85612;;
208910048;  Mimari Restorasyon (Burslu);2;TYT;4;;1;;1;21, 64;723253;313.45507;;
208910106;  Mimari Restorasyon (%50 Ýndirimli);2;TYT;30;;;;;21, 64;...;----;;
208910118;  Optisyenlik (Burslu);2;TYT;4;;;;1;21, 64;483591;339.59487;;
208910119;  Optisyenlik (%50 Ýndirimli);2;TYT;21;;;;;21, 64;...;----;;
208910300;  Otonom Sistemler Teknikerliði (Burslu);2;TYT;5;;1;;1;21, 64, 320;...;----;;
208910307;  Otonom Sistemler Teknikerliði (%50 Ýndirimli);2;TYT;34;;;;;21, 64, 320;...;----;;
208910314;  Robotik ve Yapay Zeka (Burslu);2;TYT;5;;1;;1;21, 64, 320;...;----;;
208910321;  Robotik ve Yapay Zeka (%50 Ýndirimli);2;TYT;34;;;;;21, 64, 320;...;----;;
208910120;  Saç Bakýmý ve Güzellik Hizmetleri (Burslu);2;TYT;6;;1;;1;21, 64;586131;327.11037;;
208910121;  Saç Bakýmý ve Güzellik Hizmetleri (%50 Ýndirimli);2;TYT;38;;;;;21, 64;1924453;234.74387;;
208910052;  Saðlýk Kurumlarý Ýþletmeciliði (Burslu);2;TYT;4;;1;;1;21, 64;834958;303.80912;;
208910108;  Saðlýk Kurumlarý Ýþletmeciliði (%50 Ýndirimli);2;TYT;25;;;;;21, 64;2166507;221.64181;;
208910122;  Sivil Havacýlýk Kabin Hizmetleri (Burslu);2;TYT;6;;1;;1;10, 21, 64;536042;332.88492;;
208910328;  Sivil Havacýlýk Kabin Hizmetleri (%50 Ýndirimli);2;TYT;38;;;;;10, 21, 64;...;----;;
208910054;  Sosyal Hizmetler (Burslu);2;TYT;4;;;;1;21, 64;771873;309.12976;;
208910109;  Sosyal Hizmetler (%50 Ýndirimli);2;TYT;21;;;;;21, 64;2207658;219.40258;;
208910058;  Týbbi Dokümantasyon ve Sekreterlik (Burslu);2;TYT;8;;1;;1;21, 64;551754;331.02866;;
208910111;  Týbbi Dokümantasyon ve Sekreterlik (%50 Ýndirimli);2;TYT;51;;;;;21, 64;1394939;265.27374;;
208910097;  Týbbi Görüntüleme Teknikleri (Burslu);2;TYT;8;;1;;1;21, 64;472816;341.06765;;
208910098;  Týbbi Görüntüleme Teknikleri (%50 Ýndirimli);2;TYT;51;;;;;21, 64;...;----;;
208910060;  Týbbi Laboratuvar Teknikleri (Burslu);2;TYT;10;;2;;1;21, 64;549029;331.35030;;
208910092;  Týbbi Laboratuvar Teknikleri (%50 Ýndirimli);2;TYT;67;;;;;21, 64;...;----;;
;ÝZMÝR TINAZTEPE ÜNÝVERSÝTESÝ (Vakýf Üniversitesi) ;;;;;;;;;;;;
;Saðlýk Hizmetleri Meslek Yüksekokulu;;;;;;;;;;;;
209610034;  Aðýz ve Diþ Saðlýðý (Burslu);2;TYT;10;;1;;1;18, 21, 64;480303;340.03401;;
209610035;  Aðýz ve Diþ Saðlýðý (%50 Ýndirimli);2;TYT;59;;;;;18, 21, 64;1090945;284.84375;;
209610016;  Ameliyathane Hizmetleri (Burslu);2;TYT;10;;1;;1;18, 21, 64;504782;336.80589;;
209610017;  Ameliyathane Hizmetleri (%50 Ýndirimli);2;TYT;59;;;;;18, 21, 64;1279481;272.44452;;
209610010;  Anestezi (Burslu);2;TYT;10;;1;;1;18, 21, 64;352671;360.22171;;
209610011;  Anestezi (%50 Ýndirimli);2;TYT;59;;;;;18, 21, 64;732143;312.64199;;
209610138;  Bilgisayar Programcýlýðý (Burslu);2;TYT;5;;1;;1;18, 21, 64;...;----;;
209610145;  Bilgisayar Programcýlýðý (%50 Ýndirimli);2;TYT;34;;;;;18, 21, 64;...;----;;
209610110;  Diþ Protez Teknolojisi (Burslu);2;TYT;7;;1;;1;18, 21, 64;320517;366.52891;;
209610117;  Diþ Protez Teknolojisi (%50 Ýndirimli);2;TYT;42;;;;;18, 21, 64;722373;313.53818;;
209610124;  Diyaliz (Burslu);2;TYT;7;;1;;1;18, 21, 64;598000;325.82177;;
209610131;  Diyaliz (%50 Ýndirimli);2;TYT;42;;;;;18, 21, 64;1420041;263.72396;;
209610036;  Eczane Hizmetleri (Burslu);2;TYT;8;;1;;1;18, 21, 64;620094;323.49259;;
209610037;  Eczane Hizmetleri (%50 Ýndirimli);2;TYT;51;;;;;18, 21, 64;1595115;253.33922;;
209610012;  Fizyoterapi (Burslu);2;TYT;8;;1;;1;18, 21, 64;483997;339.54128;;
209610013;  Fizyoterapi (%50 Ýndirimli);2;TYT;51;;;;;18, 21, 64;1167987;279.65512;;
209610014;  Ýlk ve Acil Yardým (Burslu);2;TYT;10;;1;;1;18, 21, 64;428942;347.39251;;
209610015;  Ýlk ve Acil Yardým (%50 Ýndirimli);2;TYT;64;;;;;18, 21, 64;870061;300.99191;;
209610096;  Odyometri (Burslu);2;TYT;7;;1;;1;18, 21, 64;560816;329.98054;;
209610103;  Odyometri (%50 Ýndirimli);2;TYT;42;;;;;18, 21, 64;1461926;261.19273;;
209610038;  Optisyenlik (Burslu);2;TYT;8;;1;;1;18, 21, 64;489623;338.81003;;
209610039;  Optisyenlik (%50 Ýndirimli);2;TYT;51;;;;;18, 21, 64;1413797;264.10899;;
209610040;  Ortopedik Protez ve Ortez (Burslu);2;TYT;8;;1;;1;18, 21, 64;616458;323.86893;;
209610041;  Ortopedik Protez ve Ortez (%50 Ýndirimli);2;TYT;51;;;;;18, 21, 64;1764459;243.63689;;
209610042;  Otopsi Yardýmcýlýðý (Burslu);2;TYT;5;;1;;1;18, 21, 64;599611;325.64544;;
209610043;  Otopsi Yardýmcýlýðý (%50 Ýndirimli);2;TYT;34;;;;;18, 21, 64;1713622;246.51872;;
209610044;  Patoloji Laboratuvar Teknikleri (Burslu);2;TYT;9;;1;;1;18, 21, 64;575520;328.28543;;
209610045;  Patoloji Laboratuvar Teknikleri (%50 Ýndirimli);2;TYT;55;;;;;18, 21, 64;1486301;259.74189;;
209610152;  Saðlýk Bilgi Sistemleri Teknikerliði (Burslu);2;TYT;4;;1;;1;18, 21, 64;...;----;;
209610159;  Saðlýk Bilgi Sistemleri Teknikerliði (%50 Ýndirimli);2;TYT;25;;;;;18, 21, 64;...;----;;
209610018;  Týbbi Görüntüleme Teknikleri (Burslu);2;TYT;10;;1;;1;18, 21, 64;437825;346.06230;;
209610019;  Týbbi Görüntüleme Teknikleri (%50 Ýndirimli);2;TYT;59;;;;;18, 21, 64;990902;291.88137;;
209610046;  Týbbi Laboratuvar Teknikleri (Burslu);2;TYT;10;;1;;1;18, 21, 64;474272;340.86364;;
209610047;  Týbbi Laboratuvar Teknikleri (%50 Ýndirimli);2;TYT;59;;;;;18, 21, 64;1082973;285.38713;;
209610166;  Yaþlý Bakýmý (Burslu);2;TYT;5;;1;;1;18, 21, 64;...;----;;
209610173;  Yaþlý Bakýmý (%50 Ýndirimli);2;TYT;34;;;;;18, 21, 64;...;----;;
;KAPADOKYA ÜNÝVERSÝTESÝ (NEVÞEHÝR) (Vakýf Üniversitesi) ;;;;;;;;;;;;YÖKAK
;Kapadokya Meslek Yüksekokulu;;;;;;;;;;;;
203851219;  Aðýz ve Diþ Saðlýðý (Burslu);2;TYT;10;;2;;1;18, 21, 64;513837;335.64613;;
203851809;  Aðýz ve Diþ Saðlýðý (%25 Ýndirimli);2;TYT;68;;;;;18, 21, 64;1754349;244.21222;;
203851237;  Ameliyathane Hizmetleri (Burslu);2;TYT;10;;2;;1;18, 21, 64;596689;325.96745;*;MEDEK
203851811;  Ameliyathane Hizmetleri (%25 Ýndirimli);2;TYT;68;;;;;18, 21, 64;2141318;223.00429;*;MEDEK
203851361;  Anestezi (Ücretli);2;TYT;34;;;;;18, 64;1406966;264.53564;;
203851379;  Anestezi (Burslu);2;TYT;10;;2;;1;18, 21, 64;380575;355.21016;;
203851812;  Anestezi (%25 Ýndirimli);2;TYT;34;;;;;18, 21, 64;1027514;289.25812;;
203851908;  Bilgisayar Programcýlýðý (Burslu);2;TYT;10;;2;;1;18, 21, 64;763368;309.85797;;
203851909;  Bilgisayar Programcýlýðý (%50 Ýndirimli);2;TYT;68;;;;;18, 21, 64;;;;
203851910;  Bilgisayar Programcýlýðý (Uzaktan Öðretim) (Burslu);2;TYT;26;;4;;1;7, 8, 18, 21, 64;989138;292.00694;;
203851911;  Bilgisayar Programcýlýðý (Uzaktan Öðretim) (%50 Ýndirimli);2;TYT;170;;;;;7, 8, 18, 21, 64;2398655;208.74669;;
203851943;  Biliþim Güvenliði Teknolojisi (Burslu);2;TYT;10;;2;;1;18, 21, 64;788102;307.71801;;
203851950;  Biliþim Güvenliði Teknolojisi (%50 Ýndirimli);2;TYT;68;;;;;18, 21, 64;2701627;185.09587;;
203852083;  Bulut Biliþim Operatörlüðü (Burslu);2;TYT;7;;1;;1;18, 21, 64, 320;...;----;;
203852090;  Bulut Biliþim Operatörlüðü (%50 Ýndirimli);2;TYT;42;;;;;18, 21, 64, 320;...;----;;
203851785;  Ceza Ýnfaz ve Güvenlik Hizmetleri (Burslu);2;TYT;10;;2;;1;17, 18, 21, 64;899096;298.72495;;
203851794;  Ceza Ýnfaz ve Güvenlik Hizmetleri (%50 Ýndirimli);2;TYT;68;;;;;17, 18, 21, 64;2196210;220.02512;;
203852097;  Dijital Dönüþüm Elektroniði (Burslu);2;TYT;7;;1;;1;18, 21, 64, 320;...;----;;
203852104;  Dijital Dönüþüm Elektroniði (%50 Ýndirimli);2;TYT;42;;;;;18, 21, 64, 320;...;----;;
203851722;  Diþ Protez Teknolojisi (Burslu);2;TYT;10;;2;;1;18, 21, 64;492269;338.45586;;
203851814;  Diþ Protez Teknolojisi (%25 Ýndirimli);2;TYT;68;;;;;18, 21, 64;1472494;260.55881;;
203851255;  Diyaliz (Burslu);2;TYT;10;;2;;1;18, 21, 64;683181;317.18359;;
203851815;  Diyaliz (%50 Ýndirimli);2;TYT;68;;;;;18, 21, 64;2131411;223.53441;;
203851273;  Fizyoterapi (Burslu);2;TYT;10;;2;;1;18, 21, 64;640259;321.41798;;
203851820;  Fizyoterapi (%25 Ýndirimli);2;TYT;68;;;;;18, 21, 64;2294651;214.63047;;
203851404;  Ýlk ve Acil Yardým (Ücretli);2;TYT;38;;;;;18, 64;1455909;261.55745;*;MEDEK
203851413;  Ýlk ve Acil Yardým (Burslu);2;TYT;10;;2;;1;18, 21, 64;474404;340.84727;*;MEDEK
203851821;  Ýlk ve Acil Yardým (%25 Ýndirimli);2;TYT;30;;;;;18, 21, 64;1078244;285.70914;*;MEDEK
203851929;  Ýnsansýz Hava Aracý Teknolojisi ve Operatörlüðü (Burslu);2;TYT;8;;1;;1;18, 21, 64;489271;338.85657;;
203851936;  Ýnsansýz Hava Aracý Teknolojisi ve Operatörlüðü (%25 Ýndirimli);2;TYT;51;;;;;18, 21, 64;2479582;203.87930;;
203852111;  Kurumsal Biliþim Uzmanlýðý (Burslu);2;TYT;7;;1;;1;18, 21, 64, 320;...;----;;
203852118;  Kurumsal Biliþim Uzmanlýðý (%50 Ýndirimli);2;TYT;42;;;;;18, 21, 64, 320;...;----;;
203851431;  Odyometri (Burslu);2;TYT;9;;1;;1;18, 21, 64;674003;318.07846;;
203851916;  Odyometri (%50 Ýndirimli);2;TYT;55;;;;;18, 21, 64;2417008;207.68555;;
203851501;  Optisyenlik (Burslu);2;TYT;10;;2;;1;18, 21, 64;579477;327.85018;;
203851824;  Optisyenlik (%50 Ýndirimli);2;TYT;68;;;;;18, 21, 64;...;----;;
203852125;  Otonom Sistemler Teknikerliði (Burslu);2;TYT;7;;1;;1;18, 21, 64, 320;...;----;;
203852132;  Otonom Sistemler Teknikerliði (%50 Ýndirimli);2;TYT;42;;;;;18, 21, 64, 320;...;----;;
203851634;  Patoloji Laboratuvar Teknikleri (Burslu);2;TYT;10;;2;;1;18, 21, 64;704398;315.19240;;
203851826;  Patoloji Laboratuvar Teknikleri (%50 Ýndirimli);2;TYT;68;;;;;18, 21, 64;2356372;211.19285;;
203851883;  Radyoterapi (Burslu);2;TYT;7;;1;;1;18, 21, 64;664563;319.00492;;
203851884;  Radyoterapi (%50 Ýndirimli);2;TYT;42;;;;;18, 21, 64;2105364;224.96053;;
203850115;  Sivil Hava Ulaþtýrma Ýþletmeciliði (Burslu);2;TYT;10;;2;;1;10, 18, 21, 64;678679;317.62953;*;MEDEK
203850954;  Sivil Hava Ulaþtýrma Ýþletmeciliði (Ýstanbul) (Burslu);2;TYT;8;;1;;1;10, 18, 21, 22, 24, 34, 64;500473;337.36764;;
203850275;  Sivil Hava Ulaþtýrma Ýþletmeciliði (%50 Ýndirimli);2;TYT;68;;;;;10, 18, 21, 64;2162506;221.85610;*;MEDEK
203851957;  Sivil Hava Ulaþtýrma Ýþletmeciliði (Ýstanbul) (%50 Ýndirimli);2;TYT;51;;;;;10, 18, 21, 22, 24, 34, 64;1276052;272.66116;;
203850875;  Sivil Havacýlýk Kabin Hizmetleri (Burslu);2;TYT;10;;2;;1;10, 18, 21, 64;464977;342.14753;;
203851334;  Sivil Havacýlýk Kabin Hizmetleri (Ýstanbul) (Burslu);2;TYT;12;;2;;1;10, 18, 21, 64;419113;348.91447;;
203851917;  Sivil Havacýlýk Kabin Hizmetleri (%50 Ýndirimli);2;TYT;68;;;;;10, 18, 21, 64;1480885;260.05709;;
203851352;  Sivil Havacýlýk Kabin Hizmetleri (Ýstanbul) (%25 Ýndirimli);2;TYT;76;;;;;10, 18, 21, 64;1343796;268.44105;;
203851307;  Týbbi Görüntüleme Teknikleri (Ücretli);2;TYT;18;;;;;18, 64;1849364;238.89146;;
203851316;  Týbbi Görüntüleme Teknikleri (Burslu);2;TYT;10;;2;;1;18, 21, 64;521978;334.60609;;
203851829;  Týbbi Görüntüleme Teknikleri (%25 Ýndirimli);2;TYT;50;;;;;18, 21, 64;1549571;256.00342;;
203851652;  Týbbi Laboratuvar Teknikleri (Burslu);2;TYT;10;;2;;1;18, 21, 64;577967;328.01744;;
203851830;  Týbbi Laboratuvar Teknikleri (%50 Ýndirimli);2;TYT;68;;;;;18, 21, 64;1781056;242.70347;;
203850151;  Turist Rehberliði (Burslu);2;TYT;10;;2;;1;18, 21, 64;452496;343.93411;*;TUADER
203850293;  Turist Rehberliði (%50 Ýndirimli);2;TYT;68;;;;;18, 21, 64;1733971;245.35816;*;TUADER
203851467;  Turist Rehberliði (Uzaktan Öðretim) (Burslu);2;TYT;26;;4;;1;7, 18, 21, 64;247856;383.28856;;
203851767;  Turist Rehberliði (Uzaktan Öðretim) (%25 Ýndirimli);2;TYT;170;;;;;7, 18, 21, 64;1615937;252.12405;;
203850884;  Uçak Teknolojisi (Ücretli);2;TYT;34;;;;;10, 18, 22, 24, 34, 64;1180958;278.80866;;
203850963;  Uçak Teknolojisi (Ýstanbul) (Ücretli);2;TYT;24;;;;;10, 18, 22, 24, 34, 64;671187;318.35573;;
203850893;  Uçak Teknolojisi (Burslu);2;TYT;10;;2;;1;10, 18, 21, 22, 24, 34, 64;293439;372.27954;;
203850972;  Uçak Teknolojisi (Ýstanbul) (Burslu);2;TYT;7;;1;;1;10, 18, 21, 22, 24, 34, 64;175186;405.75286;;
203850918;  Uçak Teknolojisi (%25 Ýndirimli);2;TYT;34;;;;;10, 18, 21, 22, 24, 34, 64;762962;309.89222;;
203851194;  Uçak Teknolojisi (Ýstanbul) (%25 Ýndirimli);2;TYT;23;;;;;10, 18, 21, 22, 24, 34, 64;424734;348.04508;;
203851616;  Uçuþ Harekat Yöneticiliði (Ýstanbul) (Burslu);2;TYT;10;;2;;1;10, 18, 21, 22, 24, 34, 64;391005;353.44951;;
203851834;  Uçuþ Harekat Yöneticiliði (Ýstanbul) (%50 Ýndirimli);2;TYT;68;;;;;10, 18, 21, 22, 24, 34, 64;1087247;285.08906;;
;KOCAELÝ SAÐLIK VE TEKNOLOJÝ ÜNÝVERSÝTESÝ (Vakýf Üniversitesi) ;;;;;;;;;;;;
;Avrupa Meslek Yüksekokulu;;;;;;;;;;;;
209710016;  Aðýz ve Diþ Saðlýðý (Burslu);2;TYT;10;;2;;1;21, 64;519744;334.88366;;
209710068;  Aðýz ve Diþ Saðlýðý (%25 Ýndirimli);2;TYT;68;;;;;21, 64;2455999;205.34190;;
209710020;  Ameliyathane Hizmetleri (Burslu);2;TYT;10;;2;;1;21, 64;611421;324.37964;;
209710070;  Ameliyathane Hizmetleri (%25 Ýndirimli);2;TYT;68;;;;;21, 64;2577006;197.33099;;
209710024;  Anestezi (Burslu);2;TYT;10;;2;;1;21, 64;434437;346.56386;;
209710072;  Anestezi (%25 Ýndirimli);2;TYT;68;;;;;21, 64;1400110;264.95371;;
209710074;  Bilgisayar Programcýlýðý (Burslu);2;TYT;9;;2;;1;21, 64;408158;350.63617;;
209710075;  Bilgisayar Programcýlýðý (%25 Ýndirimli);2;TYT;65;;;;;21, 64;1983981;231.51332;;
209710108;  Bilgisayar Teknolojisi (Burslu);2;TYT;9;;2;;1;21, 64;513945;335.63210;;
209710115;  Bilgisayar Teknolojisi (%25 Ýndirimli);2;TYT;65;;;;;21, 64;;;;
209710028;  Çocuk Geliþimi (Burslu);2;TYT;5;;1;;1;21, 64;679752;317.52557;;
209710029;  Çocuk Geliþimi (%50 Ýndirimli);2;TYT;34;;;;;21, 64;2099816;225.25629;;
209710185;  Deniz ve Liman Ýþletmeciliði (Burslu);2;TYT;5;;1;;1;21, 64;...;----;;
209710192;  Deniz ve Liman Ýþletmeciliði (%25 Ýndirimli);2;TYT;34;;;;;21, 64;...;----;;
209710199;  Dijital Saðlýk Sistemleri Teknikerliði (Burslu);2;TYT;5;;1;;1;21, 64;...;----;;
209710206;  Dijital Saðlýk Sistemleri Teknikerliði (%25 Ýndirimli);2;TYT;34;;;;;21, 64;...;----;;
209710032;  Diyaliz (Burslu);2;TYT;10;;1;;1;21, 64;665677;318.89176;;
209710033;  Diyaliz (%50 Ýndirimli);2;TYT;64;;;;;21, 64;2395777;208.91780;;
209710076;  Eczane Hizmetleri (Burslu);2;TYT;10;;1;;1;21, 64;645751;320.86993;;
209710077;  Eczane Hizmetleri (%50 Ýndirimli);2;TYT;59;;;;;21, 64;2661484;190.08390;;
209710213;  E-Ticaret ve Pazarlama (Burslu);2;TYT;5;;1;;1;21, 64;...;----;;
209710220;  E-Ticaret ve Pazarlama (%25 Ýndirimli);2;TYT;34;;;;;21, 64;...;----;;
209710034;  Fizyoterapi (Burslu);2;TYT;10;;1;;1;21, 64;506135;336.63255;;
209710080;  Fizyoterapi (%25 Ýndirimli);2;TYT;59;;;;;21, 64;2185002;220.63709;;
209710122;  Hibrid ve Elektrikli Taþýtlar Teknolojisi (Burslu);2;TYT;8;;1;;1;21, 64;508126;336.37596;;
209710129;  Hibrid ve Elektrikli Taþýtlar Teknolojisi (%25 Ýndirimli);2;TYT;51;;;;;21, 64;;;;
209710038;  Ýlk ve Acil Yardým (Burslu);2;TYT;10;;2;;1;21, 64;467859;341.73691;;
209710083;  Ýlk ve Acil Yardým (%25 Ýndirimli);2;TYT;68;;;;;21, 64;1779907;242.76718;;
209710042;  Odyometri (Burslu);2;TYT;8;;1;;1;21, 64;571018;328.80015;;
209710043;  Odyometri (%50 Ýndirimli);2;TYT;51;;;;;21, 64;2658608;190.38095;;
209710046;  Optisyenlik (Burslu);2;TYT;5;;1;;1;21, 64;436022;346.32634;;
209710047;  Optisyenlik (%50 Ýndirimli);2;TYT;34;;;;;21, 64;1382090;266.06390;;
209710227;  Tele-Saðlýk Teknikerliði (Burslu);2;TYT;5;;1;;1;21, 64;...;----;;
209710234;  Tele-Saðlýk Teknikerliði (%25 Ýndirimli);2;TYT;34;;;;;21, 64;...;----;;
209710048;  Týbbi Dokümantasyon ve Sekreterlik (Burslu);2;TYT;7;;1;;1;21, 64;587535;326.96341;;
209710049;  Týbbi Dokümantasyon ve Sekreterlik (%50 Ýndirimli);2;TYT;42;;;;;21, 64;1704943;247.00878;;
209710052;  Týbbi Görüntüleme Teknikleri (Burslu);2;TYT;8;;1;;1;21, 64;499543;337.49246;;
209710086;  Týbbi Görüntüleme Teknikleri (%25 Ýndirimli);2;TYT;51;;;;;21, 64;1831295;239.90005;;
209710056;  Týbbi Laboratuvar Teknikleri (Burslu);2;TYT;8;;1;;1;21, 64;566397;329.33562;;
209710057;  Týbbi Laboratuvar Teknikleri (%50 Ýndirimli);2;TYT;51;;;;;21, 64;1836057;239.63001;;
209710241;  Týbbi Veri Ýþleme Teknikerliði (Burslu);2;TYT;5;;1;;1;21, 64;...;----;;
209710248;  Týbbi Veri Ýþleme Teknikerliði (%25 Ýndirimli);2;TYT;34;;;;;21, 64;...;----;;
209710255;  Web Tasarýmý ve Kodlama (Burslu);2;TYT;5;;1;;1;21, 64;...;----;;
209710262;  Web Tasarýmý ve Kodlama (%25 Ýndirimli);2;TYT;34;;;;;21, 64;...;----;;
;Gebze Organize Sanayi Bölgesi Meslek Yüksekokulu;;;;;;;;;;;;
209710269;  Bilgisayar Programcýlýðý (Burslu);2;TYT;5;;1;;1;21, 64;...;----;;
209710276;  Bilgisayar Programcýlýðý (%25 Ýndirimli);2;TYT;34;;;;;21, 64;...;----;;
209710283;  Elektrik (Burslu);2;TYT;5;;1;;1;21, 64;...;----;;
209710290;  Elektrik (%25 Ýndirimli);2;TYT;34;;;;;21, 64;...;----;;
209710297;  Makine (Burslu);2;TYT;5;;1;;1;21, 64;...;----;;
209710304;  Makine (%25 Ýndirimli);2;TYT;34;;;;;21, 64;...;----;;
209710311;  Otomotiv Teknolojisi (Burslu);2;TYT;5;;1;;1;21, 64;...;----;;
209710318;  Otomotiv Teknolojisi (%25 Ýndirimli);2;TYT;34;;;;;21, 64;...;----;;
;KTO KARATAY ÜNÝVERSÝTESÝ (KONYA) (Vakýf Üniversitesi) ;;;;;;;;;;;;YÖKAK
;Karatay Meslek Yüksekokulu;;;;;;;;;;;;
204090461;  Mahkeme Büro Hizmetleri (Ücretli);2;TYT;21;;;;;18, 64;2535682;200.25398;;
204090454;  Mahkeme Büro Hizmetleri (Burslu);2;TYT;3;;1;;1;18, 21, 64;598477;325.77154;;
204090468;  Mahkeme Büro Hizmetleri (%50 Ýndirimli);2;TYT;4;;;;;18, 21, 64;1167312;279.70282;;
;Saðlýk Hizmetleri Meslek Yüksekokulu;;;;;;;;;;;;
204090755;  Ameliyathane Hizmetleri (Ücretli);2;TYT;22;;;;;18, 64;...;----;;
204090748;  Ameliyathane Hizmetleri (Burslu);2;TYT;4;;1;;1;18, 21, 64;...;----;;
204090762;  Ameliyathane Hizmetleri (%50 Ýndirimli);2;TYT;3;;;;;18, 21, 64;...;----;;
204050183;  Anestezi (Ücretli);2;TYT;54;;;;;18, 64;881642;300.07767;;
204050192;  Anestezi (Burslu);2;TYT;10;;2;;1;18, 21, 64;315850;367.47144;;
204050217;  Anestezi (%50 Ýndirimli);2;TYT;13;;;;;18, 21, 64;445538;344.92924;;
204050068;  Çocuk Geliþimi (Ücretli);2;TYT;30;;;;;18, 64;1859661;238.32066;;
204050077;  Çocuk Geliþimi (Burslu);2;TYT;8;;1;;1;18, 21, 64;634747;321.96666;;
204050095;  Çocuk Geliþimi (%50 Ýndirimli);2;TYT;24;;;;;18, 21, 64;1229855;275.63122;;
204050102;  Diyaliz (Ücretli);2;TYT;48;;;;;18, 64;1359192;267.48880;;
204050111;  Diyaliz (Burslu);2;TYT;9;;2;;1;18, 21, 64;551868;331.01599;;
204050138;  Diyaliz (%50 Ýndirimli);2;TYT;17;;;;;18, 21, 64;953843;294.61093;;
204050147;  Fizyoterapi (Ücretli);2;TYT;48;;;;;18, 64;1381584;266.09260;;
204050156;  Fizyoterapi (Burslu);2;TYT;9;;2;;1;18, 21, 64;481782;339.84192;;
204050174;  Fizyoterapi (%50 Ýndirimli);2;TYT;17;;;;;18, 21, 64;755554;310.53222;;
204050226;  Ýlk ve Acil Yardým (Ücretli);2;TYT;48;;;;;18, 64;1052888;287.47715;*;MEDEK
204050235;  Ýlk ve Acil Yardým (Burslu);2;TYT;9;;2;;1;18, 21, 64;403502;351.38170;*;MEDEK
204050253;  Ýlk ve Acil Yardým (%50 Ýndirimli);2;TYT;17;;;;;18, 21, 64;564705;329.52967;*;MEDEK
204090139;  Optisyenlik (Ücretli);2;TYT;30;;;;;18, 64;1538587;256.64851;;
204090140;  Optisyenlik (Burslu);2;TYT;7;;1;;1;18, 21, 64;359217;359.02803;;
204090141;  Optisyenlik (%50 Ýndirimli);2;TYT;18;;;;;18, 21, 64;852336;302.40201;;
204050262;  Týbbi Görüntüleme Teknikleri (Ücretli);2;TYT;48;;;;;18, 64;1043229;288.15256;;
204050271;  Týbbi Görüntüleme Teknikleri (Burslu);2;TYT;9;;2;;1;18, 21, 64;338727;362.87433;;
204050298;  Týbbi Görüntüleme Teknikleri (%50 Ýndirimli);2;TYT;17;;;;;18, 21, 64;577299;328.09272;;
;Ticaret ve Sanayi Meslek Yüksekokulu;;;;;;;;;;;;
204090132;  Bilgisayar Programcýlýðý (Ücretli);2;TYT;40;;;;;18, 64;2365607;210.65923;*;MEDEK
204090131;  Bilgisayar Programcýlýðý (Burslu);2;TYT;9;;2;;1;18, 21, 64;391964;353.28449;*;MEDEK
204090133;  Bilgisayar Programcýlýðý (%50 Ýndirimli);2;TYT;25;;;;;18, 21, 64;893791;299.13069;*;MEDEK
204090769;  Biliþim Güvenliði Teknolojisi (Burslu);2;TYT;20;;;;1;18, 21, 64;...;----;;
204090114;  Dýþ Ticaret (Ücretli);2;TYT;25;;;;;18, 64;2175400;221.15539;;
204090111;  Dýþ Ticaret (Burslu);2;TYT;7;;1;;1;18, 21, 64;489806;338.78380;;
204090113;  Dýþ Ticaret (%50 Ýndirimli);2;TYT;23;;;;;18, 21, 64;1491418;259.42987;;
204090783;  E-Ticaret ve Pazarlama (Ücretli);2;TYT;28;;;;;18, 64;...;----;;
204090776;  E-Ticaret ve Pazarlama (Burslu);2;TYT;5;;1;;1;18, 21, 64;...;----;;
204090790;  E-Ticaret ve Pazarlama (%50 Ýndirimli);2;TYT;6;;;;;18, 21, 64;...;----;;
204090804;  Ýmalat Yürütme Sistemleri Operatörlüðü (Ücretli);2;TYT;28;;;;;18, 64, 320;...;----;;
204090797;  Ýmalat Yürütme Sistemleri Operatörlüðü (Burslu);2;TYT;5;;1;;1;18, 21, 64, 320;...;----;;
204090811;  Ýmalat Yürütme Sistemleri Operatörlüðü (%50 Ýndirimli);2;TYT;6;;;;;18, 21, 64, 320;...;----;;
204090118;  Mekatronik (Ücretli);2;TYT;28;;;;;18, 64;2355397;211.24826;*;MEDEK
204090115;  Mekatronik (Burslu);2;TYT;8;;1;;1;18, 21, 64;465416;342.09095;*;MEDEK
204090117;  Mekatronik (%50 Ýndirimli);2;TYT;26;;;;;18, 21, 64;1567534;254.95102;*;MEDEK
204090734;  Silah Sanayi Teknikerliði (Ücretli);2;TYT;22;;;;;18, 64;...;----;;
204090727;  Silah Sanayi Teknikerliði (Burslu);2;TYT;4;;1;;1;18, 21, 64;...;----;;
204090741;  Silah Sanayi Teknikerliði (%50 Ýndirimli);2;TYT;3;;;;;18, 21, 64;...;----;;
204090134;  Sivil Havacýlýk Kabin Hizmetleri (Ücretli);2;TYT;20;;;;;10, 18, 64;1525381;257.41816;;
204090135;  Sivil Havacýlýk Kabin Hizmetleri (Burslu);2;TYT;6;;1;;1;10, 18, 21, 64;434825;346.50470;;
204090136;  Sivil Havacýlýk Kabin Hizmetleri (%50 Ýndirimli);2;TYT;22;;;;;10, 18, 21, 64;979478;292.70933;;
;LOKMAN HEKÝM ÜNÝVERSÝTESÝ (ANKARA) (Vakýf Üniversitesi) ;;;;;;;;;;;;
;Saðlýk Hizmetleri Meslek Yüksekokulu;;;;;;;;;;;;
208810031;  Aðýz ve Diþ Saðlýðý (Burslu);2;TYT;7;;1;;1;18, 21, 64;453542;343.78181;;
208810032;  Aðýz ve Diþ Saðlýðý (%25 Ýndirimli);2;TYT;42;;;;;18, 21, 64;950295;294.87192;;
208810033;  Ameliyathane Hizmetleri (Burslu);2;TYT;8;;1;;1;18, 21, 64;524841;334.24442;;
208810034;  Ameliyathane Hizmetleri (%25 Ýndirimli);2;TYT;51;;;;;18, 21, 64;1201656;277.46234;;
208810023;  Anestezi (Burslu);2;TYT;8;;1;;1;18, 21, 64;306358;369.47910;;
208810024;  Anestezi (%25 Ýndirimli);2;TYT;51;;;;;18, 21, 64;727397;313.07634;;
208810035;  Diþ Protez Teknolojisi (Burslu);2;TYT;5;;1;;1;18, 21, 64;297367;371.41380;;
208810036;  Diþ Protez Teknolojisi (%25 Ýndirimli);2;TYT;34;;;;;18, 21, 64;728616;312.96815;;
208810059;  Diyaliz (Burslu);2;TYT;7;;1;;1;18, 21, 64;560245;330.04185;;
208810060;  Diyaliz (%25 Ýndirimli);2;TYT;42;;;;;18, 21, 64;1250403;274.29410;;
208810037;  Eczane Hizmetleri (Burslu);2;TYT;5;;1;;1;18, 21, 64;546973;331.59152;;
208810061;  Eczane Hizmetleri (%50 Ýndirimli);2;TYT;34;;;;;18, 21, 64;1228943;275.69080;;
208810025;  Ýlk ve Acil Yardým (Burslu);2;TYT;8;;1;;1;18, 21, 64;381178;355.09492;;
208810026;  Ýlk ve Acil Yardým (%25 Ýndirimli);2;TYT;51;;;;;18, 21, 64;833463;303.93120;;
208810080;  Optisyenlik (Burslu);2;TYT;7;;1;;1;18, 21, 64;379996;355.31292;;
208810081;  Optisyenlik (%25 Ýndirimli);2;TYT;42;;;;;18, 21, 64;1480969;260.05193;;
208810039;  Týbbi Görüntüleme Teknikleri (Burslu);2;TYT;8;;1;;1;18, 21, 64;395120;352.76480;;
208810040;  Týbbi Görüntüleme Teknikleri (%25 Ýndirimli);2;TYT;51;;;;;18, 21, 64;870887;300.92754;;
208810041;  Týbbi Laboratuvar Teknikleri (Burslu);2;TYT;7;;1;;1;18, 21, 64;467294;341.81862;;
208810042;  Týbbi Laboratuvar Teknikleri (%25 Ýndirimli);2;TYT;42;;;;;18, 21, 64;1059895;286.98542;;
208810172;  Týbbi Veri Ýþleme Teknikerliði (Burslu);2;TYT;5;;1;;1;18, 21, 64;...;----;;
208810179;  Týbbi Veri Ýþleme Teknikerliði (%50 Ýndirimli);2;TYT;34;;;;;18, 21, 64;...;----;;
208810058;  Yaþlý Bakýmý (Burslu);2;TYT;4;;1;;1;18, 21, 64;580699;327.70938;;
208810123;  Yaþlý Bakýmý (%50 Ýndirimli);2;TYT;25;;;;;18, 21, 64;1711300;246.64853;;
;MALTEPE ÜNÝVERSÝTESÝ (ÝSTANBUL) (Vakýf Üniversitesi) ;;;;;;;;;;;;YÖKAK
;Meslek Yüksekokulu;;;;;;;;;;;;
204190370;  Anestezi (Ücretli);2;TYT;15;;;;;18, 64;1889109;236.68786;;
204190367;  Anestezi (Burslu);2;TYT;7;;1;;1;18, 21, 64;386592;354.19475;;
204190567;  Anestezi (%25 Ýndirimli);2;TYT;33;;;;;18, 21, 64;1359409;267.47350;;
204190574;  Bankacýlýk ve Sigortacýlýk (Ücretli);2;TYT;4;;;;;18, 64;2440865;206.26194;;
204150322;  Bankacýlýk ve Sigortacýlýk (Burslu);2;TYT;4;;1;;1;18, 21, 64;617385;323.77575;;
204150685;  Bankacýlýk ve Sigortacýlýk (%50 Ýndirimli);2;TYT;22;;;;;18, 21, 64;...;----;;
204190588;  Bilgisayar Programcýlýðý (Ücretli);2;TYT;12;;;;;18, 64;1504646;258.64380;;
204150491;  Bilgisayar Programcýlýðý (Burslu);2;TYT;6;;1;;1;18, 21, 64;260712;380.01224;;
204190595;  Bilgisayar Programcýlýðý (%25 Ýndirimli);2;TYT;26;;;;;18, 21, 64;975598;292.99374;;
204190602;  Çocuk Geliþimi (Ücretli);2;TYT;4;;;;;18, 64;2611882;194.62278;;
204150507;  Çocuk Geliþimi (Burslu);2;TYT;4;;1;;1;18, 21, 64;652708;320.17629;;
204150067;  Çocuk Geliþimi (%50 Ýndirimli);2;TYT;21;;;;;18, 21, 64;...;----;;
204190616;  Halkla Ýliþkiler ve Tanýtým (Ücretli);2;TYT;5;;;;;18, 64;2681339;187.82979;;
204150516;  Halkla Ýliþkiler ve Tanýtým (Burslu);2;TYT;5;;1;;1;18, 21, 64;675017;317.98026;;
204190399;  Halkla Ýliþkiler ve Tanýtým (%50 Ýndirimli);2;TYT;29;;;;;18, 21, 64;...;----;;
204151056;  Ýlk ve Acil Yardým (Ücretli);2;TYT;10;;;;;18, 64;2072659;226.71323;;
204151065;  Ýlk ve Acil Yardým (Burslu);2;TYT;4;;1;;1;18, 21, 64;457115;343.25350;;
204151083;  Ýlk ve Acil Yardým (%25 Ýndirimli);2;TYT;21;;;;;18, 21, 64;1555846;255.63542;;
204190630;  Ýþ Saðlýðý ve Güvenliði (Ücretli);2;TYT;2;;;;;18, 64;2589514;196.38889;;
204150773;  Ýþ Saðlýðý ve Güvenliði (Burslu);2;TYT;3;;;;1;18, 21, 64;730132;312.82430;;
204150922;  Ýþ Saðlýðý ve Güvenliði (%50 Ýndirimli);2;TYT;15;;;;;18, 21, 64;1689449;247.88876;;
204191057;  Mahkeme Büro Hizmetleri (Ücretli);2;TYT;4;;;;;18, 64;;;;
204191050;  Mahkeme Büro Hizmetleri (Burslu);2;TYT;4;;1;;1;18, 21, 64;758089;310.30931;;
204191064;  Mahkeme Büro Hizmetleri (%50 Ýndirimli);2;TYT;21;;;;;18, 21, 64;2356915;211.16336;;
204150782;  Mimari Restorasyon (Ücretli);2;TYT;4;;;;;18, 64;2745806;173.03130;;
204150791;  Mimari Restorasyon (Burslu);2;TYT;4;;1;;1;18, 21, 64;429712;347.27777;;
204150931;  Mimari Restorasyon (%50 Ýndirimli);2;TYT;21;;;;;18, 21, 64;...;----;;
204190651;  Moda Tasarýmý (Ücretli);2;TYT;4;;;;;18, 64;2647058;191.52148;;
204150816;  Moda Tasarýmý (Burslu);2;TYT;4;;1;;1;18, 21, 64;522794;334.50183;;
204150949;  Moda Tasarýmý (%50 Ýndirimli);2;TYT;21;;;;;18, 21, 64;894682;299.06371;;
204190679;  Sivil Hava Ulaþtýrma Ýþletmeciliði (Ücretli);2;TYT;4;;;;;10, 18, 64;2341240;212.03905;;
204151011;  Sivil Hava Ulaþtýrma Ýþletmeciliði (Burslu);2;TYT;4;;1;;1;10, 18, 21, 64;438330;345.98777;;
204151029;  Sivil Hava Ulaþtýrma Ýþletmeciliði (%50 Ýndirimli);2;TYT;26;;;;;10, 18, 21, 64;...;----;;
204150825;  Sivil Havacýlýk Kabin Hizmetleri (Ücretli);2;TYT;11;;;;;10, 18, 64;1922506;234.84738;;
204150834;  Sivil Havacýlýk Kabin Hizmetleri (Burslu);2;TYT;5;;1;;1;10, 18, 21, 64;371795;356.77116;;
204190693;  Sivil Havacýlýk Kabin Hizmetleri (%25 Ýndirimli);2;TYT;23;;;;;10, 18, 21, 64;908499;298.00570;;
204190700;  Týbbi Görüntüleme Teknikleri (Ücretli);2;TYT;9;;;;;18, 64;2585367;196.70314;;
204150719;  Týbbi Görüntüleme Teknikleri (Burslu);2;TYT;4;;1;;1;18, 21, 64;476834;340.50534;;
204190707;  Týbbi Görüntüleme Teknikleri (%25 Ýndirimli);2;TYT;21;;;;;18, 21, 64;1850875;238.80448;;
204190714;  Turizm ve Otel Ýþletmeciliði (Ücretli);2;TYT;4;;;;;18, 64;2415741;207.75907;*;TUADER
204150243;  Turizm ve Otel Ýþletmeciliði (Burslu);2;TYT;4;;1;;1;18, 21, 64;626421;322.81489;*;TUADER
204150146;  Turizm ve Otel Ýþletmeciliði (%50 Ýndirimli);2;TYT;21;;;;;18, 21, 64;...;----;*;TUADER
204150843;  Uçak Teknolojisi (Ücretli);2;TYT;11;;;;;10, 18, 64;1268194;273.16485;;
204150852;  Uçak Teknolojisi (Burslu);2;TYT;5;;1;;1;10, 18, 21, 64;203956;395.93773;;
204150985;  Uçak Teknolojisi (%25 Ýndirimli);2;TYT;23;;;;;10, 18, 21, 64;688440;316.68926;;
204191095;  Yapý Yalýtým Teknolojisi (Ücretli);2;TYT;5;;;;;18, 64;...;----;;
204191088;  Yapý Yalýtým Teknolojisi (Burslu);2;TYT;5;;1;;1;18, 21, 64;...;----;;
204191102;  Yapý Yalýtým Teknolojisi (%50 Ýndirimli);2;TYT;29;;;;;18, 21, 64;...;----;;
;MUDANYA ÜNÝVERSÝTESÝ (BURSA) (Vakýf Üniversitesi) ;;;;;;;;;;;;
;Meslek Yüksekokulu;;;;;;;;;;;;
210000360;  Aðýz ve Diþ Saðlýðý (Burslu);2;TYT;4;;1;;1;21, 64;420419;348.71499;;
210000367;  Aðýz ve Diþ Saðlýðý (%50 Ýndirimli);2;TYT;25;;;;;21, 64;941290;295.54576;;
210000101;  Anestezi (Burslu);2;TYT;7;;1;;1;21, 64;365542;357.87143;;
210000115;  Anestezi (%50 Ýndirimli);2;TYT;42;;;;;21, 64;689162;316.62183;;
210000374;  Bilgisayar Programcýlýðý (Burslu);2;TYT;4;;1;;1;21, 64;351055;360.54231;;
210000381;  Bilgisayar Programcýlýðý (%50 Ýndirimli);2;TYT;25;;;;;21, 64;994371;291.62866;;
210000388;  Dýþ Ticaret (Burslu);2;TYT;4;;1;;1;21, 64;714392;314.27347;;
210000395;  Dýþ Ticaret (%50 Ýndirimli);2;TYT;25;;;;;21, 64;1362594;267.27601;;
210000535;  Dijital Dönüþüm Elektroniði (Burslu);2;TYT;4;;1;;1;21, 64, 320;...;----;;
210000542;  Dijital Dönüþüm Elektroniði (%50 Ýndirimli);2;TYT;25;;;;;21, 64, 320;...;----;;
210000549;  Elektronik Haberleþme Teknolojisi (Burslu);2;TYT;4;;1;;1;21, 64;...;----;;
210000556;  Elektronik Haberleþme Teknolojisi (%50 Ýndirimli);2;TYT;25;;;;;21, 64;...;----;;
210000129;  Fizyoterapi (Burslu);2;TYT;7;;1;;1;21, 64;510338;336.09027;;
210000136;  Fizyoterapi (%50 Ýndirimli);2;TYT;42;;;;;21, 64;970320;293.38146;;
210000402;  Grafik Tasarýmý (Burslu);2;TYT;4;;1;;1;21, 64;537586;332.70007;;
210000409;  Grafik Tasarýmý (%50 Ýndirimli);2;TYT;25;;;;;21, 64;1276967;272.60070;;
210000143;  Ýlk ve Acil Yardým (Burslu);2;TYT;7;;1;;1;21, 64;418569;348.99786;;
210000157;  Ýlk ve Acil Yardým (%50 Ýndirimli);2;TYT;42;;;;;21, 64;831749;304.07487;;
210000416;  Otomotiv Teknolojisi (Burslu);2;TYT;4;;1;;1;21, 64;623891;323.07991;;
210000423;  Otomotiv Teknolojisi (%50 Ýndirimli);2;TYT;25;;;;;21, 64;1329458;269.32665;;
210000563;  Tele-Saðlýk Teknikerliði (Burslu);2;TYT;5;;1;;1;21, 64;...;----;;
210000570;  Tele-Saðlýk Teknikerliði (%50 Ýndirimli);2;TYT;34;;;;;21, 64;...;----;;
210000164;  Týbbi Görüntüleme Teknikleri (Burslu);2;TYT;7;;1;;1;21, 64;462924;342.43176;;
210000178;  Týbbi Görüntüleme Teknikleri (%50 Ýndirimli);2;TYT;42;;;;;21, 64;902418;298.47593;;
;NUH NACÝ YAZGAN ÜNÝVERSÝTESÝ (KAYSERÝ) (Vakýf Üniversitesi) ;;;;;;;;;;;;YÖKAK
;Meslek Yüksekokulu;;;;;;;;;;;;
204610485;  Aðýz ve Diþ Saðlýðý (Ücretli);2;TYT;12;;;;;18, 64;1320713;269.86708;;
204610478;  Aðýz ve Diþ Saðlýðý (Burslu);2;TYT;7;;1;;1;18, 21, 64;445200;344.97997;;
204610492;  Aðýz ve Diþ Saðlýðý (%25 Ýndirimli);2;TYT;30;;;;;18, 21, 64;931820;296.25576;;
204610506;  Anestezi (Ücretli);2;TYT;12;;;;;18, 64;1042292;288.22236;;
204610499;  Anestezi (Burslu);2;TYT;7;;1;;1;18, 21, 64;365782;357.83064;;
204610513;  Anestezi (%25 Ýndirimli);2;TYT;30;;;;;18, 21, 64;787697;307.75535;;
204610527;  Bilgisayar Programcýlýðý (Ücretli);2;TYT;12;;;;;18, 64;2328065;212.77114;;
204610520;  Bilgisayar Programcýlýðý (Burslu);2;TYT;7;;1;;1;18, 21, 64;514402;335.57354;;
204610534;  Bilgisayar Programcýlýðý (%25 Ýndirimli);2;TYT;30;;;;;18, 21, 64;1750753;244.41285;;
204610548;  Elektrik (Burslu);2;TYT;5;;1;;1;18, 21, 64;...;----;;
204610555;  Elektrik (%25 Ýndirimli);2;TYT;34;;;;;18, 21, 64;...;----;;
204610457;  Fizyoterapi (Ücretli);2;TYT;15;;;;;18, 64;1546090;256.20389;;
204610436;  Fizyoterapi (Burslu);2;TYT;7;;1;;1;18, 21, 64;403637;351.35683;;
204610443;  Fizyoterapi (%25 Ýndirimli);2;TYT;32;;;;;18, 21, 64;1176043;279.12097;;
204610569;  Ýlk ve Acil Yardým (Ücretli);2;TYT;15;;;;;18, 64;...;----;;
204610562;  Ýlk ve Acil Yardým (Burslu);2;TYT;4;;1;;1;18, 21, 64;...;----;;
204610576;  Ýlk ve Acil Yardým (%25 Ýndirimli);2;TYT;10;;;;;18, 21, 64;...;----;;
204610590;  Týbbi Görüntüleme Teknikleri (Ücretli);2;TYT;15;;;;;18, 64;...;----;;
204610583;  Týbbi Görüntüleme Teknikleri (Burslu);2;TYT;4;;1;;1;18, 21, 64;...;----;;
204610597;  Týbbi Görüntüleme Teknikleri (%25 Ýndirimli);2;TYT;10;;;;;18, 21, 64;...;----;;
204610604;  Yapý Yalýtým Teknolojisi (Burslu);2;TYT;5;;1;;1;18, 21, 64;...;----;;
204610611;  Yapý Yalýtým Teknolojisi (%25 Ýndirimli);2;TYT;34;;;;;18, 21, 64;...;----;;
;OSTÝM TEKNÝK ÜNÝVERSÝTESÝ (ANKARA) (Vakýf Üniversitesi) ;;;;;;;;;;;;
;Meslek Yüksekokulu;;;;;;;;;;;;
209110036;  Bilgisayar Programcýlýðý (Burslu);2;TYT;14;;2;;1;18, 21, 64;253420;381.86387;;
209110037;  Bilgisayar Programcýlýðý (%50 Ýndirimli);2;TYT;88;;;;;18, 21, 64;1032791;288.88417;;
209110032;  Biliþim Güvenliði Teknolojisi (Burslu);2;TYT;10;;1;;1;18, 21, 64;310486;368.58458;;
209110033;  Biliþim Güvenliði Teknolojisi (%50 Ýndirimli);2;TYT;56;;;;;18, 21, 64;1245160;274.63930;;
209110045;  Biyomedikal Cihaz Teknolojisi (Burslu);2;TYT;10;;1;;1;18, 21, 64;638115;321.62896;;
209110046;  Biyomedikal Cihaz Teknolojisi (%50 Ýndirimli);2;TYT;56;;;;;18, 21, 64;1817525;240.66347;;
209110047;  Elektrik (Burslu);2;TYT;11;;1;;1;18, 21, 64;408408;350.59498;;
209110048;  Elektrik (%50 Ýndirimli);2;TYT;62;;;;;18, 21, 64;1300135;271.15252;;
209110012;  Elektronik Teknolojisi (Burslu);2;TYT;10;;1;;1;18, 21, 64;331028;364.39177;;
209110013;  Elektronik Teknolojisi (%50 Ýndirimli);2;TYT;56;;;;;18, 21, 64;1274108;272.78272;;
209110034;  E-Ticaret ve Pazarlama (Burslu);2;TYT;10;;1;;1;18, 21, 64;439529;345.81098;;
209110035;  E-Ticaret ve Pazarlama (%50 Ýndirimli);2;TYT;59;;;;;18, 21, 64;2196457;220.01144;;
209110049;  Hibrid ve Elektrikli Taþýtlar Teknolojisi (Burslu);2;TYT;13;;2;;1;18, 21, 64;334455;363.70538;;
209110050;  Hibrid ve Elektrikli Taþýtlar Teknolojisi (%50 Ýndirimli);2;TYT;78;;;;;18, 21, 64;1197293;277.74657;;
209110051;  Ýnsansýz Hava Aracý Teknolojisi ve Operatörlüðü (Burslu);2;TYT;13;;2;;1;18, 21, 64;267704;378.31107;;
209110052;  Ýnsansýz Hava Aracý Teknolojisi ve Operatörlüðü (%50 Ýndirimli);2;TYT;82;;;;;18, 21, 64;917755;297.31245;;
209110010;  Lojistik (Burslu);2;TYT;10;;1;;1;18, 21, 64;625450;322.92018;;
209110075;  Lojistik (%50 Ýndirimli);2;TYT;56;;;;;18, 21, 64;2036350;228.67708;;
209110015;  Makine (Burslu);2;TYT;10;;1;;1;18, 21, 64;376723;355.88897;;
209110016;  Makine (%50 Ýndirimli);2;TYT;56;;;;;18, 21, 64;977924;292.82521;;
209110024;  Mekatronik (Burslu);2;TYT;10;;1;;1;18, 21, 64;372106;356.71638;;
209110025;  Mekatronik (%50 Ýndirimli);2;TYT;56;;;;;18, 21, 64;1102356;284.07845;;
209110073;  Silah Sanayi Teknikerliði (Burslu);2;TYT;10;;1;;1;18, 21, 64;304628;369.86794;;
209110074;  Silah Sanayi Teknikerliði (%50 Ýndirimli);2;TYT;56;;;;;18, 21, 64;1113943;283.28341;;
209110187;  Üretimde Kalite Kontrol (Burslu);2;TYT;8;;1;;1;18, 21, 64;785173;307.97185;;
209110194;  Üretimde Kalite Kontrol (%50 Ýndirimli);2;TYT;44;;;;;18, 21, 64;2130356;223.59299;;
;PÝRÝ REÝS ÜNÝVERSÝTESÝ (ÝSTANBUL) (Vakýf Üniversitesi) ;;;;;;;;;;;;YÖKAK
;Denizcilik Meslek Yüksekokulu;;;;;;;;;;;;
204950431;  Aþçýlýk (Ýngilizce) (Ücretli);2;TYT;16;;;;;18, 22, 23, 24, 64;2735980;177.51230;;
204950392;  Aþçýlýk (Ýngilizce) (Burslu);2;TYT;6;;1;;1;18, 21, 22, 23, 24, 64;463854;342.30334;;
204950394;  Aþçýlýk (Ýngilizce) (%50 Ýndirimli);2;TYT;26;;;;;18, 21, 22, 23, 24, 64;1860058;238.29897;;
204950414;  Bilgisayar Programcýlýðý (Ücretli);2;TYT;36;;;;;18, 22, 24, 34, 64;;;;
204950244;  Bilgisayar Programcýlýðý (Burslu);2;TYT;11;;2;;1;18, 21, 22, 24, 34, 64;313645;367.92884;;
204950262;  Bilgisayar Programcýlýðý (%50 Ýndirimli);2;TYT;37;;;;;18, 21, 22, 24, 34, 64;788492;307.68909;;
204950424;  Deniz Brokerliði (Ücretli);2;TYT;21;;;;;18, 22, 24, 34, 64;1597975;253.16745;;
204950271;  Deniz Brokerliði (Burslu);2;TYT;8;;1;;1;18, 21, 22, 24, 34, 64;311836;368.30657;;
204950298;  Deniz Brokerliði (%50 Ýndirimli);2;TYT;33;;;;;18, 21, 22, 24, 34, 64;810053;305.86988;;
204950041;  Deniz Ulaþtýrma ve Ýþletme (Ücretli);2;TYT;31;;;;;11, 18, 22, 24, 34, 64;920456;297.11125;;
204950059;  Deniz Ulaþtýrma ve Ýþletme (Burslu);2;TYT;12;;2;;1;11, 18, 21, 22, 24, 34, 64;165141;409.47213;;
204950068;  Deniz Ulaþtýrma ve Ýþletme (%50 Ýndirimli);2;TYT;47;;;;;11, 18, 21, 22, 24, 34, 64;497283;337.79092;;
204950438;  Deniz ve Liman Ýþletmeciliði (Ücretli);2;TYT;23;;;;;11, 18, 22, 24, 34, 64;1875550;237.43430;;
204950023;  Deniz ve Liman Ýþletmeciliði (Burslu);2;TYT;9;;1;;1;11, 18, 21, 22, 24, 34, 64;337239;363.15285;;
204950032;  Deniz ve Liman Ýþletmeciliði (%50 Ýndirimli);2;TYT;36;;;;;11, 18, 21, 22, 24, 34, 64;982442;292.48959;;
204950415;  Gemi Ýnþaatý (Ücretli);2;TYT;33;;;;;18, 22, 24, 34, 64;1662742;249.42067;;
204950086;  Gemi Ýnþaatý (Burslu);2;TYT;12;;2;;1;18, 21, 22, 24, 34, 64;294885;371.96038;;
204950095;  Gemi Ýnþaatý (%50 Ýndirimli);2;TYT;43;;;;;18, 21, 22, 24, 34, 64;861402;301.66163;;
204950403;  Gemi Makineleri Ýþletmeciliði (Ücretli);2;TYT;33;;;;;11, 18, 22, 24, 34, 64;1215873;276.54444;;
204950404;  Gemi Makineleri Ýþletmeciliði (Burslu);2;TYT;12;;2;;1;11, 18, 21, 22, 24, 34, 64;253133;381.93519;;
204950405;  Gemi Makineleri Ýþletmeciliði (%50 Ýndirimli);2;TYT;48;;;;;11, 18, 21, 22, 24, 34, 64;726780;313.13125;;
204950543;  Hibrid ve Elektrikli Taþýtlar Teknolojisi (Ücretli);2;TYT;15;;;;;11, 18, 64;...;----;;
204950536;  Hibrid ve Elektrikli Taþýtlar Teknolojisi (Burslu);2;TYT;5;;1;;1;11, 18, 21, 64;...;----;;
204950550;  Hibrid ve Elektrikli Taþýtlar Teknolojisi (%50 Ýndirimli);2;TYT;19;;;;;11, 18, 21, 64;...;----;;
204950445;  Lojistik (Ücretli);2;TYT;17;;;;;18, 22, 24, 34, 64;2390362;209.23565;;
204950217;  Lojistik (Burslu);2;TYT;6;;1;;1;18, 21, 22, 24, 34, 64;501599;337.22079;;
204950235;  Lojistik (%50 Ýndirimli);2;TYT;24;;;;;18, 21, 22, 24, 34, 64;1276038;272.66186;;
204950452;  Marina ve Yat Ýþletmeciliði (Ücretli);2;TYT;24;;;;;11, 18, 22, 24, 34, 64;1959844;232.81354;;
204950388;  Marina ve Yat Ýþletmeciliði (Burslu);2;TYT;10;;1;;1;11, 18, 21, 22, 24, 34, 64;480537;340.00194;;
204950390;  Marina ve Yat Ýþletmeciliði (%50 Ýndirimli);2;TYT;35;;;;;11, 18, 21, 22, 24, 34, 64;1241770;274.86142;;
204950413;  Mekatronik (Ücretli);2;TYT;33;;;;;11, 18, 22, 24, 34, 64;2377932;209.95859;;
204950147;  Mekatronik (Burslu);2;TYT;11;;2;;1;11, 18, 21, 22, 24, 34, 64;341126;362.42492;;
204950156;  Mekatronik (%50 Ýndirimli);2;TYT;38;;;;;11, 18, 21, 22, 24, 34, 64;1013857;290.23985;;
204950459;  Su Altý Teknolojisi (Ýngilizce) (Ücretli);2;TYT;6;;;;;18, 22, 23, 24, 57, 64;2025288;229.28670;;
204950410;  Su Altý Teknolojisi (Ýngilizce) (Burslu);2;TYT;2;;;;1;18, 21, 22, 23, 24, 57, 64;264686;379.04870;;
204950412;  Su Altý Teknolojisi (Ýngilizce) (%50 Ýndirimli);2;TYT;7;;;;;18, 21, 22, 23, 24, 57, 64;1386037;265.82125;;
;SANKO ÜNÝVERSÝTESÝ (GAZÝANTEP) (Vakýf Üniversitesi) ;;;;;;;;;;;;YÖKAK
;Saðlýk Hizmetleri Meslek Yüksekokulu;;;;;;;;;;;;
207710109;  Ameliyathane Hizmetleri (Ücretli);2;TYT;28;;;;;64;1403407;264.75768;;
207710101;  Ameliyathane Hizmetleri (Burslu);2;TYT;7;;1;;1;21, 64;556698;330.45571;;
207710102;  Ameliyathane Hizmetleri (%25 Ýndirimli);2;TYT;20;;;;;21, 64;1149604;280.88450;;
207710100;  Anestezi (Ücretli);2;TYT;28;;;;;64;943055;295.41844;;
207710110;  Anestezi (Burslu);2;TYT;7;;1;;1;21, 64;234386;386.89593;;
207710111;  Anestezi (%25 Ýndirimli);2;TYT;20;;;;;21, 64;702701;315.35059;;
207710103;  Ýlk ve Acil Yardým (Ücretli);2;TYT;28;;;;;64;1044186;288.08577;;
207710104;  Ýlk ve Acil Yardým (Burslu);2;TYT;7;;1;;1;21, 64;391207;353.41211;;
207710105;  Ýlk ve Acil Yardým (%25 Ýndirimli);2;TYT;20;;;;;21, 64;756696;310.43354;;
207710106;  Týbbi Görüntüleme Teknikleri (Ücretli);2;TYT;28;;;;;64;1160851;280.13918;;
207710107;  Týbbi Görüntüleme Teknikleri (Burslu);2;TYT;7;;1;;1;21, 64;367450;357.52072;;
207710108;  Týbbi Görüntüleme Teknikleri (%25 Ýndirimli);2;TYT;20;;;;;21, 64;891942;299.27547;;
;TOROS ÜNÝVERSÝTESÝ (MERSÝN) (Vakýf Üniversitesi) ;;;;;;;;;;;;YÖKAK
;Meslek Yüksekokulu;;;;;;;;;;;;
205550509;  Aþçýlýk (Burslu);2;TYT;6;;1;;1;18, 21, 64;546484;331.65062;;
205590258;  Aþçýlýk (%25 Ýndirimli);2;TYT;38;;;;;18, 21, 64;...;----;;
205590085;  Bilgisayar Programcýlýðý (Ücretli);2;TYT;42;;;;;18, 64;2378041;209.95287;;
205590086;  Bilgisayar Programcýlýðý (Burslu);2;TYT;7;;1;;1;18, 21, 64;665253;318.93459;;
205550103;  Grafik Tasarýmý (Burslu);2;TYT;4;;1;;1;18, 21, 64;667653;318.70419;;
205550121;  Grafik Tasarýmý (%25 Ýndirimli);2;TYT;30;;;;;18, 21, 64;...;----;;
205550148;  Ýnþaat Teknolojisi (Burslu);2;TYT;4;;1;;1;18, 21, 64;957466;294.34532;;
205550166;  Ýnþaat Teknolojisi (%25 Ýndirimli);2;TYT;30;;;;;18, 21, 64;...;----;;
205590216;  Mahkeme Büro Hizmetleri (Ücretli);2;TYT;48;;;;;18, 64;2750469;169.12003;;
205590209;  Mahkeme Büro Hizmetleri (Burslu);2;TYT;7;;1;;1;18, 21, 64;854450;302.22200;;
205590057;  Mekatronik (Burslu);2;TYT;6;;1;;1;18, 21, 64;819845;305.04508;;
205590251;  Mekatronik (%25 Ýndirimli);2;TYT;37;;;;;18, 21, 64;...;----;;
;Saðlýk Hizmetleri Meslek Yüksekokulu;;;;;;;;;;;;
205590087;  Aðýz ve Diþ Saðlýðý (Ücretli);2;TYT;63;;;;;18, 64;1920679;234.94720;;
205590088;  Aðýz ve Diþ Saðlýðý (Burslu);2;TYT;10;;1;;1;18, 21, 64;482910;339.68558;;
205590089;  Ameliyathane Hizmetleri (Ücretli);2;TYT;52;;;;;18, 64;1843128;239.23956;;
205590090;  Ameliyathane Hizmetleri (Burslu);2;TYT;8;;1;;1;18, 21, 64;584537;327.28415;;
205590091;  Anestezi (Ücretli);2;TYT;54;;;;;18, 64;1104984;283.90511;;
205590092;  Anestezi (Burslu);2;TYT;8;;1;;1;18, 21, 64;351991;360.35746;;
205590174;  Çocuk Geliþimi (Ücretli);2;TYT;37;;;;;18, 64;2456733;205.29503;;
205590095;  Çocuk Geliþimi (Burslu);2;TYT;5;;1;;1;18, 21, 64;646239;320.81981;;
205590097;  Diyaliz (Ücretli);2;TYT;47;;;;;18, 64;2374557;210.14779;;
205590098;  Diyaliz (Burslu);2;TYT;7;;1;;1;18, 21, 64;653778;320.06783;;
205590099;  Fizyoterapi (Ücretli);2;TYT;55;;;;;18, 64;2239867;217.63697;;
205590100;  Fizyoterapi (Burslu);2;TYT;9;;1;;1;18, 21, 64;583690;327.38137;;
205590101;  Ýlk ve Acil Yardým (Ücretli);2;TYT;68;;;;;18, 64;1284625;272.12473;;
205590102;  Ýlk ve Acil Yardým (Burslu);2;TYT;10;;2;;1;18, 21, 64;443261;345.26346;;
205590103;  Optisyenlik (Ücretli);2;TYT;59;;;;;18, 64;2151443;222.45801;;
205590104;  Optisyenlik (Burslu);2;TYT;9;;1;;1;18, 21, 64;650989;320.35080;;
205590105;  Týbbi Görüntüleme Teknikleri (Ücretli);2;TYT;68;;;;;18, 64;1603370;252.85650;;
205590106;  Týbbi Görüntüleme Teknikleri (Burslu);2;TYT;10;;2;;1;18, 21, 64;481444;339.88594;;
205590107;  Týbbi Laboratuvar Teknikleri (Ücretli);2;TYT;67;;;;;18, 64;2091660;225.69584;;
205590108;  Týbbi Laboratuvar Teknikleri (Burslu);2;TYT;10;;2;;1;18, 21, 64;573211;328.54897;;
;TÜRK HAVA KURUMU ÜNÝVERSÝTESÝ (ANKARA) (Vakýf Üniversitesi) ;;;;;;;;;;;;
;Ankara Havacýlýk Meslek Yüksekokulu;;;;;;;;;;;;
205750247;  Büyük Veri Analistliði (Ücretli);2;TYT;34;;;;;64, 320;...;----;;
205750240;  Büyük Veri Analistliði (Burslu);2;TYT;5;;1;;1;21, 64, 320;...;----;;
205750151;  Hava Lojistiði (Ücretli);2;TYT;7;;;;;64;2266275;216.19155;*;MEDEK
205750152;  Hava Lojistiði (Burslu);2;TYT;6;;1;;1;21, 64;353753;360.02183;*;MEDEK
205750184;  Hava Lojistiði (%25 Ýndirimli);2;TYT;35;;;;;21, 64;1866971;237.91799;*;MEDEK
205750205;  Hava Aracý Ýmalat Teknolojileri (Ücretli);2;TYT;37;;;;;64, 320;2206043;219.49318;;
205750198;  Hava Aracý Ýmalat Teknolojileri (Burslu);2;TYT;6;;1;;1;21, 64, 320;230247;388.07177;;
205750219;  Hibrid ve Elektrikli Taþýtlar Teknolojisi (Ücretli);2;TYT;18;;;;;64;2023465;229.38713;;
205750212;  Hibrid ve Elektrikli Taþýtlar Teknolojisi (Burslu);2;TYT;4;;1;;1;21, 64;344734;361.75120;;
205750254;  Hibrid ve Elektrikli Taþýtlar Teknolojisi (%25 Ýndirimli);2;TYT;10;;;;;21, 64;...;----;;
205750128;  Sivil Hava Ulaþtýrma Ýþletmeciliði (Burslu);2;TYT;9;;1;;1;10, 21, 64;340024;362.62836;*;MEDEK
205750177;  Sivil Hava Ulaþtýrma Ýþletmeciliði (%25 Ýndirimli);2;TYT;56;;;;;10, 21, 64;2074953;226.58934;*;MEDEK
205750058;  Sivil Havacýlýk Kabin Hizmetleri (Ücretli);2;TYT;58;;;;;10, 64;1881773;237.09411;;
205750067;  Sivil Havacýlýk Kabin Hizmetleri (Burslu);2;TYT;9;;1;;1;10, 21, 64;222256;390.33480;;
205750094;  Uçak Teknolojisi (Ücretli);2;TYT;67;;;;;10, 64;920609;297.09976;;
205750101;  Uçak Teknolojisi (Burslu);2;TYT;10;;2;;1;10, 21, 64;132835;423.01401;;
205750233;  Uçuþ Harekat Yöneticiliði (Ücretli);2;TYT;32;;;;;10, 64;2155939;222.21554;;
205750226;  Uçuþ Harekat Yöneticiliði (Burslu);2;TYT;5;;1;;1;10, 21, 64;287689;373.57805;;
205750268;  Yapay Zeka Operatörlüðü (Ücretli);2;TYT;34;;;;;64, 320;...;----;;
205750261;  Yapay Zeka Operatörlüðü (Burslu);2;TYT;5;;1;;1;21, 64, 320;...;----;;
;Ýzmir Havacýlýk Meslek Yüksekokulu;;;;;;;;;;;;
205750153;  Hava Lojistiði (Ücretli);2;TYT;15;;;;;64;2670924;189.05406;;
205750154;  Hava Lojistiði (Burslu);2;TYT;6;;1;;1;21, 64;491281;338.58444;;
205750167;  Hava Lojistiði (%50 Ýndirimli);2;TYT;22;;;;;21, 64;1583019;254.04925;;
205750155;  Sivil Hava Ulaþtýrma Ýþletmeciliði (Ücretli);2;TYT;16;;;;;10, 64;2381028;209.78178;;
205750156;  Sivil Hava Ulaþtýrma Ýþletmeciliði (Burslu);2;TYT;5;;1;;1;10, 21, 64;398882;352.13153;;
205750168;  Sivil Hava Ulaþtýrma Ýþletmeciliði (%50 Ýndirimli);2;TYT;20;;;;;10, 21, 64;1237631;275.13720;;
205750013;  Sivil Havacýlýk Kabin Hizmetleri (Ücretli);2;TYT;28;;;;;10, 64;1715787;246.39782;;
205750022;  Sivil Havacýlýk Kabin Hizmetleri (Burslu);2;TYT;7;;1;;1;10, 21, 64;255738;381.26599;;
205750150;  Sivil Havacýlýk Kabin Hizmetleri (%50 Ýndirimli);2;TYT;20;;;;;10, 21, 64;674042;318.07457;;
205750031;  Uçak Teknolojisi (Ücretli);2;TYT;58;;;;;10, 64;1481635;260.01419;;
205750049;  Uçak Teknolojisi (Burslu);2;TYT;9;;1;;1;10, 21, 64;238062;385.88400;;
;UFUK ÜNÝVERSÝTESÝ (ANKARA) (Vakýf Üniversitesi) ;;;;;;;;;;;;
;Meslek Yüksekokulu;;;;;;;;;;;;
205850269;  Bilgisayar Programcýlýðý (Burslu);2;TYT;13;;2;;1;18, 21, 64;388286;353.89768;;
205850278;  Bilgisayar Programcýlýðý (%50 Ýndirimli);2;TYT;83;;;;;18, 21, 64;1773050;243.16041;;
205850409;  Bilgisayar Teknolojisi (Burslu);2;TYT;6;;1;;1;18, 21, 64;435354;346.42591;;
205850418;  Bilgisayar Teknolojisi (%50 Ýndirimli);2;TYT;42;;;;;18, 21, 64;2243441;217.43869;;
205850539;  Biliþim Güvenliði Teknolojisi (Burslu);2;TYT;6;;1;;1;18, 21, 64;459097;342.97037;;
205850540;  Biliþim Güvenliði Teknolojisi (%50 Ýndirimli);2;TYT;42;;;;;18, 21, 64;2307772;213.90694;;
205850303;  Ýþletme Yönetimi (Burslu);2;TYT;5;;1;;1;18, 21, 64;648004;320.64430;;
205850312;  Ýþletme Yönetimi (%50 Ýndirimli);2;TYT;34;;;;;18, 21, 64;2447010;205.88775;;
205850605;  Mahkeme Büro Hizmetleri (Burslu);2;TYT;10;;2;;1;18, 21, 64;773036;309.02658;;
205850612;  Mahkeme Büro Hizmetleri (%50 Ýndirimli);2;TYT;67;;;;;18, 21, 64;;;;
205850348;  Muhasebe ve Vergi Uygulamalarý (Burslu);2;TYT;5;;1;;1;18, 21, 64;687200;316.80413;;
205850357;  Muhasebe ve Vergi Uygulamalarý (%50 Ýndirimli);2;TYT;33;;;;;18, 21, 64;2500899;202.53307;;
205850445;  Saðlýk Kurumlarý Ýþletmeciliði (Burslu);2;TYT;4;;;;1;18, 21, 64;757818;310.33144;;
205850454;  Saðlýk Kurumlarý Ýþletmeciliði (%50 Ýndirimli);2;TYT;21;;;;;18, 21, 64;2222008;218.61487;;
;Saðlýk Hizmetleri Meslek Yüksekokulu;;;;;;;;;;;;
205850215;  Ameliyathane Hizmetleri (Ücretli);2;TYT;24;;;;;18, 64;2177884;221.02481;;
205850224;  Ameliyathane Hizmetleri (Burslu);2;TYT;7;;1;;1;18, 21, 64;556509;330.47849;;
205850517;  Ameliyathane Hizmetleri (%50 Ýndirimli);2;TYT;18;;;;;18, 21, 64;1252121;274.18830;;
205850039;  Anestezi (Ücretli);2;TYT;31;;;;;18, 64;1620444;251.86033;;
205850048;  Anestezi (Burslu);2;TYT;7;;1;;1;18, 21, 64;329288;364.75073;;
205850633;  Anestezi (%25 Ýndirimli);2;TYT;11;;;;;18, 21, 64;...;----;;
205850233;  Elektronörofizyoloji (Ücretli);2;TYT;21;;;;;18, 64;;;;
205850242;  Elektronörofizyoloji (Burslu);2;TYT;5;;1;;1;18, 21, 64;646910;320.75239;;
205850519;  Elektronörofizyoloji (%50 Ýndirimli);2;TYT;13;;;;;18, 21, 64;1572532;254.66180;;
205850057;  Fizyoterapi (Ücretli);2;TYT;31;;;;;18, 64;2180451;220.88598;;
205850066;  Fizyoterapi (Burslu);2;TYT;7;;1;;1;18, 21, 64;483202;339.64851;;
205850640;  Fizyoterapi (%25 Ýndirimli);2;TYT;12;;;;;18, 21, 64;...;----;;
205850136;  Ýlk ve Acil Yardým (Ücretli);2;TYT;22;;;;;18, 64;1622035;251.76832;;
205850145;  Ýlk ve Acil Yardým (Burslu);2;TYT;4;;1;;1;18, 21, 64;407774;350.69148;;
205850647;  Ýlk ve Acil Yardým (%25 Ýndirimli);2;TYT;9;;;;;18, 21, 64;...;----;;
205850375;  Patoloji Laboratuvar Teknikleri (Ücretli);2;TYT;20;;;;;18, 64;2301273;214.26072;;
205850384;  Patoloji Laboratuvar Teknikleri (Burslu);2;TYT;4;;1;;1;18, 21, 64;578894;327.91294;;
205850521;  Patoloji Laboratuvar Teknikleri (%50 Ýndirimli);2;TYT;11;;;;;18, 21, 64;1217889;276.41799;;
205850172;  Týbbi Görüntüleme Teknikleri (Ücretli);2;TYT;31;;;;;18, 64;1962241;232.68303;;
205850181;  Týbbi Görüntüleme Teknikleri (Burslu);2;TYT;7;;1;;1;18, 21, 64;431044;347.08159;;
205850654;  Týbbi Görüntüleme Teknikleri (%25 Ýndirimli);2;TYT;11;;;;;18, 21, 64;...;----;;
205850118;  Týbbi Laboratuvar Teknikleri (Ücretli);2;TYT;21;;;;;18, 64;2268930;216.04554;;
205850127;  Týbbi Laboratuvar Teknikleri (Burslu);2;TYT;5;;1;;1;18, 21, 64;476429;340.56584;;
205850523;  Týbbi Laboratuvar Teknikleri (%50 Ýndirimli);2;TYT;13;;;;;18, 21, 64;1078714;285.67704;;
;ÜSKÜDAR ÜNÝVERSÝTESÝ (ÝSTANBUL) (Vakýf Üniversitesi) ;;;;;;;;;;;;
;Saðlýk Hizmetleri Meslek Yüksekokulu;;;;;;;;;;;;
206552026;  Acil Durum ve Afet Yönetimi (Burslu);2;TYT;8;;1;;1;18, 21, 64;685324;316.98351;;
206552044;  Acil Durum ve Afet Yönetimi (%50 Ýndirimli);2;TYT;54;;;;;18, 21, 64;2144533;222.83317;;
206551919;  Aðýz ve Diþ Saðlýðý (Ücretli);2;TYT;27;;;;;18, 64;2477046;204.03760;;
206551928;  Aðýz ve Diþ Saðlýðý (Burslu);2;TYT;10;;2;;1;18, 21, 64;487253;339.11942;;
206551946;  Aðýz ve Diþ Saðlýðý (%50 Ýndirimli);2;TYT;41;;;;;18, 21, 64;1110763;283.50357;;
206551285;  Ameliyathane Hizmetleri (Ücretli);2;TYT;20;;;;;18, 64;2428321;207.01326;;
206551294;  Ameliyathane Hizmetleri (Burslu);2;TYT;10;;2;;1;18, 21, 64;627602;322.69678;;
206551319;  Ameliyathane Hizmetleri (%50 Ýndirimli);2;TYT;48;;;;;18, 21, 64;1450237;261.89891;;
206551337;  Anestezi (Ücretli);2;TYT;45;;;;;18, 64;2072206;226.73735;;
206551346;  Anestezi (Burslu);2;TYT;10;;2;;1;18, 21, 64;355847;359.63237;;
206551364;  Anestezi (%50 Ýndirimli);2;TYT;23;;;;;18, 21, 64;742632;311.68813;;
206550269;  Biyomedikal Cihaz Teknolojisi (Burslu);2;TYT;8;;1;;1;18, 21, 64;737977;312.10116;;
206552503;  Biyomedikal Cihaz Teknolojisi (%50 Ýndirimli);2;TYT;54;;;;;18, 21, 64;2615977;194.27849;;
206552247;  Çevre Saðlýðý (Burslu);2;TYT;10;;2;;1;18, 21, 64;656865;319.75846;;
206552505;  Çevre Saðlýðý (%50 Ýndirimli);2;TYT;67;;;;;18, 21, 64;2572472;197.67652;;
206550021;  Çocuk Geliþimi (Burslu);2;TYT;10;;2;;1;18, 21, 64;610792;324.44532;;
206550118;  Çocuk Geliþimi (%50 Ýndirimli);2;TYT;68;;;;;18, 21, 64;1943289;233.71995;;
206552177;  Çocuk Koruma ve Bakým Hizmetleri (Burslu);2;TYT;6;;1;;1;18, 21, 64;842151;303.22778;;
206552507;  Çocuk Koruma ve Bakým Hizmetleri (%50 Ýndirimli);2;TYT;42;;;;;18, 21, 64;2317598;213.35935;;
206552565;  Diþ Protez Teknolojisi (Ücretli);2;TYT;31;;;;;18, 64;1686993;248.02896;;
206551991;  Diþ Protez Teknolojisi (Burslu);2;TYT;10;;2;;1;18, 21, 64;438439;345.97257;;
206552017;  Diþ Protez Teknolojisi (%50 Ýndirimli);2;TYT;37;;;;;18, 21, 64;901649;298.53321;;
206550375;  Diyaliz (Burslu);2;TYT;10;;2;;1;18, 21, 64;684771;317.03399;;
206550393;  Diyaliz (%50 Ýndirimli);2;TYT;68;;;;;18, 21, 64;2104951;224.98172;;
206552572;  Eczane Hizmetleri (Ücretli);2;TYT;9;;;;;18, 64;2540469;199.93107;;
206551964;  Eczane Hizmetleri (Burslu);2;TYT;10;;2;;1;18, 21, 64;578387;327.97146;;
206551982;  Eczane Hizmetleri (%50 Ýndirimli);2;TYT;59;;;;;18, 21, 64;1367873;266.94234;;
206550048;  Elektronörofizyoloji (Burslu);2;TYT;10;;2;;1;18, 21, 64;751020;310.93477;;
206550136;  Elektronörofizyoloji (%50 Ýndirimli);2;TYT;68;;;;;18, 21, 64;;;;
206551197;  Engelli Bakýmý ve Rehabilitasyon (Burslu);2;TYT;5;;1;;1;18, 21, 64;837055;303.64033;;
206552509;  Engelli Bakýmý ve Rehabilitasyon (%50 Ýndirimli);2;TYT;37;;;;;18, 21, 64;2396083;208.90047;;
206552317;  Evde Hasta Bakýmý (Burslu);2;TYT;5;;1;;1;18, 21, 64;545889;331.72385;;
206552510;  Evde Hasta Bakýmý (%50 Ýndirimli);2;TYT;37;;;;;18, 21, 64;1069462;286.31944;;
206550463;  Fizyoterapi (Ücretli);2;TYT;25;;;;;18, 64;2728211;179.87339;;
206550472;  Fizyoterapi (Burslu);2;TYT;10;;2;;1;18, 21, 64;512995;335.74836;;
206550506;  Fizyoterapi (%25 Ýndirimli);2;TYT;43;;;;;18, 21, 64;1765393;243.58531;;
206550524;  Gýda Teknolojisi (Burslu);2;TYT;10;;2;;1;18, 21, 64;643901;321.05264;;
206552511;  Gýda Teknolojisi (%50 Ýndirimli);2;TYT;67;;;;;18, 21, 64;2185475;220.61002;;
206550569;  Ýlk ve Acil Yardým (Ücretli);2;TYT;68;;;;;18, 64;1873061;237.57716;;
206550578;  Ýlk ve Acil Yardým (Burslu);2;TYT;10;;2;;1;18, 21, 64;439699;345.78707;;
206550621;  Ýþ Saðlýðý ve Güvenliði (Burslu);2;TYT;10;;2;;1;18, 21, 64;773528;308.98708;;
206550648;  Ýþ Saðlýðý ve Güvenliði (%50 Ýndirimli);2;TYT;68;;;;;18, 21, 64;2167977;221.56404;;
206552344;  Laboratuvar Teknolojisi (Burslu);2;TYT;6;;1;;1;18, 21, 64;632347;322.21167;;
206552513;  Laboratuvar Teknolojisi (%50 Ýndirimli);2;TYT;42;;;;;18, 21, 64;1855000;238.57715;;
206552405;  Nükleer Teknoloji ve Radyasyon Güvenliði (Burslu);2;TYT;5;;1;;1;18, 21, 64;701430;315.47260;;
206552515;  Nükleer Teknoloji ve Radyasyon Güvenliði (%50 Ýndirimli);2;TYT;37;;;;;18, 21, 64;2506765;202.15446;;
206551391;  Odyometri (Burslu);2;TYT;10;;2;;1;18, 21, 64;662628;319.19217;;
206551416;  Odyometri (%50 Ýndirimli);2;TYT;68;;;;;18, 21, 64;2205690;219.51155;;
206552579;  Optisyenlik (Ücretli);2;TYT;17;;;;;18, 64;2585981;196.65729;;
206550993;  Optisyenlik (Burslu);2;TYT;10;;2;;1;18, 21, 64;610602;324.46388;;
206551019;  Optisyenlik (%50 Ýndirimli);2;TYT;51;;;;;18, 21, 64;1514293;258.06938;;
206550675;  Ortopedik Protez ve Ortez (Burslu);2;TYT;7;;1;;1;18, 21, 64;764781;309.73572;;
206552516;  Ortopedik Protez ve Ortez (%50 Ýndirimli);2;TYT;48;;;;;18, 21, 64;2729435;179.53944;;
206552159;  Otopsi Yardýmcýlýðý (Burslu);2;TYT;10;;2;;1;18, 21, 64;657791;319.66915;;
206552308;  Otopsi Yardýmcýlýðý (%50 Ýndirimli);2;TYT;67;;;;;18, 21, 64;1735427;245.27704;;
206552062;  Patoloji Laboratuvar Teknikleri (Burslu);2;TYT;10;;2;;1;18, 21, 64;687135;316.81031;;
206552089;  Patoloji Laboratuvar Teknikleri (%50 Ýndirimli);2;TYT;67;;;;;18, 21, 64;2177359;221.05116;;
206552600;  Podoloji (Burslu);2;TYT;7;;1;;1;18, 21, 64;551706;331.03327;;
206552607;  Podoloji (%50 Ýndirimli);2;TYT;42;;;;;18, 21, 64;2271977;215.87653;;
206551779;  Radyoterapi (Burslu);2;TYT;10;;2;;1;18, 21, 64;693971;316.17181;;
206551797;  Radyoterapi (%50 Ýndirimli);2;TYT;68;;;;;18, 21, 64;1999369;230.67826;;
206552614;  Saç Bakýmý ve Güzellik Hizmetleri (Burslu);2;TYT;8;;1;;1;18, 21, 64;798873;306.80649;;
206552621;  Saç Bakýmý ve Güzellik Hizmetleri (%50 Ýndirimli);2;TYT;51;;;;;18, 21, 64;2007357;230.24700;;
206552432;  Saðlýk Bilgi Sistemleri Teknikerliði (Burslu);2;TYT;6;;1;;1;18, 21, 64;631364;322.31518;;
206552517;  Saðlýk Bilgi Sistemleri Teknikerliði (%50 Ýndirimli);2;TYT;42;;;;;18, 21, 64;2420958;207.45133;;
206550066;  Saðlýk Kurumlarý Ýþletmeciliði (Burslu);2;TYT;6;;1;;1;18, 21, 64;602311;325.35369;;
206550154;  Saðlýk Kurumlarý Ýþletmeciliði (%50 Ýndirimli);2;TYT;42;;;;;18, 21, 64;2306613;213.96857;;
206552371;  Sosyal Güvenlik (Burslu);2;TYT;5;;1;;1;18, 21, 64;755731;310.51835;;
206552398;  Sosyal Güvenlik (%50 Ýndirimli);2;TYT;37;;;;;18, 21, 64;1812165;240.96188;;
206550781;  Sosyal Hizmetler (Burslu);2;TYT;6;;1;;1;18, 21, 64;687612;316.76453;;
206550806;  Sosyal Hizmetler (%50 Ýndirimli);2;TYT;38;;;;;18, 21, 64;2469110;204.52132;;
206550084;  Týbbi Dokümantasyon ve Sekreterlik (Burslu);2;TYT;10;;2;;1;18, 21, 64;485668;339.31932;;
206550172;  Týbbi Dokümantasyon ve Sekreterlik (%50 Ýndirimli);2;TYT;67;;;;;18, 21, 64;1240961;274.91794;;
206550093;  Týbbi Görüntüleme Teknikleri (Ücretli);2;TYT;27;;;;;18, 64;2446503;205.91861;;
206550109;  Týbbi Görüntüleme Teknikleri (Burslu);2;TYT;10;;2;;1;18, 21, 64;504094;336.90011;;
206550199;  Týbbi Görüntüleme Teknikleri (%50 Ýndirimli);2;TYT;41;;;;;18, 21, 64;1076550;285.82629;;
206552586;  Týbbi Laboratuvar Teknikleri (Ücretli);2;TYT;18;;;;;18, 64;2558540;198.68119;;
206551822;  Týbbi Laboratuvar Teknikleri (Burslu);2;TYT;10;;2;;1;18, 21, 64;525481;334.16386;;
206551849;  Týbbi Laboratuvar Teknikleri (%50 Ýndirimli);2;TYT;50;;;;;18, 21, 64;1277029;272.59788;;
206551876;  Týbbi Tanýtým ve Pazarlama (Burslu);2;TYT;3;;1;;1;18, 21, 64;828049;304.37519;;
206552518;  Týbbi Tanýtým ve Pazarlama (%50 Ýndirimli);2;TYT;25;;;;;18, 21, 64;1856776;238.48044;;
206550887;  Týbbi ve Aromatik Bitkiler (Burslu);2;TYT;6;;1;;1;18, 21, 64;381061;355.11746;;
206552519;  Týbbi ve Aromatik Bitkiler (%50 Ýndirimli);2;TYT;42;;;;;18, 21, 64;2240786;217.58700;;
206550242;  Yaþlý Bakýmý (Burslu);2;TYT;5;;1;;1;18, 21, 64;783427;308.12728;;
206552520;  Yaþlý Bakýmý (%50 Ýndirimli);2;TYT;37;;;;;18, 21, 64;2074918;226.59110;;
;YAÞAR ÜNÝVERSÝTESÝ (ÝZMÝR) (Vakýf Üniversitesi) ;;;;;;;;;;;;YÖKAK
;Meslek Yüksekokulu;;;;;;;;;;;;
206050556;  Bankacýlýk ve Sigortacýlýk (Ücretli);2;TYT;9;;;;;18, 64;1550670;255.93752;;
206050565;  Bankacýlýk ve Sigortacýlýk (Burslu);2;TYT;7;;1;;1;18, 21, 64;558509;330.23991;;
206050574;  Bankacýlýk ve Sigortacýlýk (%50 Ýndirimli);2;TYT;33;;;;;18, 21, 64;1290943;271.72633;;
206090371;  Bilgisayar Destekli Tasarým ve Animasyon (Ücretli);2;TYT;10;;;;;18, 64;1734180;245.34745;;
206090372;  Bilgisayar Destekli Tasarým ve Animasyon (Burslu);2;TYT;7;;1;;1;18, 21, 64;373985;356.37455;;
206090373;  Bilgisayar Destekli Tasarým ve Animasyon (%25 Ýndirimli);2;TYT;32;;;;;18, 21, 64;1604222;252.80853;;
206050432;  Bilgisayar Programcýlýðý (Ücretli);2;TYT;24;;;;;18, 64;1218651;276.37150;;
206050441;  Bilgisayar Programcýlýðý (Burslu);2;TYT;10;;2;;1;18, 21, 64;270909;377.53349;;
206050592;  Bilgisayar Programcýlýðý (%25 Ýndirimli);2;TYT;46;;;;;18, 21, 64;739993;311.92266;;
206050662;  Deniz ve Liman Ýþletmeciliði (Ücretli);2;TYT;8;;;;;18, 64;1609930;252.47652;;
206050671;  Deniz ve Liman Ýþletmeciliði (Burslu);2;TYT;8;;1;;1;18, 21, 64;485197;339.38315;;
206090383;  Deniz ve Liman Ýþletmeciliði (%50 Ýndirimli);2;TYT;41;;;;;18, 21, 64;1300178;271.15006;;
206050071;  Dýþ Ticaret (Ücretli);2;TYT;14;;;;;18, 64;1479662;260.12675;;
206050089;  Dýþ Ticaret (Burslu);2;TYT;10;;2;;1;18, 21, 64;465857;342.02687;;
206050608;  Dýþ Ticaret (%25 Ýndirimli);2;TYT;53;;;;;18, 21, 64;1295914;271.41598;;
206050495;  Gýda Teknolojisi (Ücretli);2;TYT;6;;;;;18, 64;1696877;247.47083;;
206050502;  Gýda Teknolojisi (Burslu);2;TYT;7;;1;;1;18, 21, 64;647676;320.67640;;
206050511;  Gýda Teknolojisi (%50 Ýndirimli);2;TYT;37;;;;;18, 21, 64;1584746;253.94727;;
206050105;  Grafik Tasarýmý (Ücretli);2;TYT;12;;;;;18, 64;1395827;265.21774;;
206050114;  Grafik Tasarýmý (Burslu);2;TYT;8;;1;;1;18, 21, 64;406552;350.88839;;
206090384;  Grafik Tasarýmý (%50 Ýndirimli);2;TYT;39;;;;;18, 21, 64;883883;299.89893;;
206050371;  Halkla Ýliþkiler ve Tanýtým (Ücretli);2;TYT;5;;;;;18, 64;1634695;251.03459;;
206050389;  Halkla Ýliþkiler ve Tanýtým (Burslu);2;TYT;7;;1;;1;18, 21, 64;566758;329.29295;;
206050398;  Halkla Ýliþkiler ve Tanýtým (%50 Ýndirimli);2;TYT;41;;;;;18, 21, 64;1387243;265.74706;;
206090369;  Ýþ Saðlýðý ve Güvenliði (Ücretli);2;TYT;7;;;;;18, 64;1808898;241.14518;;
206090349;  Ýþ Saðlýðý ve Güvenliði (Burslu);2;TYT;4;;1;;1;18, 21, 64;586700;327.04882;;
206090370;  Ýþ Saðlýðý ve Güvenliði (%50 Ýndirimli);2;TYT;19;;;;;18, 21, 64;1448589;262.00068;;
206050168;  Lojistik (Ücretli);2;TYT;11;;;;;18, 64;1400707;264.91859;;
206050177;  Lojistik (Burslu);2;TYT;9;;2;;1;18, 21, 64;466507;341.93199;;
206090385;  Lojistik (%50 Ýndirimli);2;TYT;54;;;;;18, 21, 64;1049772;287.69367;;
206050883;  Marina ve Yat Ýþletmeciliði (Ücretli);2;TYT;7;;;;;18, 64;1718791;246.22651;;
206050811;  Marina ve Yat Ýþletmeciliði (Burslu);2;TYT;7;;1;;1;18, 21, 64;524083;334.33778;;
206090386;  Marina ve Yat Ýþletmeciliði (%50 Ýndirimli);2;TYT;35;;;;;18, 21, 64;1411805;264.23557;;
206050892;  Mimari Restorasyon (Ücretli);2;TYT;16;;;;;18, 64;1758847;243.95641;;
206050908;  Mimari Restorasyon (Burslu);2;TYT;9;;1;;1;18, 21, 64;476544;340.54781;;
206050926;  Mimari Restorasyon (%25 Ýndirimli);2;TYT;38;;;;;18, 21, 64;1579991;254.23173;;
206050283;  Turizm ve Otel Ýþletmeciliði (Ücretli);2;TYT;3;;;;;18, 64;1622933;251.71345;;
206050292;  Turizm ve Otel Ýþletmeciliði (Burslu);2;TYT;4;;1;;1;18, 21, 64;579751;327.81948;;
206050308;  Turizm ve Otel Ýþletmeciliði (%50 Ýndirimli);2;TYT;25;;;;;18, 21, 64;1312966;270.34058;;
;YEDÝTEPE ÜNÝVERSÝTESÝ (ÝSTANBUL) (Vakýf Üniversitesi) ;;;;;;;;;;;;
;Meslek Yüksekokulu;;;;;;;;;;;;
206190344;  Elektronik Teknolojisi (Burslu);2;TYT;4;;1;;1;21, 22, 24, 64, 128;248391;383.13869;*;MEDEK
206190345;  Elektronik Teknolojisi (%50 Ýndirimli);2;TYT;29;;;;;21, 22, 24, 64, 128;1833800;239.75777;*;MEDEK
206190359;  Ýnternet ve Að Teknolojileri (Burslu);2;TYT;8;;1;;1;21, 22, 24, 64, 128;243352;384.47674;*;MEDEK
206190360;  Ýnternet ve Að Teknolojileri (%50 Ýndirimli);2;TYT;48;;;;;21, 22, 24, 64, 128;1848104;238.96077;*;MEDEK
206190357;  Mekatronik (Burslu);2;TYT;7;;1;;1;21, 22, 24, 64, 128;266463;378.60075;*;MEDEK
206190358;  Mekatronik (%50 Ýndirimli);2;TYT;45;;;;;21, 22, 24, 64, 128;1314861;270.22448;*;MEDEK
206190346;  Otomotiv Teknolojisi (Burslu);2;TYT;5;;1;;1;21, 22, 24, 64, 128;261967;379.70787;*;MEDEK
206190347;  Otomotiv Teknolojisi (%50 Ýndirimli);2;TYT;35;;;;;21, 22, 24, 64, 128;1548855;256.04355;*;MEDEK
;YÜKSEK ÝHTÝSAS ÜNÝVERSÝTESÝ (ANKARA) (Vakýf Üniversitesi) ;;;;;;;;;;;;
;Meslek Yüksekokulu;;;;;;;;;;;;
207950106;  Bilgisayar Programcýlýðý (Ücretli);2;TYT;5;;;;;64;1543746;256.34319;;
207950103;  Bilgisayar Programcýlýðý (Burslu);2;TYT;7;;1;;1;21, 64;416098;349.38159;;
207950125;  Bilgisayar Programcýlýðý (%50 Ýndirimli);2;TYT;37;;;;;21, 64;1305681;270.80287;;
207950223;  Eczane Hizmetleri (Ücretli);2;TYT;2;;;;;64;1490386;259.49198;;
207950100;  Eczane Hizmetleri (Burslu);2;TYT;7;;1;;1;21, 64;600174;325.58500;;
207950132;  Eczane Hizmetleri (%50 Ýndirimli);2;TYT;40;;;;;21, 64;1474253;260.45072;;
207950251;  Elektrik (Ücretli);2;TYT;7;;;;;64;...;----;;
207950244;  Elektrik (Burslu);2;TYT;5;;1;;1;21, 64;...;----;;
207950258;  Elektrik (%50 Ýndirimli);2;TYT;27;;;;;21, 64;...;----;;
207950272;  Grafik Tasarýmý (Ücretli);2;TYT;7;;;;;64;...;----;;
207950265;  Grafik Tasarýmý (Burslu);2;TYT;5;;1;;1;21, 64;...;----;;
207950279;  Grafik Tasarýmý (%50 Ýndirimli);2;TYT;27;;;;;21, 64;...;----;;
;Saðlýk Hizmetleri Meslek Yüksekokulu;;;;;;;;;;;;
207950032;  Ameliyathane Hizmetleri (Ücretli);2;TYT;5;;;;;64;1340077;268.66965;;
207950041;  Ameliyathane Hizmetleri (Burslu);2;TYT;10;;1;;1;21, 64;570522;328.85654;;
207950139;  Ameliyathane Hizmetleri (%50 Ýndirimli);2;TYT;55;;;;;21, 64;1150818;280.80715;;
207950072;  Anestezi (Ücretli);2;TYT;10;;;;;64;932028;296.24117;;
207950069;  Anestezi (Burslu);2;TYT;10;;1;;1;21, 64;349366;360.86570;;
207950146;  Anestezi (%50 Ýndirimli);2;TYT;50;;;;;21, 64;698670;315.72852;;
207950230;  Biyomedikal Cihaz Teknolojisi (Ücretli);2;TYT;5;;;;;64;1930251;234.42687;;
207950094;  Biyomedikal Cihaz Teknolojisi (Burslu);2;TYT;5;;1;;1;21, 64;686174;316.90207;;
207950095;  Biyomedikal Cihaz Teknolojisi (%50 Ýndirimli);2;TYT;30;;;;;21, 64;1670554;248.97209;;
207950237;  Elektronörofizyoloji (Ücretli);2;TYT;5;;;;;64;1695282;247.56253;;
207950059;  Elektronörofizyoloji (Burslu);2;TYT;7;;1;;1;21, 64;679537;317.54849;;
207950153;  Elektronörofizyoloji (%50 Ýndirimli);2;TYT;40;;;;;21, 64;1399086;265.01887;;
207950293;  Fizyoterapi (Ücretli);2;TYT;4;;;;;64;...;----;;
207950286;  Fizyoterapi (Burslu);2;TYT;4;;1;;1;21, 64;...;----;;
207950300;  Fizyoterapi (%50 Ýndirimli);2;TYT;21;;;;;21, 64;...;----;;
207950314;  Ýlk ve Acil Yardým (Ücretli);2;TYT;5;;;;;64;...;----;;
207950307;  Ýlk ve Acil Yardým (Burslu);2;TYT;5;;1;;1;21, 64;...;----;;
207950321;  Ýlk ve Acil Yardým (%50 Ýndirimli);2;TYT;29;;;;;21, 64;...;----;;
207950108;  Optisyenlik (Ücretli);2;TYT;5;;;;;64;1533439;256.94891;;
207950097;  Optisyenlik (Burslu);2;TYT;7;;1;;1;21, 64;444708;345.05047;;
207950160;  Optisyenlik (%50 Ýndirimli);2;TYT;40;;;;;21, 64;1291863;271.67027;;
207950335;  Tele-Saðlýk Teknikerliði (Ücretli);2;TYT;8;;;;;64;...;----;;
207950328;  Tele-Saðlýk Teknikerliði (Burslu);2;TYT;5;;1;;1;21, 64;...;----;;
207950342;  Tele-Saðlýk Teknikerliði (%50 Ýndirimli);2;TYT;26;;;;;21, 64;...;----;;
207950216;  Týbbi Dokümantasyon ve Sekreterlik (Ücretli);2;TYT;5;;;;;64;1465575;260.97735;;
207950014;  Týbbi Dokümantasyon ve Sekreterlik (Burslu);2;TYT;8;;1;;1;21, 64;525179;334.19797;;
207950079;  Týbbi Dokümantasyon ve Sekreterlik (%50 Ýndirimli);2;TYT;45;;;;;21, 64;1186145;278.46820;;
207950109;  Týbbi Laboratuvar Teknikleri (Ücretli);2;TYT;10;;;;;64;1429838;263.12217;;
207950091;  Týbbi Laboratuvar Teknikleri (Burslu);2;TYT;9;;2;;1;21, 64;521304;334.68947;;
207950167;  Týbbi Laboratuvar Teknikleri (%50 Ýndirimli);2;TYT;55;;;;;21, 64;1050102;287.67064;;
207950087;  Týbbi Tanýtým ve Pazarlama (Burslu);2;TYT;4;;1;;1;21, 64;767115;309.53223;;
207950088;  Týbbi Tanýtým ve Pazarlama (%50 Ýndirimli);2;TYT;30;;;;;21, 64;2278037;215.54312;;
207950356;  Týbbi Veri Ýþleme Teknikerliði (Ücretli);2;TYT;8;;;;;64;...;----;;
207950349;  Týbbi Veri Ýþleme Teknikerliði (Burslu);2;TYT;5;;1;;1;21, 64;...;----;;
207950363;  Týbbi Veri Ýþleme Teknikerliði (%50 Ýndirimli);2;TYT;26;;;;;21, 64;...;----;;
;AKDENÝZ KARPAZ ÜNÝVERSÝTESÝ (KKTC-LEFKOÞA);;;;;;;;;;;;
;Havacýlýk Meslek Yüksekokulu;;;;;;;;;;;;
300650233;  Sivil Hava Ulaþtýrma Ýþletmeciliði (Ücretli);2;TYT;4;;;;;10, 18, 19, 64, 132;2380387;209.82071;;
300650209;  Sivil Hava Ulaþtýrma Ýþletmeciliði (Burslu);2;TYT;2;;;;;10, 18, 19, 21, 64, 132;1070281;286.26224;;
300650210;  Sivil Hava Ulaþtýrma Ýþletmeciliði (%50 Ýndirimli);2;TYT;4;;;;;10, 18, 19, 21, 64, 132;2148567;222.61938;;
300650240;  Sivil Havacýlýk Kabin Hizmetleri (Ücretli);2;TYT;4;;;;;10, 18, 19, 64, 132;1661401;249.50006;;
300650211;  Sivil Havacýlýk Kabin Hizmetleri (Burslu);2;TYT;2;;;;;10, 18, 19, 21, 64, 132;901973;298.51000;;
300650212;  Sivil Havacýlýk Kabin Hizmetleri (%50 Ýndirimli);2;TYT;4;;;;;10, 18, 19, 21, 64, 132;1457408;261.46978;;
;DOÐU AKDENÝZ ÜNÝVERSÝTESÝ (KKTC-GAZÝMAÐUSA);;;;;;;;;;;;
;Bilgisayar ve Teknoloji Yüksekokulu;;;;;;;;;;;;
300150121;  Bilgisayar Programcýlýðý (Ücretli);2;TYT;18;;;;;18, 19, 64;1747814;244.57659;;
300150218;  Bilgisayar Programcýlýðý (Burslu);2;TYT;6;;;;;18, 19, 21, 64;717484;313.99226;;
300150227;  Bilgisayar Programcýlýðý (%50 Ýndirimli);2;TYT;16;;;;;18, 19, 21, 64;2299149;214.37795;;
300150209;  Ýnþaat Teknolojisi (Ücretli);2;TYT;7;;;;;18, 19, 64;2445721;205.96934;;
300150272;  Ýnþaat Teknolojisi (Burslu);2;TYT;2;;;;;18, 19, 21, 64;1130599;282.16545;;
300150281;  Ýnþaat Teknolojisi (%50 Ýndirimli);2;TYT;6;;;;;18, 19, 21, 64;2249032;217.13543;;
;Saðlýk Hizmetleri Yüksekokulu;;;;;;;;;;;;
300150712;  Aðýz ve Diþ Saðlýðý (Ücretli);2;TYT;21;;;;;18, 19, 64;2144584;222.83060;;
300150721;  Aðýz ve Diþ Saðlýðý (Burslu);2;TYT;5;;;;;18, 19, 21, 64;788481;307.68994;;
300150739;  Aðýz ve Diþ Saðlýðý (%50 Ýndirimli);2;TYT;9;;;;;18, 19, 21, 64;1980349;231.70704;;
300150863;  Ameliyathane Hizmetleri (Ücretli);2;TYT;14;;;;;18, 19, 64;2172004;221.33869;;
300150872;  Ameliyathane Hizmetleri (Burslu);2;TYT;4;;;;;18, 19, 21, 64;855963;302.10004;;
300150881;  Ameliyathane Hizmetleri (%50 Ýndirimli);2;TYT;7;;;;;18, 19, 21, 64;2275659;215.67505;;
300150624;  Anestezi (Ücretli);2;TYT;26;;;;;18, 19, 64;1543113;256.37891;;
300150633;  Anestezi (Burslu);2;TYT;9;;;;;18, 19, 21, 64;606787;324.87185;;
300150642;  Anestezi (%50 Ýndirimli);2;TYT;25;;;;;18, 19, 21, 64;1854096;238.62753;;
300150748;  Diyaliz (Ücretli);2;TYT;13;;;;;18, 19, 64;2487606;203.37801;;
300150757;  Diyaliz (Burslu);2;TYT;4;;;;;18, 19, 21, 64;913174;297.65320;;
300150766;  Diyaliz (%50 Ýndirimli);2;TYT;8;;;;;18, 19, 21, 64;2714635;182.87509;;
300150775;  Fizyoterapi (Ücretli);2;TYT;19;;;;;18, 19, 64;2211288;219.20353;;
300150784;  Fizyoterapi (Burslu);2;TYT;5;;;;;18, 19, 21, 64;855771;302.11586;;
300150793;  Fizyoterapi (%50 Ýndirimli);2;TYT;11;;;;;18, 19, 21, 64;2723701;180.99884;;
300150651;  Ýlk ve Acil Yardým (Ücretli);2;TYT;46;;;;;18, 19, 64;1834744;239.70533;;
300150669;  Ýlk ve Acil Yardým (Burslu);2;TYT;12;;;;;18, 19, 21, 64;723874;313.40019;;
300150678;  Ýlk ve Acil Yardým (%50 Ýndirimli);2;TYT;22;;;;;18, 19, 21, 64;1865933;237.97371;;
300190421;  Ortopedik Protez ve Ortez (Ücretli);2;TYT;11;;;;;18, 19, 64;;;;
300190379;  Ortopedik Protez ve Ortez (Burslu);2;TYT;4;;;;;18, 19, 21, 64;1181175;278.79439;;
300190422;  Ortopedik Protez ve Ortez (%50 Ýndirimli);2;TYT;8;;;;;18, 19, 21, 64;;;;
300150899;  Radyoterapi (Ücretli);2;TYT;17;;;;;18, 19, 64;2668722;189.29969;;
300150906;  Radyoterapi (Burslu);2;TYT;5;;;;;18, 19, 21, 64;960983;294.08333;;
300150915;  Radyoterapi (%50 Ýndirimli);2;TYT;8;;;;;18, 19, 21, 64;;;;
300150809;  Týbbi Görüntüleme Teknikleri (Ücretli);2;TYT;24;;;;;18, 19, 64;2101154;225.18666;;
300150818;  Týbbi Görüntüleme Teknikleri (Burslu);2;TYT;7;;;;;18, 19, 21, 64;809614;305.90779;;
300150827;  Týbbi Görüntüleme Teknikleri (%50 Ýndirimli);2;TYT;14;;;;;18, 19, 21, 64;1837399;239.55521;;
;Turizm ve Otelcilik Yüksekokulu;;;;;;;;;;;;
300150484;  Aþçýlýk (Ücretli);2;TYT;18;;;;;18, 19, 64;;;;
300150599;  Aþçýlýk (Burslu);2;TYT;8;;;;;18, 19, 21, 64;918039;297.29287;;
300150606;  Aþçýlýk (%50 Ýndirimli);2;TYT;8;;;;;18, 19, 21, 64;2070660;226.82109;;
300190381;  Pastacýlýk ve Ekmekçilik (Ücretli);2;TYT;12;;;;;18, 19, 64;;;;
300190382;  Pastacýlýk ve Ekmekçilik (Burslu);2;TYT;5;;;;;18, 19, 21, 64;1290335;271.76501;;
300190308;  Sivil Havacýlýk Kabin Hizmetleri (Ýngilizce) (Ücretli);2;TYT;28;;;;;10, 18, 19, 22, 23, 24, 64;1800958;241.58108;;
300190307;  Sivil Havacýlýk Kabin Hizmetleri (Ýngilizce) (Burslu);2;TYT;7;;;;;10, 18, 19, 21, 22, 23, 24, 64;654069;320.03485;;
300190503;  Sivil Havacýlýk Kabin Hizmetleri (Ýngilizce) (%50 Ýndirimli);2;TYT;10;;;;;10, 18, 19, 21, 22, 23, 24, 64;1478522;260.19205;;
300150139;  Turizm ve Otel Ýþletmeciliði (Ýngilizce) (Ücretli);2;TYT;14;;;;;18, 19, 22, 23, 24, 64;;;;FIBAA
300150439;  Turizm ve Otel Ýþletmeciliði (Ýngilizce) (Burslu);2;TYT;6;;;;;18, 19, 21, 22, 23, 24, 64;1155985;280.46275;;FIBAA
;GÝRNE AMERÝKAN ÜNÝVERSÝTESÝ (KKTC-GÝRNE);;;;;;;;;;;;
;Meslek Yüksekokulu;;;;;;;;;;;;
300290317;  Aþçýlýk (Ücretli);2;TYT;8;;;;;18, 19, 64;;;;
300290314;  Aþçýlýk (Burslu);2;TYT;7;;;;;18, 19, 21, 64;1341157;268.60102;;
300290316;  Aþçýlýk (%50 Ýndirimli);2;TYT;15;;;;;18, 19, 21, 64;2377808;209.96530;;
300250386;  Bankacýlýk ve Sigortacýlýk (Ýngilizce) (Burslu);2;TYT;15;;;;;18, 19, 21, 22, 23, 24, 64;1822120;240.40827;;
300250262;  Bankacýlýk ve Sigortacýlýk (Ýngilizce) (%50 Ýndirimli);2;TYT;15;;;;;18, 19, 21, 22, 23, 24, 64;;;;
300250226;  Bilgisayar Programcýlýðý (Ýngilizce) (Ücretli);2;TYT;11;;;;;18, 19, 22, 23, 24, 64;;;;
300250395;  Bilgisayar Programcýlýðý (Ýngilizce) (Burslu);2;TYT;7;;;;;18, 19, 21, 22, 23, 24, 64;834794;303.82214;;
300250332;  Bilgisayar Programcýlýðý (Ýngilizce) (%50 Ýndirimli);2;TYT;22;;;;;18, 19, 21, 22, 23, 24, 64;2598046;195.73636;;
300290380;  Deniz Brokerliði (Ücretli);2;TYT;8;;;;;18, 19, 64;;;;
300290381;  Deniz Brokerliði (Burslu);2;TYT;7;;;;;18, 19, 21, 64;1501249;258.84210;;
300290383;  Deniz Brokerliði (%50 Ýndirimli);2;TYT;15;;;;;18, 19, 21, 64;2657095;190.53925;;
300290377;  Deniz Ulaþtýrma ve Ýþletme (Ücretli);2;TYT;15;;;;;11, 18, 19, 64;1777609;242.90093;;
300290376;  Deniz Ulaþtýrma ve Ýþletme (Burslu);2;TYT;12;;;;;11, 18, 19, 21, 64;868221;301.13055;;
300290379;  Deniz Ulaþtýrma ve Ýþletme (%50 Ýndirimli);2;TYT;20;;;;;11, 18, 19, 21, 64;1282844;272.23271;;
300290333;  Ýç Mekan Tasarýmý (Ücretli);2;TYT;10;;;;;18, 19, 64;;;;
300290330;  Ýç Mekan Tasarýmý (Burslu);2;TYT;10;;;;;18, 19, 21, 64;1538018;256.68414;;
300290332;  Ýç Mekan Tasarýmý (%50 Ýndirimli);2;TYT;10;;;;;18, 19, 21, 64;2321723;213.12143;;
300250438;  Ýþletme Yönetimi (Ýngilizce) (Burslu);2;TYT;15;;;;;18, 19, 21, 22, 23, 24, 64;1557276;255.55068;;
300250305;  Ýþletme Yönetimi (Ýngilizce) (%50 Ýndirimli);2;TYT;15;;;;;18, 19, 21, 22, 23, 24, 64;;;;
300290409;  Mekatronik (Burslu);2;TYT;10;;;;;18, 19, 21, 64;1296534;271.37514;;
300290410;  Mekatronik (%50 Ýndirimli);2;TYT;20;;;;;18, 19, 21, 64;2585090;196.72353;;
300250535;  Sivil Havacýlýk Kabin Hizmetleri (Ýngilizce) (Ücretli);2;TYT;12;;;;;10, 18, 19, 22, 23, 24, 64;2593328;196.10375;;
300250792;  Sivil Havacýlýk Kabin Hizmetleri (Ýngilizce) (Burslu);2;TYT;12;;;;;10, 18, 19, 21, 22, 23, 24, 64;721960;313.57621;;
300250562;  Sivil Havacýlýk Kabin Hizmetleri (Ýngilizce) (%50 Ýndirimli);2;TYT;16;;;;;10, 18, 19, 21, 22, 23, 24, 64;1808543;241.16346;;
300250465;  Turizm ve Otel Ýþletmeciliði (Ýngilizce) (Burslu);2;TYT;15;;;;;18, 19, 21, 22, 23, 24, 64;1321622;269.81124;;
300290411;  Turizm ve Otel Ýþletmeciliði (Ýngilizce) (%50 Ýndirimli);2;TYT;15;;;;;18, 19, 21, 22, 23, 24, 64;2706835;184.26040;;
;Saðlýk Meslek Yüksekokulu;;;;;;;;;;;;
300290338;  Aðýz ve Diþ Saðlýðý (Ücretli);2;TYT;9;;;;;18, 19, 64;2708986;183.88498;;
300290339;  Aðýz ve Diþ Saðlýðý (Burslu);2;TYT;6;;;;;18, 19, 21, 64;1048348;287.79562;;
300290341;  Aðýz ve Diþ Saðlýðý (%50 Ýndirimli);2;TYT;15;;;;;18, 19, 21, 64;2308099;213.88964;;
300250605;  Ameliyathane Hizmetleri (Ücretli);2;TYT;9;;;;;18, 19, 64;2665068;189.69317;;
300250614;  Ameliyathane Hizmetleri (Burslu);2;TYT;6;;;;;18, 19, 21, 64;1110293;283.53729;;
300250817;  Ameliyathane Hizmetleri (%50 Ýndirimli);2;TYT;15;;;;;18, 19, 21, 64;2413271;207.90414;;
300250623;  Anestezi (Ücretli);2;TYT;17;;;;;18, 19, 64;2126393;223.80911;;
300250632;  Anestezi (Burslu);2;TYT;10;;;;;18, 19, 21, 64;792929;307.31479;;
300250835;  Anestezi (%50 Ýndirimli);2;TYT;16;;;;;18, 19, 21, 64;1404585;264.68584;;
300250483;  Ýlk ve Acil Yardým (Ücretli);2;TYT;19;;;;;18, 19, 64;2437145;206.48553;;
300250589;  Ýlk ve Acil Yardým (Burslu);2;TYT;12;;;;;18, 19, 21, 64;947042;295.11797;;
300250526;  Ýlk ve Acil Yardým (%50 Ýndirimli);2;TYT;22;;;;;18, 19, 21, 64;1871610;237.66110;;
300250641;  Radyoterapi (Ücretli);2;TYT;7;;;;;18, 19, 64;;;;
300250659;  Radyoterapi (Burslu);2;TYT;6;;;;;18, 19, 21, 64;1257044;273.87802;;
300250853;  Radyoterapi (%50 Ýndirimli);2;TYT;7;;;;;18, 19, 21, 64;2674737;188.61902;;
300250686;  Týbbi Görüntüleme Teknikleri (Ücretli);2;TYT;6;;;;;18, 19, 64;2582062;196.95094;;
300250695;  Týbbi Görüntüleme Teknikleri (Burslu);2;TYT;5;;;;;18, 19, 21, 64;810014;305.87319;;
300250914;  Týbbi Görüntüleme Teknikleri (%50 Ýndirimli);2;TYT;9;;;;;18, 19, 21, 64;2119739;224.16793;;
300290385;  Týbbi Tanýtým ve Pazarlama (Ücretli);2;TYT;10;;;;;18, 19, 64;;;;
300290384;  Týbbi Tanýtým ve Pazarlama (Burslu);2;TYT;10;;;;;18, 19, 21, 64;1806672;241.26984;;
300290387;  Týbbi Tanýtým ve Pazarlama (%50 Ýndirimli);2;TYT;10;;;;;18, 19, 21, 64;;;;
;GÝRNE ÜNÝVERSÝTESÝ (KKTC-GÝRNE);;;;;;;;;;;;
;Denizcilik Meslek Yüksekokulu;;;;;;;;;;;;
300750036;  Deniz Ulaþtýrma ve Ýþletme (Ýngilizce) (Burslu);2;TYT;5;;;;;11, 18, 19, 21, 22, 23, 24, 64;874032;300.67304;;
300790058;  Deniz Ulaþtýrma ve Ýþletme (Ýngilizce) (%50 Ýndirimli);2;TYT;25;;;;;11, 18, 19, 21, 22, 23, 24, 64;2091506;225.70487;;
300750018;  Deniz ve Liman Ýþletmeciliði (Ýngilizce) (Burslu);2;TYT;7;;;;;18, 19, 21, 22, 23, 24, 64;1297907;271.29004;;
300790059;  Deniz ve Liman Ýþletmeciliði (Ýngilizce) (%50 Ýndirimli);2;TYT;20;;;;;18, 19, 21, 22, 23, 24, 64;;;;
300790044;  Gemi Makineleri Ýþletmeciliði (Ýngilizce) (Burslu);2;TYT;5;;;;;11, 18, 19, 21, 22, 23, 24, 64;909063;297.96321;;
300790045;  Gemi Makineleri Ýþletmeciliði (Ýngilizce) (%50 Ýndirimli);2;TYT;27;;;;;11, 18, 19, 21, 22, 23, 24, 64;2117673;224.28169;;
;Havacýlýk Meslek Yüksekokulu;;;;;;;;;;;;
300790076;  Ýnsansýz Hava Aracý Teknolojisi ve Operatörlüðü (Burslu);2;TYT;2;;;;;18, 19, 21, 64;636099;321.83260;;
300790083;  Ýnsansýz Hava Aracý Teknolojisi ve Operatörlüðü (%50 Ýndirimli);2;TYT;13;;;;;18, 19, 21, 64;2473351;204.26550;;
300790056;  Sivil Hava Ulaþtýrma Ýþletmeciliði (Burslu);2;TYT;3;;;;;10, 18, 19, 21, 64;944195;295.33635;;
300790060;  Sivil Hava Ulaþtýrma Ýþletmeciliði (%50 Ýndirimli);2;TYT;17;;;;;10, 18, 19, 21, 64;2676980;188.35872;;
300790057;  Sivil Havacýlýk Kabin Hizmetleri (Burslu);2;TYT;3;;;;;10, 18, 19, 21, 64;616688;323.84658;;
300790097;  Sivil Havacýlýk Kabin Hizmetleri (%50 Ýndirimli);2;TYT;17;;;;;10, 18, 19, 21, 64;2047776;228.05778;;
;Saðlýk Hizmetleri Meslek Yüksekokulu;;;;;;;;;;;;
300750072;  Aðýz ve Diþ Saðlýðý (Burslu);2;TYT;5;;;;;18, 19, 21, 64;1029161;289.13937;;
300750081;  Aðýz ve Diþ Saðlýðý (%50 Ýndirimli);2;TYT;25;;;;;18, 19, 21, 64;2365309;210.67557;;
300750099;  Anestezi (Burslu);2;TYT;5;;;;;18, 19, 21, 64;795752;307.07371;;
300750106;  Anestezi (%50 Ýndirimli);2;TYT;25;;;;;18, 19, 21, 64;1794808;241.92577;;
300750115;  Fizyoterapi (Burslu);2;TYT;4;;;;;18, 19, 21, 64;1056796;287.19882;;
300750124;  Fizyoterapi (%50 Ýndirimli);2;TYT;21;;;;;18, 19, 21, 64;2561086;198.49616;;
300750133;  Ýlk ve Acil Yardým (Burslu);2;TYT;8;;;;;18, 19, 21, 64;960790;294.09775;;
300750142;  Ýlk ve Acil Yardým (%50 Ýndirimli);2;TYT;42;;;;;18, 19, 21, 64;2031782;228.92475;;
300750178;  Týbbi Görüntüleme Teknikleri (Burslu);2;TYT;3;;;;;18, 19, 21, 64;951097;294.81249;;
300750187;  Týbbi Görüntüleme Teknikleri (%50 Ýndirimli);2;TYT;17;;;;;18, 19, 21, 64;2228347;218.26767;;
;Teknik Bilimler Meslek Yüksekokulu;;;;;;;;;;;;
300790052;  Bilgisayar Programcýlýðý (Burslu);2;TYT;5;;;;;18, 19, 21, 64;1056088;287.25155;;
300790053;  Bilgisayar Programcýlýðý (%50 Ýndirimli);2;TYT;25;;;;;18, 19, 21, 64;2667782;189.40124;;
300790054;  Çevre Koruma ve Kontrol (Burslu);2;TYT;2;;;;;18, 19, 21, 64;1819337;240.56265;;
300790055;  Çevre Koruma ve Kontrol (%50 Ýndirimli);2;TYT;13;;;;;18, 19, 21, 64;;;;
;Turizm ve Otelcilik Meslek Yüksekokulu;;;;;;;;;;;;
300790068;  Aþçýlýk (Burslu);2;TYT;5;;;;;18, 19, 21, 64;1634030;251.07059;;
300790069;  Aþçýlýk (%50 Ýndirimli);2;TYT;25;;;;;18, 19, 21, 64;;;;
;KIBRIS AMERÝKAN ÜNÝVERSÝTESÝ (KKTC-LEFKOÞA);;;;;;;;;;;;
;Meslek Yüksekokulu;;;;;;;;;;;;
300990069;  Aþçýlýk (Ücretli);2;TYT;13;;;;;18, 19, 64;;;;
300990044;  Aþçýlýk (Burslu);2;TYT;13;;;;;18, 19, 21, 64;1752306;244.32648;;
300990046;  Aþçýlýk (%50 Ýndirimli);2;TYT;13;;;;;18, 19, 21, 64;2564728;198.23904;;
;Saðlýk Meslek Yüksekokulu;;;;;;;;;;;;
300950016;  Anestezi (Ücretli);2;TYT;10;;;;;18, 19, 64;2241961;217.52247;;
300950025;  Anestezi (Burslu);2;TYT;10;;;;;18, 19, 21, 64;894937;299.04454;;
300990060;  Anestezi (%50 Ýndirimli);2;TYT;10;;;;;18, 19, 21, 64;1838487;239.49559;;
300990061;  Eczane Hizmetleri (T.C. Vatandaþlarý) (Ücretli);2;TYT;9;;;;;18, 19, 64, 132;2339411;212.13998;;
300990054;  Eczane Hizmetleri (T.C. Vatandaþlarý) (Burslu);2;TYT;8;;;;;18, 19, 21, 64, 132;1533065;256.97092;;
300990056;  Eczane Hizmetleri (T.C. Vatandaþlarý) (%50 Ýndirimli);2;TYT;8;;;;;18, 19, 21, 64, 132;2458586;205.17980;;
300950088;  Fizyoterapi (Ücretli);2;TYT;10;;;;;18, 19, 64;;;;
300950079;  Fizyoterapi (Burslu);2;TYT;10;;;;;18, 19, 21, 64;1313399;270.31541;;
300990062;  Fizyoterapi (%50 Ýndirimli);2;TYT;10;;;;;18, 19, 21, 64;2442388;206.16985;;
300990063;  Saðlýk Kurumlarý Ýþletmeciliði (Ücretli);2;TYT;10;;;;;18, 19, 64;;;;
300950052;  Saðlýk Kurumlarý Ýþletmeciliði (Burslu);2;TYT;10;;;;;18, 19, 21, 64;1919459;235.01424;;
300990064;  Saðlýk Kurumlarý Ýþletmeciliði (%50 Ýndirimli);2;TYT;10;;;;;18, 19, 21, 64;2414708;207.82072;;
;KIBRIS AYDIN ÜNÝVERSÝTESÝ (KKTC-GÝRNE);;;;;;;;;;;;
;Havacýlýk Meslek Yüksekokulu;;;;;;;;;;;;
302000164;  Sivil Havacýlýk Kabin Hizmetleri (Burslu);2;TYT;6;;;;;10, 18, 19, 21, 64;953076;294.66804;;
302000101;  Sivil Havacýlýk Kabin Hizmetleri (%50 Ýndirimli);2;TYT;30;;;;;10, 18, 19, 21, 64;2121849;224.05416;;
;Saðlýk Hizmetleri Meslek Yüksekokulu;;;;;;;;;;;;
302000108;  Fizyoterapi (Burslu);2;TYT;7;;;;;18, 19, 21, 64;1087773;285.05596;;
302000115;  Fizyoterapi (%50 Ýndirimli);2;TYT;42;;;;;18, 19, 21, 64;2563391;198.33013;;
302000122;  Ýlk ve Acil Yardým (Burslu);2;TYT;12;;;;;18, 19, 21, 64;954807;294.54031;;
302000129;  Ýlk ve Acil Yardým (%50 Ýndirimli);2;TYT;68;;;;;18, 19, 21, 64;2043627;228.28187;;
302000136;  Optisyenlik (Burslu);2;TYT;5;;;;;18, 19, 21, 64;871274;300.89541;;
302000143;  Optisyenlik (%50 Ýndirimli);2;TYT;25;;;;;18, 19, 21, 64;2186520;220.55349;;
;Uygulamalý Bilimler Meslek Yüksekokulu;;;;;;;;;;;;
302000150;  Turist Rehberliði (Ýngilizce) (Burslu);2;TYT;27;;;;;18, 19, 21, 22, 23, 24, 64;1242422;274.81863;;
302000157;  Turist Rehberliði (Ýngilizce) (%50 Ýndirimli);2;TYT;8;;;;;18, 19, 21, 22, 23, 24, 64;;;;
;KIBRIS SAÐLIK VE TOPLUM BÝLÝMLERÝ ÜNÝVERSÝTESÝ (KKTC-GÜZELYURT);;;;;;;;;;;;
;Saðlýk Hizmetleri Meslek Yüksekokulu;;;;;;;;;;;;
301290075;  Aðýz ve Diþ Saðlýðý (Burslu);2;TYT;6;;;;;18, 19, 21, 64;984958;292.30852;;
301290076;  Aðýz ve Diþ Saðlýðý (%50 Ýndirimli);2;TYT;34;;;;;18, 19, 21, 64;2322366;213.08658;;
;LEFKE AVRUPA ÜNÝVERSÝTESÝ (KKTC-LEFKE);;;;;;;;;;;;
;Meslek Yüksekokulu;;;;;;;;;;;;
300350516;  Aþçýlýk (Burslu);2;TYT;15;;;;;18, 19, 21, 64;1558143;255.49808;;
300350534;  Aþçýlýk (%50 Ýndirimli);2;TYT;15;;;;;18, 19, 21, 64;2206946;219.44143;;
300350349;  Bilgisayar Programcýlýðý (Ýngilizce) (Burslu);2;TYT;15;;;;;18, 19, 21, 22, 23, 24, 64;1209075;276.98626;;
300350182;  Bilgisayar Programcýlýðý (Ýngilizce) (%50 Ýndirimli);2;TYT;15;;;;;18, 19, 21, 22, 23, 24, 64;2110643;224.66246;;
300390348;  Biliþim Güvenliði Teknolojisi (Ýngilizce) (Burslu);2;TYT;10;;;;;18, 19, 21, 22, 23, 24, 64;1381035;266.12421;;
300390355;  Biliþim Güvenliði Teknolojisi (Ýngilizce) (%50 Ýndirimli);2;TYT;10;;;;;18, 19, 21, 22, 23, 24, 64;2460709;205.04609;;
300390334;  Çevre Koruma ve Kontrol (Ýngilizce) (Burslu);2;TYT;7;;;;;18, 19, 21, 22, 23, 24, 64;2159354;222.03039;;
300390341;  Çevre Koruma ve Kontrol (Ýngilizce) (%50 Ýndirimli);2;TYT;8;;;;;18, 19, 21, 22, 23, 24, 64;2610056;194.76844;;
300390635;  E-Ticaret ve Pazarlama (Burslu) (Ýngilizce);2;TYT;20;;;;;18, 19, 21, 22, 23, 24, 64;...;----;;
300350376;  Ýnþaat Teknolojisi (Ýngilizce) (Burslu);2;TYT;15;;;;;18, 19, 21, 22, 23, 24, 64;2086677;225.96061;;
300350207;  Ýnþaat Teknolojisi (Ýngilizce) (%50 Ýndirimli);2;TYT;15;;;;;18, 19, 21, 22, 23, 24, 64;;;;
300390642;  Mimari Restorasyon (Ýngilizce) (Burslu);2;TYT;20;;;;;18, 19, 21, 22, 23, 24, 64;...;----;;
300390649;  Mimari Restorasyon (Ýngilizce) (%50 Ýndirimli);2;TYT;20;;;;;18, 19, 21, 22, 23, 24, 64;...;----;;
300390362;  Pastacýlýk ve Ekmekçilik (Burslu);2;TYT;7;;;;;18, 19, 21, 64;1817822;240.64678;;
300390369;  Pastacýlýk ve Ekmekçilik (%50 Ýndirimli);2;TYT;8;;;;;18, 19, 21, 64;;;;
300390656;  Sivil Havacýlýk Kabin Hizmetleri (Burslu) (Ýngilizce);2;TYT;20;;;;;10, 18, 19, 21, 22, 23, 24, 64;...;----;;
300390663;  Turizm ve Otel Ýþletmeciliði (Burslu);2;TYT;20;;;;;18, 19, 21, 64;...;----;;
300390670;  Turizm ve Otel Ýþletmeciliði (%50 Ýndirimli);2;TYT;20;;;;;18, 19, 21, 64;...;----;;
;Saðlýk Hizmetleri Meslek Yüksekokulu;;;;;;;;;;;;
300350807;  Aðýz ve Diþ Saðlýðý (Burslu);2;TYT;35;;;;;18, 19, 21, 64;1041571;288.27111;;
300350816;  Aðýz ve Diþ Saðlýðý (%50 Ýndirimli);2;TYT;35;;;;;18, 19, 21, 64;1755223;244.16191;;
300350552;  Ameliyathane Hizmetleri (Burslu);2;TYT;30;;;;;18, 19, 21, 64;1174010;279.25612;;
300350561;  Ameliyathane Hizmetleri (%50 Ýndirimli);2;TYT;30;;;;;18, 19, 21, 64;1892670;236.48487;;
300350588;  Anestezi (Burslu);2;TYT;40;;;;;18, 19, 21, 64;777090;308.68037;;
300350597;  Anestezi (%50 Ýndirimli);2;TYT;40;;;;;18, 19, 21, 64;1288475;271.88359;;
300350613;  Çocuk Geliþimi (Burslu);2;TYT;15;;;;;18, 19, 21, 64;1679722;248.44775;;
300350622;  Çocuk Geliþimi (%50 Ýndirimli);2;TYT;15;;;;;18, 19, 21, 64;2355628;211.23591;;
300350834;  Diþ Protez Teknolojisi (Burslu);2;TYT;25;;;;;18, 19, 21, 64;813781;305.54820;;
300351198;  Diþ Protez Teknolojisi (%50 Ýndirimli);2;TYT;25;;;;;18, 19, 21, 64;1125832;282.48388;;
300350649;  Diyaliz (Burslu);2;TYT;25;;;;;18, 19, 21, 64;1360500;267.40584;;
300350658;  Diyaliz (%50 Ýndirimli);2;TYT;25;;;;;18, 19, 21, 64;2167308;221.59851;;
300351223;  Eczane Hizmetleri (Burslu);2;TYT;17;;;;;18, 19, 21, 64;1434406;262.85081;;
300351232;  Eczane Hizmetleri (%50 Ýndirimli);2;TYT;18;;;;;18, 19, 21, 64;2480478;203.82367;;
300350861;  Elektronörofizyoloji (Burslu);2;TYT;17;;;;;18, 19, 21, 64;1643546;250.51950;;
300350879;  Elektronörofizyoloji (%50 Ýndirimli);2;TYT;18;;;;;18, 19, 21, 64;2681770;187.77779;;
300350419;  Fizyoterapi (Burslu);2;TYT;30;;;;;18, 19, 21, 64;1244148;274.70425;;
300351108;  Fizyoterapi (%50 Ýndirimli);2;TYT;30;;;;;18, 19, 21, 64;2119360;224.18997;;
300350437;  Ýlk ve Acil Yardým (Burslu);2;TYT;16;;;;;18, 19, 21, 64;786888;307.82673;;
300351117;  Ýlk ve Acil Yardým (%50 Ýndirimli);2;TYT;64;;;;;18, 19, 21, 64;1402467;264.81442;;
300350897;  Odyometri (Burslu);2;TYT;20;;;;;18, 19, 21, 64;1514697;258.04537;;
300350904;  Odyometri (%50 Ýndirimli);2;TYT;20;;;;;18, 19, 21, 64;2537044;200.15769;;
300350701;  Optisyenlik (Burslu);2;TYT;22;;;;;18, 19, 21, 64;1329329;269.33449;;
300350719;  Optisyenlik (%50 Ýndirimli);2;TYT;23;;;;;18, 19, 21, 64;2142567;222.93955;;
300351002;  Ortopedik Protez ve Ortez (Burslu);2;TYT;22;;;;;18, 19, 21, 64;1560784;255.34350;;
300390291;  Ortopedik Protez ve Ortez (%50 Ýndirimli);2;TYT;23;;;;;18, 19, 21, 64;2560515;198.53942;;
300350922;  Patoloji Laboratuvar Teknikleri (Burslu);2;TYT;15;;;;;18, 19, 21, 64;1416202;263.96174;;
300350931;  Patoloji Laboratuvar Teknikleri (%50 Ýndirimli);2;TYT;15;;;;;18, 19, 21, 64;2378317;209.93725;;
300350737;  Radyoterapi (Burslu);2;TYT;25;;;;;18, 19, 21, 64;1429523;263.14199;;
300350746;  Radyoterapi (%50 Ýndirimli);2;TYT;25;;;;;18, 19, 21, 64;2520718;201.24926;;
300350455;  Týbbi Dokümantasyon ve Sekreterlik (Burslu);2;TYT;17;;;;;18, 19, 21, 64;1057917;287.12236;;
300350507;  Týbbi Dokümantasyon ve Sekreterlik (%50 Ýndirimli);2;TYT;18;;;;;18, 19, 21, 64;1998513;230.72375;;
300350764;  Týbbi Görüntüleme Teknikleri (Burslu);2;TYT;40;;;;;18, 19, 21, 64;1013406;290.27387;;
300350773;  Týbbi Görüntüleme Teknikleri (%50 Ýndirimli);2;TYT;40;;;;;18, 19, 21, 64;1678276;248.52984;;
300350473;  Týbbi Laboratuvar Teknikleri (Burslu);2;TYT;22;;;;;18, 19, 21, 64;1062415;286.80983;;
300351162;  Týbbi Laboratuvar Teknikleri (%50 Ýndirimli);2;TYT;23;;;;;18, 19, 21, 64;1829044;240.02042;;
;ULUSLARARASI FÝNAL ÜNÝVERSÝTESÝ (KKTC-GÝRNE);;;;;;;;;;;;
;Meslek Yüksekokulu;;;;;;;;;;;;
301390073;  Aþçýlýk (Burslu);2;TYT;3;;;;;18, 19, 21, 64;1486834;259.71010;;
301390074;  Aþçýlýk (%50 Ýndirimli);2;TYT;17;;;;;18, 19, 21, 64;;;;
301390158;  Bilgisayar Programcýlýðý (Ýngilizce) (Burslu);2;TYT;7;;;;;18, 19, 21, 22, 23, 24, 64;1331429;269.20510;;
301390165;  Bilgisayar Programcýlýðý (Ýngilizce) (%50 Ýndirimli);2;TYT;33;;;;;18, 19, 21, 22, 23, 24, 64;;;;
;ULUSLARARASI KIBRIS ÜNÝVERSÝTESÝ (KKTC-LEFKOÞA);;;;;;;;;;;;
;Meslek Yüksekokulu;;;;;;;;;;;;
300450312;  Bilgisayar Programcýlýðý (Ýngilizce) (Burslu);2;TYT;5;;;;;18, 19, 21, 22, 23, 24, 64;1259244;273.73599;;
300490487;  Bilgisayar Programcýlýðý (Ýngilizce) (%50 Ýndirimli);2;TYT;25;;;;;18, 19, 21, 22, 23, 24, 64;;;;
;Saðlýk Bilimleri Meslek Yüksekokulu;;;;;;;;;;;;
300450348;  Anestezi (Ücretli);2;TYT;9;;;;;18, 19, 64;1870397;237.73328;;
300450357;  Anestezi (Burslu);2;TYT;9;;;;;18, 19, 21, 64;798464;306.84435;;
300450436;  Anestezi (%50 Ýndirimli);2;TYT;37;;;;;18, 19, 21, 64;1776550;242.96510;;
300490447;  Çocuk Geliþimi (Burslu);2;TYT;5;;;;;18, 19, 21, 64;1371692;266.69446;;
300490473;  Çocuk Geliþimi (%50 Ýndirimli);2;TYT;15;;;;;18, 19, 21, 64;2647951;191.43681;;
300450515;  Ýlk ve Acil Yardým (Ücretli);2;TYT;40;;;;;18, 19, 64;2409903;208.09718;;
300450524;  Ýlk ve Acil Yardým (Burslu);2;TYT;12;;;;;18, 19, 21, 64;891352;299.32068;;
300450542;  Ýlk ve Acil Yardým (%50 Ýndirimli);2;TYT;28;;;;;18, 19, 21, 64;1783851;242.54329;;
;YAKIN DOÐU ÜNÝVERSÝTESÝ (KKTC-LEFKOÞA);;;;;;;;;;;;
;Meslek Yüksekokulu;;;;;;;;;;;;
300551027;  Alternatif Enerji Kaynaklarý Teknolojisi (Burslu);2;TYT;3;;;;;18, 19, 21, 64;1612845;252.30283;;
300590395;  Alternatif Enerji Kaynaklarý Teknolojisi (%50 Ýndirimli);2;TYT;7;;;;;18, 19, 21, 64;2628326;193.22644;;
300550868;  Bankacýlýk ve Sigortacýlýk (Burslu);2;TYT;7;;;;;18, 19, 21, 64;1593770;253.41960;;
300590396;  Bankacýlýk ve Sigortacýlýk (%50 Ýndirimli);2;TYT;15;;;;;18, 19, 21, 64;2451557;205.61301;;
300550577;  Bankacýlýk ve Sigortacýlýk (Ýngilizce) (Burslu);2;TYT;3;;;;;18, 19, 21, 22, 23, 24, 64;1767003;243.49905;;
300590397;  Bankacýlýk ve Sigortacýlýk (Ýngilizce) (%50 Ýndirimli);2;TYT;7;;;;;18, 19, 21, 22, 23, 24, 64;;;;
300551045;  Bilgisayar Destekli Tasarým ve Animasyon (Burslu);2;TYT;3;;;;;18, 19, 21, 64;1362580;267.27682;;
300590398;  Bilgisayar Destekli Tasarým ve Animasyon (%50 Ýndirimli);2;TYT;7;;;;;18, 19, 21, 64;2220812;218.68186;;
300550929;  Bilgisayar Programcýlýðý (Burslu);2;TYT;11;;;;;18, 19, 21, 64;1054278;287.37898;;
300590399;  Bilgisayar Programcýlýðý (%50 Ýndirimli);2;TYT;29;;;;;18, 19, 21, 64;2707733;184.10213;;
300551063;  Dýþ Ticaret (Burslu);2;TYT;3;;;;;18, 19, 21, 64;1292816;271.61160;;
300590400;  Dýþ Ticaret (%50 Ýndirimli);2;TYT;7;;;;;18, 19, 21, 64;2065861;227.08007;;
300550629;  Elektronik Teknolojisi (Ýngilizce) (Burslu);2;TYT;3;;;;;18, 19, 21, 22, 23, 24, 64;1497774;259.05331;;
300590401;  Elektronik Teknolojisi (Ýngilizce) (%50 Ýndirimli);2;TYT;7;;;;;18, 19, 21, 22, 23, 24, 64;2647710;191.45893;;
300551081;  Fotoðrafçýlýk ve Kameramanlýk (Burslu);2;TYT;3;;;;;18, 19, 21, 64;1930207;234.42949;;
300590402;  Fotoðrafçýlýk ve Kameramanlýk (%50 Ýndirimli);2;TYT;7;;;;;18, 19, 21, 64;2632922;192.83184;;
300551124;  Grafik Tasarýmý (Burslu);2;TYT;8;;;;;18, 19, 21, 64;1351633;267.95688;;
300590403;  Grafik Tasarýmý (%50 Ýndirimli);2;TYT;16;;;;;18, 19, 21, 64;;;;
300550638;  Ýnþaat Teknolojisi (Burslu);2;TYT;8;;;;;18, 19, 21, 64;1448402;262.01135;;
300590404;  Ýnþaat Teknolojisi (%50 Ýndirimli);2;TYT;16;;;;;18, 19, 21, 64;2568952;197.93191;;
300550656;  Ýnþaat Teknolojisi (Ýngilizce) (Burslu);2;TYT;10;;;;;18, 19, 21, 22, 23, 24, 64;2130100;223.60802;;
300590405;  Ýnþaat Teknolojisi (Ýngilizce) (%50 Ýndirimli);2;TYT;10;;;;;18, 19, 21, 22, 23, 24, 64;;;;
300551142;  Mimari Restorasyon (Burslu);2;TYT;4;;;;;18, 19, 21, 64;1664026;249.34815;;
300590406;  Mimari Restorasyon (%50 Ýndirimli);2;TYT;11;;;;;18, 19, 21, 64;2606446;195.07053;;
300550692;  Otomotiv Teknolojisi (Burslu);2;TYT;7;;;;;18, 19, 21, 64;1268849;273.11946;;
300590407;  Otomotiv Teknolojisi (%50 Ýndirimli);2;TYT;13;;;;;18, 19, 21, 64;2139253;223.11434;;
300550965;  Radyo ve Televizyon Teknolojisi (Burslu);2;TYT;3;;;;;18, 19, 21, 64;1685646;248.10624;;
300590408;  Radyo ve Televizyon Teknolojisi (%50 Ýndirimli);2;TYT;7;;;;;18, 19, 21, 64;2739639;176.11897;;
300551309;  Saç Bakýmý ve Güzellik Hizmetleri (Burslu);2;TYT;6;;;;;18, 19, 21, 64;1322599;269.75252;;
300590409;  Saç Bakýmý ve Güzellik Hizmetleri (%50 Ýndirimli);2;TYT;18;;;;;18, 19, 21, 64;2315737;213.46315;;
300550726;  Turizm ve Otel Ýþletmeciliði (Ýngilizce) (Burslu);2;TYT;8;;;;;18, 19, 21, 22, 23, 24, 64;1383205;265.99833;;
300590410;  Turizm ve Otel Ýþletmeciliði (Ýngilizce) (%50 Ýndirimli);2;TYT;12;;;;;18, 19, 21, 22, 23, 24, 64;;;;
;Saðlýk Hizmetleri Meslek Yüksekokulu;;;;;;;;;;;;
300550753;  Aðýz ve Diþ Saðlýðý (Burslu);2;TYT;11;;;;;18, 19, 21, 64;1036225;288.64310;;
300550435;  Aðýz ve Diþ Saðlýðý (%50 Ýndirimli);2;TYT;29;;;;;18, 19, 21, 64;2185061;220.63373;;
300590344;  Aðýz ve Diþ Saðlýðý (Ýngilizce) (Burslu);2;TYT;7;;;;;18, 19, 21, 22, 23, 24, 64;1244580;274.67690;;
300590345;  Aðýz ve Diþ Saðlýðý (Ýngilizce) (%50 Ýndirimli);2;TYT;23;;;;;18, 19, 21, 22, 23, 24, 64;2711894;183.38870;;
300550762;  Ameliyathane Hizmetleri (Burslu);2;TYT;11;;;;;18, 19, 21, 64;1122829;282.68498;;
300550408;  Ameliyathane Hizmetleri (%50 Ýndirimli);2;TYT;29;;;;;18, 19, 21, 64;2384328;209.58671;;
300550771;  Anestezi (Burslu);2;TYT;16;;;;;18, 19, 21, 64;719567;313.80069;;
300550356;  Anestezi (%50 Ýndirimli);2;TYT;50;;;;;18, 19, 21, 64;1549867;255.98488;;
300550947;  Biyomedikal Cihaz Teknolojisi (Burslu);2;TYT;11;;;;;18, 19, 21, 64;1712185;246.59845;;
300590412;  Biyomedikal Cihaz Teknolojisi (%50 Ýndirimli);2;TYT;11;;;;;18, 19, 21, 64;;;;
300550789;  Çocuk Geliþimi (Burslu);2;TYT;9;;;;;18, 19, 21, 64;1374670;266.51050;;
300590421;  Çocuk Geliþimi (%50 Ýndirimli);2;TYT;21;;;;;18, 19, 21, 64;;;;
300550886;  Diyaliz (Burslu);2;TYT;13;;;;;18, 19, 21, 64;1381559;266.09421;;
300550895;  Diyaliz (%50 Ýndirimli);2;TYT;32;;;;;18, 19, 21, 64;;;;
300550798;  Eczane Hizmetleri (Burslu);2;TYT;6;;;;;18, 19, 21, 64;1172783;279.33538;;
300590413;  Eczane Hizmetleri (%50 Ýndirimli);2;TYT;14;;;;;18, 19, 21, 64;2396168;208.89418;;
300551187;  Elektronörofizyoloji (Burslu);2;TYT;20;;;;;18, 19, 21, 64;1684198;248.18890;;
300551196;  Elektronörofizyoloji (%50 Ýndirimli);2;TYT;12;;;;;18, 19, 21, 64;;;;
300551203;  Fizyoterapi (Burslu);2;TYT;15;;;;;18, 19, 21, 64;1091171;284.82925;;
300551212;  Fizyoterapi (%50 Ýndirimli);2;TYT;35;;;;;18, 19, 21, 64;2548777;199.36807;;
300550805;  Ýlk ve Acil Yardým (Burslu);2;TYT;12;;;;;18, 19, 21, 64;822700;304.81698;;
300550347;  Ýlk ve Acil Yardým (%50 Ýndirimli);2;TYT;68;;;;;18, 19, 21, 64;1796182;241.84794;;
300590342;  Ýlk ve Acil Yardým (Ýngilizce) (Burslu);2;TYT;10;;;;;18, 19, 21, 22, 23, 24, 64;1041798;288.25564;;
300590343;  Ýlk ve Acil Yardým (Ýngilizce) (%50 Ýndirimli);2;TYT;30;;;;;18, 19, 21, 22, 23, 24, 64;2414328;207.84278;;
300551424;  Ýþ Saðlýðý ve Güvenliði (Burslu);2;TYT;5;;;;;18, 19, 21, 64;1612706;252.31233;;
300590414;  Ýþ Saðlýðý ve Güvenliði (%50 Ýndirimli);2;TYT;5;;;;;18, 19, 21, 64;2322797;213.06405;;
300551221;  Laborant ve Veteriner Saðlýk (Burslu);2;TYT;15;;;;;18, 19, 21, 64;1384454;265.92047;;
300590415;  Laborant ve Veteriner Saðlýk (%50 Ýndirimli);2;TYT;35;;;;;18, 19, 21, 64;2526731;200.84908;;
300550814;  Odyometri (Burslu);2;TYT;15;;;;;18, 19, 21, 64;1418855;263.79357;;
300550329;  Odyometri (%50 Ýndirimli);2;TYT;27;;;;;18, 19, 21, 64;;;;
300551284;  Patoloji Laboratuvar Teknikleri (Burslu);2;TYT;20;;;;;18, 19, 21, 64;1537631;256.70528;;
300590416;  Patoloji Laboratuvar Teknikleri (%50 Ýndirimli);2;TYT;22;;;;;18, 19, 21, 64;;;;
300550902;  Radyoterapi (Burslu);2;TYT;20;;;;;18, 19, 21, 64;1458765;261.38592;;
300590417;  Radyoterapi (%50 Ýndirimli);2;TYT;20;;;;;18, 19, 21, 64;;;;
300550823;  Týbbi Dokümantasyon ve Sekreterlik (Burslu);2;TYT;10;;;;;18, 19, 21, 64;1098430;284.33855;;
300590418;  Týbbi Dokümantasyon ve Sekreterlik (%50 Ýndirimli);2;TYT;25;;;;;18, 19, 21, 64;2366539;210.60247;;
300550983;  Týbbi Görüntüleme Teknikleri (Burslu);2;TYT;12;;;;;18, 19, 21, 64;938423;295.76718;;
300550992;  Týbbi Görüntüleme Teknikleri (%50 Ýndirimli);2;TYT;43;;;;;18, 19, 21, 64;2165187;221.71147;;
300550841;  Týbbi Laboratuvar Teknikleri (Burslu);2;TYT;9;;;;;18, 19, 21, 64;1071948;286.14356;;
300550417;  Týbbi Laboratuvar Teknikleri (%50 Ýndirimli);2;TYT;31;;;;;18, 19, 21, 64;2367161;210.56660;;
300550859;  Yaþlý Bakýmý (Burslu);2;TYT;7;;;;;18, 19, 21, 64;1365241;267.10754;;
300590419;  Yaþlý Bakýmý (%50 Ýndirimli);2;TYT;8;;;;;18, 19, 21, 64;2389022;209.31369;;
;Turizm ve Otel Ýþletmeciliði Meslek Yüksekokulu;;;;;;;;;;;;
300551009;  Aþçýlýk (Burslu);2;TYT;11;;;;;18, 19, 21, 64;1583311;254.03241;;
300590420;  Aþçýlýk (%50 Ýndirimli);2;TYT;31;;;;;18, 19, 21, 64;;;;
